Time,Temp_2m_max
2001-06-01,31.241484
2001-06-02,30.90344
2001-06-03,31.110367
2001-06-04,30.721869
2001-06-05,30.608717
2001-06-06,31.099512
2001-06-07,30.457306
2001-06-08,29.390833
2001-06-09,28.964264
2001-06-10,29.05686
2001-06-11,29.58921
2001-06-12,28.822342
2001-06-13,27.883429
2001-06-14,26.096182
2001-06-15,24.594963
2001-06-16,23.492998
2001-06-17,24.017786
2001-06-18,24.73979
2001-06-19,26.812216
2001-06-20,27.618345
2001-06-21,27.407503
2001-06-22,27.410147
2001-06-23,27.600609
2001-06-24,27.993841
2001-06-25,27.627693
2001-06-26,27.611605
2001-06-27,27.632555
2001-06-28,27.791056
2001-06-29,27.499784
2001-06-30,25.491903
2001-07-01,24.82215
2001-07-02,24.050592
2001-07-03,24.557367
2001-07-04,25.465912
2001-07-05,26.434824
2001-07-06,27.071577
2001-07-07,27.323141
2001-07-08,26.667288
2001-07-09,25.970518
2001-07-10,24.542368
2001-07-11,25.364878
2001-07-12,26.030134
2001-07-13,25.169302
2001-07-14,25.572136
2001-07-15,25.487198
2001-07-16,25.18332
2001-07-17,24.862173
2001-07-18,24.88038
2001-07-19,25.367743
2001-07-20,25.265955
2001-07-21,23.926895
2001-07-22,24.11415
2001-07-23,24.859186
2001-07-24,25.08654
2001-07-25,26.200844
2001-07-26,26.316828
2001-07-27,26.174782
2001-07-28,26.201971
2001-07-29,26.206007
2001-07-30,25.856436
2001-07-31,26.29746
2001-08-01,26.306496
2001-08-02,25.998756
2001-08-03,26.373856
2001-08-04,26.208231
2001-08-05,24.707067
2001-08-06,25.095194
2001-08-07,24.707672
2001-08-08,25.42327
2001-08-09,25.800003
2001-08-10,25.47434
2001-08-11,25.238485
2001-08-12,24.486506
2001-08-13,25.35953
2001-08-14,24.802542
2001-08-15,24.773697
2001-08-16,23.450064
2001-08-17,24.209366
2001-08-18,25.37903
2001-08-19,25.170832
2001-08-20,25.269508
2001-08-21,25.270432
2001-08-22,25.486366
2001-08-23,25.89007
2001-08-24,25.305681
2001-08-25,25.094788
2001-08-26,25.676271
2001-08-27,25.435516
2001-08-28,25.612173
2001-08-29,25.424164
2001-08-30,25.235907
2001-08-31,25.35379
2001-09-01,25.94018
2001-09-02,26.135832
2001-09-03,26.407969
2001-09-04,25.622375
2001-09-05,25.304613
2001-09-06,25.406656
2001-09-07,25.723745
2001-09-08,26.880594
2001-09-09,27.19638
2001-09-10,26.670212
2001-09-11,26.559168
2001-09-12,26.596199
2001-09-13,26.869436
2001-09-14,27.36101
2001-09-15,27.846985
2001-09-16,27.928268
2001-09-17,27.93573
2001-09-18,27.554846
2001-09-19,27.489372
2001-09-20,27.328089
2001-09-21,28.660456
2001-09-22,29.13489
2001-09-23,29.346273
2001-09-24,28.858673
2001-09-25,28.956106
2001-09-26,29.348022
2001-09-27,29.235823
2001-09-28,29.291456
2001-09-29,29.038897
2001-09-30,29.733208
2001-10-01,28.108816
2001-10-02,27.883423
2001-10-03,27.082703
2001-10-04,26.89063
2001-10-05,26.709404
2001-10-06,26.839472
2001-10-07,27.761925
2001-10-08,27.973618
2001-10-09,27.543945
2001-10-10,26.476793
2001-10-11,25.168528
2001-10-12,25.812042
2001-10-13,26.462698
2001-10-14,27.103851
2001-10-15,26.782125
2001-10-16,25.806463
2001-10-17,25.386843
2001-10-18,24.894438
2001-10-19,25.697031
2001-10-20,26.61474
2001-10-21,26.954315
2001-10-22,27.112528
2001-10-23,26.877737
2001-10-24,26.843712
2001-10-25,27.376617
2001-10-26,27.54859
2001-10-27,27.815422
2001-10-28,27.59052
2001-10-29,26.812323
2001-10-30,26.491226
2001-10-31,27.102789
2001-11-01,27.852594
2001-11-02,28.173975
2001-11-03,27.084677
2001-11-04,26.411661
2001-11-05,26.70223
2001-11-06,26.868784
2001-11-07,26.548004
2001-11-08,25.838379
2001-11-09,23.754288
2001-11-10,23.02124
2001-11-11,22.888514
2001-11-12,22.562088
2001-11-13,22.500616
2001-11-14,22.854666
2001-11-15,23.551996
2001-11-16,24.734228
2001-11-17,26.168365
2001-11-18,26.455055
2001-11-19,25.391907
2001-11-20,23.409561
2001-11-21,22.355707
2001-11-22,22.607443
2001-11-23,22.456156
2001-11-24,21.836464
2001-11-25,20.992434
2001-11-26,20.537872
2001-11-27,20.879015
2001-11-28,20.267656
2001-11-29,20.02113
2001-11-30,19.51043
2002-06-01,32.437473
2002-06-02,31.704473
2002-06-03,31.904633
2002-06-04,31.23825
2002-06-05,31.330086
2002-06-06,31.622488
2002-06-07,31.354235
2002-06-08,32.385715
2002-06-09,33.373295
2002-06-10,32.914738
2002-06-11,34.324863
2002-06-12,33.54763
2002-06-13,32.29311
2002-06-14,30.939102
2002-06-15,30.987478
2002-06-16,31.651947
2002-06-17,30.690931
2002-06-18,29.923838
2002-06-19,30.44744
2002-06-20,29.864447
2002-06-21,28.814226
2002-06-22,29.574106
2002-06-23,29.245657
2002-06-24,26.35932
2002-06-25,27.249537
2002-06-26,26.596289
2002-06-27,25.841017
2002-06-28,24.984406
2002-06-29,24.670187
2002-06-30,26.71965
2002-07-01,27.350595
2002-07-02,27.465424
2002-07-03,27.420835
2002-07-04,27.123222
2002-07-05,27.500132
2002-07-06,27.395775
2002-07-07,27.162964
2002-07-08,27.211313
2002-07-09,27.38292
2002-07-10,27.400602
2002-07-11,27.234716
2002-07-12,27.957237
2002-07-13,28.114756
2002-07-14,27.756477
2002-07-15,28.012823
2002-07-16,27.823755
2002-07-17,28.477783
2002-07-18,25.929955
2002-07-19,24.417067
2002-07-20,24.984787
2002-07-21,24.285673
2002-07-22,26.29453
2002-07-23,26.494682
2002-07-24,26.79248
2002-07-25,26.249899
2002-07-26,26.134314
2002-07-27,26.712646
2002-07-28,26.990479
2002-07-29,27.20542
2002-07-30,27.059708
2002-07-31,27.984777
2002-08-01,25.676939
2002-08-02,25.97576
2002-08-03,25.239584
2002-08-04,25.12148
2002-08-05,24.036646
2002-08-06,24.26544
2002-08-07,24.342009
2002-08-08,24.152224
2002-08-09,24.188192
2002-08-10,24.85257
2002-08-11,25.10441
2002-08-12,24.815842
2002-08-13,25.039103
2002-08-14,25.583635
2002-08-15,25.348906
2002-08-16,23.122736
2002-08-17,23.152273
2002-08-18,23.629639
2002-08-19,23.927475
2002-08-20,24.071558
2002-08-21,25.228079
2002-08-22,25.580496
2002-08-23,25.138016
2002-08-24,24.92476
2002-08-25,24.233118
2002-08-26,25.04339
2002-08-27,25.149595
2002-08-28,24.86825
2002-08-29,25.161005
2002-08-30,23.698584
2002-08-31,24.231112
2002-09-01,24.867376
2002-09-02,25.22431
2002-09-03,24.058966
2002-09-04,23.654139
2002-09-05,24.778069
2002-09-06,25.31338
2002-09-07,24.404663
2002-09-08,23.746416
2002-09-09,24.418701
2002-09-10,24.753908
2002-09-11,25.373274
2002-09-12,25.231302
2002-09-13,24.497065
2002-09-14,24.536306
2002-09-15,24.900404
2002-09-16,24.57572
2002-09-17,24.448793
2002-09-18,24.281471
2002-09-19,24.937048
2002-09-20,26.011927
2002-09-21,26.609724
2002-09-22,27.233541
2002-09-23,27.114492
2002-09-24,26.55021
2002-09-25,26.268137
2002-09-26,26.646368
2002-09-27,27.106781
2002-09-28,27.282026
2002-09-29,27.298334
2002-09-30,27.850418
2002-10-01,27.999075
2002-10-02,28.184992
2002-10-03,28.129557
2002-10-04,27.58747
2002-10-05,27.749786
2002-10-06,28.399155
2002-10-07,29.40303
2002-10-08,29.04683
2002-10-09,28.457594
2002-10-10,28.057775
2002-10-11,28.11882
2002-10-12,27.831663
2002-10-13,27.698862
2002-10-14,27.570702
2002-10-15,27.300894
2002-10-16,26.065935
2002-10-17,25.788698
2002-10-18,26.766958
2002-10-19,27.250229
2002-10-20,27.274054
2002-10-21,27.245684
2002-10-22,26.982018
2002-10-23,26.552612
2002-10-24,26.006952
2002-10-25,25.685196
2002-10-26,24.982721
2002-10-27,25.54508
2002-10-28,25.85994
2002-10-29,26.066397
2002-10-30,26.200132
2002-10-31,26.67604
2002-11-01,26.8598
2002-11-02,26.432838
2002-11-03,26.359648
2002-11-04,26.247095
2002-11-05,26.30021
2002-11-06,24.314348
2002-11-07,24.250875
2002-11-08,24.310472
2002-11-09,24.404383
2002-11-10,24.206375
2002-11-11,22.993475
2002-11-12,22.468496
2002-11-13,23.293106
2002-11-14,23.607965
2002-11-15,23.837778
2002-11-16,23.54303
2002-11-17,23.012068
2002-11-18,23.158188
2002-11-19,23.665388
2002-11-20,24.24143
2002-11-21,24.211494
2002-11-22,23.609055
2002-11-23,23.514708
2002-11-24,24.144743
2002-11-25,24.266657
2002-11-26,24.432962
2002-11-27,24.394485
2002-11-28,23.691717
2002-11-29,22.895401
2002-11-30,21.563238
2003-06-01,35.194016
2003-06-02,35.33923
2003-06-03,34.92887
2003-06-04,34.145527
2003-06-05,32.514805
2003-06-06,31.856989
2003-06-07,32.306194
2003-06-08,32.754566
2003-06-09,33.01119
2003-06-10,33.113335
2003-06-11,32.905376
2003-06-12,32.784718
2003-06-13,32.36529
2003-06-14,31.728655
2003-06-15,30.79275
2003-06-16,29.805405
2003-06-17,28.41601
2003-06-18,28.389618
2003-06-19,26.03103
2003-06-20,25.003098
2003-06-21,25.827765
2003-06-22,24.121447
2003-06-23,26.340843
2003-06-24,27.299438
2003-06-25,26.922241
2003-06-26,26.393112
2003-06-27,27.582651
2003-06-28,26.310095
2003-06-29,26.23243
2003-06-30,27.198267
2003-07-01,27.332527
2003-07-02,25.81497
2003-07-03,27.160202
2003-07-04,26.522665
2003-07-05,25.923264
2003-07-06,26.357565
2003-07-07,25.74906
2003-07-08,25.899046
2003-07-09,26.107183
2003-07-10,26.613861
2003-07-11,26.14871
2003-07-12,26.301321
2003-07-13,26.781527
2003-07-14,26.66626
2003-07-15,25.701744
2003-07-16,24.87831
2003-07-17,26.034262
2003-07-18,26.149755
2003-07-19,26.415045
2003-07-20,26.471275
2003-07-21,25.671736
2003-07-22,25.582367
2003-07-23,24.15007
2003-07-24,24.5251
2003-07-25,24.762426
2003-07-26,25.994177
2003-07-27,23.996712
2003-07-28,24.186836
2003-07-29,26.053001
2003-07-30,26.323786
2003-07-31,25.877714
2003-08-01,25.90777
2003-08-02,25.445944
2003-08-03,24.006866
2003-08-04,24.077154
2003-08-05,24.61141
2003-08-06,26.037262
2003-08-07,26.460146
2003-08-08,26.438116
2003-08-09,25.841864
2003-08-10,25.526695
2003-08-11,25.386229
2003-08-12,25.006262
2003-08-13,25.49822
2003-08-14,24.542673
2003-08-15,25.57968
2003-08-16,25.199976
2003-08-17,25.904074
2003-08-18,25.793047
2003-08-19,25.57585
2003-08-20,25.979166
2003-08-21,26.262701
2003-08-22,26.648779
2003-08-23,24.973276
2003-08-24,23.14547
2003-08-25,24.270346
2003-08-26,24.633577
2003-08-27,24.971487
2003-08-28,24.482302
2003-08-29,24.81988
2003-08-30,23.724907
2003-08-31,24.15187
2003-09-01,24.596502
2003-09-02,23.884298
2003-09-03,24.42028
2003-09-04,24.9148
2003-09-05,24.791052
2003-09-06,24.99595
2003-09-07,25.108042
2003-09-08,24.891455
2003-09-09,24.752058
2003-09-10,25.103012
2003-09-11,24.903788
2003-09-12,24.894241
2003-09-13,24.667337
2003-09-14,25.043686
2003-09-15,23.669306
2003-09-16,24.721542
2003-09-17,25.023203
2003-09-18,25.03103
2003-09-19,24.932482
2003-09-20,24.931597
2003-09-21,24.1644
2003-09-22,24.828955
2003-09-23,24.602814
2003-09-24,25.04986
2003-09-25,25.316132
2003-09-26,25.68901
2003-09-27,25.469252
2003-09-28,24.206015
2003-09-29,24.62731
2003-09-30,25.486746
2003-10-01,25.583193
2003-10-02,25.886703
2003-10-03,25.67333
2003-10-04,24.01941
2003-10-05,23.365881
2003-10-06,25.049719
2003-10-07,25.918676
2003-10-08,25.768404
2003-10-09,25.478476
2003-10-10,25.665506
2003-10-11,25.229729
2003-10-12,25.16542
2003-10-13,25.412104
2003-10-14,25.137182
2003-10-15,24.810114
2003-10-16,24.124533
2003-10-17,24.043402
2003-10-18,24.865385
2003-10-19,25.737478
2003-10-20,25.207933
2003-10-21,24.38354
2003-10-22,24.52376
2003-10-23,24.352407
2003-10-24,23.43545
2003-10-25,23.841818
2003-10-26,23.755287
2003-10-27,23.915894
2003-10-28,23.992233
2003-10-29,25.845907
2003-10-30,26.085022
2003-10-31,26.353495
2003-11-01,26.000647
2003-11-02,26.455755
2003-11-03,26.708246
2003-11-04,25.855951
2003-11-05,25.767984
2003-11-06,26.0823
2003-11-07,25.96795
2003-11-08,25.582596
2003-11-09,25.41092
2003-11-10,24.644995
2003-11-11,23.863113
2003-11-12,23.169283
2003-11-13,22.53041
2003-11-14,22.466265
2003-11-15,23.260773
2003-11-16,23.313894
2003-11-17,23.502304
2003-11-18,24.364904
2003-11-19,24.528753
2003-11-20,24.654028
2003-11-21,24.200043
2003-11-22,24.559898
2003-11-23,23.802185
2003-11-24,23.646677
2003-11-25,23.656347
2003-11-26,23.460653
2003-11-27,24.191591
2003-11-28,24.260519
2003-11-29,24.199865
2003-11-30,23.503319
2004-06-01,34.40088
2004-06-02,34.32136
2004-06-03,33.74247
2004-06-04,33.130672
2004-06-05,33.05165
2004-06-06,32.934555
2004-06-07,31.464478
2004-06-08,29.945932
2004-06-09,28.29357
2004-06-10,28.294533
2004-06-11,28.087646
2004-06-12,27.741577
2004-06-13,29.012726
2004-06-14,27.638205
2004-06-15,26.507517
2004-06-16,25.336359
2004-06-17,26.868586
2004-06-18,27.312525
2004-06-19,27.845581
2004-06-20,27.651606
2004-06-21,27.808945
2004-06-22,27.745401
2004-06-23,27.709106
2004-06-24,27.589125
2004-06-25,27.451714
2004-06-26,27.893164
2004-06-27,28.355764
2004-06-28,28.617987
2004-06-29,28.641531
2004-06-30,28.262964
2004-07-01,28.500986
2004-07-02,28.680243
2004-07-03,29.011757
2004-07-04,27.768393
2004-07-05,26.371927
2004-07-06,26.457952
2004-07-07,25.97336
2004-07-08,26.512476
2004-07-09,27.348663
2004-07-10,27.437187
2004-07-11,27.695086
2004-07-12,27.971466
2004-07-13,28.18249
2004-07-14,28.031754
2004-07-15,29.017008
2004-07-16,27.902304
2004-07-17,25.185286
2004-07-18,25.758583
2004-07-19,26.193079
2004-07-20,27.035776
2004-07-21,26.833633
2004-07-22,27.130865
2004-07-23,27.65535
2004-07-24,27.761168
2004-07-25,26.166082
2004-07-26,24.00083
2004-07-27,23.463327
2004-07-28,23.785233
2004-07-29,24.880278
2004-07-30,23.713385
2004-07-31,22.499468
2004-08-01,23.693651
2004-08-02,24.700369
2004-08-03,24.819315
2004-08-04,26.292685
2004-08-05,25.22374
2004-08-06,23.922342
2004-08-07,24.560293
2004-08-08,24.887022
2004-08-09,24.160637
2004-08-10,23.125525
2004-08-11,23.22232
2004-08-12,22.790306
2004-08-13,23.797318
2004-08-14,22.912912
2004-08-15,22.724813
2004-08-16,23.204077
2004-08-17,25.064459
2004-08-18,25.33024
2004-08-19,25.031265
2004-08-20,24.998367
2004-08-21,24.894545
2004-08-22,23.683126
2004-08-23,22.60721
2004-08-24,23.042788
2004-08-25,24.549002
2004-08-26,25.219345
2004-08-27,25.00567
2004-08-28,25.08961
2004-08-29,25.0314
2004-08-30,24.79223
2004-08-31,24.452843
2004-09-01,24.667418
2004-09-02,25.389368
2004-09-03,25.815832
2004-09-04,26.132116
2004-09-05,25.670013
2004-09-06,27.076696
2004-09-07,28.049255
2004-09-08,28.112207
2004-09-09,26.94665
2004-09-10,25.794062
2004-09-11,25.142237
2004-09-12,25.58599
2004-09-13,26.158243
2004-09-14,26.200998
2004-09-15,25.758324
2004-09-16,26.02237
2004-09-17,26.394602
2004-09-18,27.07369
2004-09-19,27.703356
2004-09-20,27.579885
2004-09-21,27.678381
2004-09-22,27.800459
2004-09-23,27.481607
2004-09-24,26.85742
2004-09-25,26.768494
2004-09-26,27.191332
2004-09-27,28.036606
2004-09-28,28.90953
2004-09-29,28.037912
2004-09-30,28.254278
2004-10-01,27.632414
2004-10-02,26.63713
2004-10-03,26.758585
2004-10-04,26.386368
2004-10-05,25.792383
2004-10-06,25.859686
2004-10-07,26.136978
2004-10-08,25.954683
2004-10-09,26.49048
2004-10-10,26.191833
2004-10-11,25.480536
2004-10-12,25.247183
2004-10-13,25.445185
2004-10-14,25.127783
2004-10-15,24.549086
2004-10-16,24.340307
2004-10-17,24.585032
2004-10-18,24.960257
2004-10-19,24.888632
2004-10-20,24.983938
2004-10-21,25.339956
2004-10-22,26.127909
2004-10-23,26.459795
2004-10-24,26.617483
2004-10-25,26.004477
2004-10-26,25.350748
2004-10-27,25.4077
2004-10-28,25.306381
2004-10-29,24.789892
2004-10-30,24.523138
2004-10-31,24.683165
2004-11-01,24.453829
2004-11-02,24.760916
2004-11-03,24.856567
2004-11-04,23.69278
2004-11-05,22.58795
2004-11-06,22.300781
2004-11-07,23.09961
2004-11-08,24.191383
2004-11-09,25.09664
2004-11-10,24.440954
2004-11-11,24.852951
2004-11-12,25.369638
2004-11-13,25.358297
2004-11-14,25.68389
2004-11-15,25.387085
2004-11-16,24.697702
2004-11-17,24.459646
2004-11-18,24.22007
2004-11-19,24.491934
2004-11-20,24.435938
2004-11-21,23.75292
2004-11-22,23.715017
2004-11-23,23.676397
2004-11-24,24.024435
2004-11-25,23.42576
2004-11-26,23.76639
2004-11-27,23.593925
2004-11-28,23.11854
2004-11-29,21.673676
2004-11-30,21.483133
2005-06-01,35.85364
2005-06-02,34.89901
2005-06-03,33.711426
2005-06-04,33.47201
2005-06-05,34.25784
2005-06-06,33.907635
2005-06-07,32.8927
2005-06-08,33.232777
2005-06-09,32.444164
2005-06-10,33.223495
2005-06-11,33.968693
2005-06-12,33.760025
2005-06-13,33.381256
2005-06-14,32.739883
2005-06-15,33.557278
2005-06-16,33.575016
2005-06-17,34.06375
2005-06-18,33.238857
2005-06-19,31.814112
2005-06-20,32.401047
2005-06-21,32.34837
2005-06-22,31.311493
2005-06-23,29.58756
2005-06-24,27.815374
2005-06-25,27.351557
2005-06-26,26.187454
2005-06-27,24.99264
2005-06-28,25.544022
2005-06-29,24.736938
2005-06-30,25.44782
2005-07-01,24.543692
2005-07-02,24.33844
2005-07-03,24.76409
2005-07-04,25.802343
2005-07-05,26.006464
2005-07-06,26.764511
2005-07-07,27.29273
2005-07-08,26.48346
2005-07-09,26.295639
2005-07-10,27.295923
2005-07-11,26.857615
2005-07-12,25.146067
2005-07-13,26.669683
2005-07-14,26.743761
2005-07-15,26.320166
2005-07-16,26.619223
2005-07-17,26.647675
2005-07-18,27.801765
2005-07-19,28.25032
2005-07-20,27.754282
2005-07-21,28.008804
2005-07-22,27.952805
2005-07-23,28.21583
2005-07-24,27.72428
2005-07-25,25.85834
2005-07-26,25.847687
2005-07-27,24.26737
2005-07-28,24.284632
2005-07-29,25.101234
2005-07-30,25.832464
2005-07-31,24.586853
2005-08-01,24.304342
2005-08-02,23.995316
2005-08-03,23.727365
2005-08-04,24.673716
2005-08-05,24.638742
2005-08-06,25.177588
2005-08-07,25.759298
2005-08-08,25.742563
2005-08-09,25.641474
2005-08-10,25.401306
2005-08-11,24.876907
2005-08-12,25.186441
2005-08-13,25.693777
2005-08-14,25.924353
2005-08-15,25.992285
2005-08-16,24.85674
2005-08-17,25.311975
2005-08-18,26.117315
2005-08-19,24.875986
2005-08-20,24.605515
2005-08-21,25.335566
2005-08-22,25.397827
2005-08-23,25.225607
2005-08-24,25.106222
2005-08-25,25.458181
2005-08-26,25.15951
2005-08-27,25.35968
2005-08-28,25.76979
2005-08-29,26.686209
2005-08-30,27.07549
2005-08-31,27.074547
2005-09-01,27.521753
2005-09-02,28.845236
2005-09-03,29.46723
2005-09-04,27.068396
2005-09-05,27.708044
2005-09-06,27.167196
2005-09-07,26.199423
2005-09-08,27.027252
2005-09-09,26.759813
2005-09-10,26.453074
2005-09-11,25.571878
2005-09-12,26.29046
2005-09-13,25.677399
2005-09-14,24.849289
2005-09-15,24.858915
2005-09-16,24.985384
2005-09-17,24.369894
2005-09-18,23.709993
2005-09-19,24.621191
2005-09-20,26.764053
2005-09-21,26.405167
2005-09-22,25.54426
2005-09-23,24.588377
2005-09-24,23.760431
2005-09-25,24.739035
2005-09-26,24.085524
2005-09-27,24.008362
2005-09-28,24.320139
2005-09-29,24.943909
2005-09-30,25.821867
2005-10-01,26.228617
2005-10-02,26.068724
2005-10-03,25.937174
2005-10-04,25.659903
2005-10-05,25.788767
2005-10-06,25.856262
2005-10-07,26.236929
2005-10-08,26.184305
2005-10-09,26.216393
2005-10-10,26.40919
2005-10-11,26.37339
2005-10-12,26.452028
2005-10-13,26.562378
2005-10-14,26.47477
2005-10-15,25.183945
2005-10-16,25.36055
2005-10-17,26.14559
2005-10-18,26.230814
2005-10-19,25.88118
2005-10-20,25.726706
2005-10-21,25.309395
2005-10-22,24.434309
2005-10-23,25.21936
2005-10-24,25.657095
2005-10-25,25.95185
2005-10-26,25.933794
2005-10-27,24.713068
2005-10-28,24.837427
2005-10-29,23.916695
2005-10-30,23.805902
2005-10-31,23.976816
2005-11-01,23.930262
2005-11-02,23.893381
2005-11-03,23.654428
2005-11-04,23.401169
2005-11-05,22.850708
2005-11-06,22.653662
2005-11-07,22.692469
2005-11-08,22.235209
2005-11-09,21.615067
2005-11-10,21.534752
2005-11-11,21.871658
2005-11-12,22.884699
2005-11-13,22.725021
2005-11-14,22.527246
2005-11-15,22.351797
2005-11-16,23.218725
2005-11-17,23.255568
2005-11-18,22.96346
2005-11-19,22.467901
2005-11-20,22.157278
2005-11-21,22.175642
2005-11-22,22.538855
2005-11-23,22.85852
2005-11-24,22.125746
2005-11-25,21.69224
2005-11-26,21.94178
2005-11-27,22.714172
2005-11-28,22.679544
2005-11-29,22.531977
2005-11-30,22.205889
2006-06-01,30.7949
2006-06-02,27.319788
2006-06-03,27.923822
2006-06-04,29.107103
2006-06-05,29.379349
2006-06-06,29.624136
2006-06-07,30.074621
2006-06-08,30.999296
2006-06-09,31.320786
2006-06-10,31.303894
2006-06-11,30.866007
2006-06-12,30.559042
2006-06-13,30.533194
2006-06-14,31.556208
2006-06-15,32.020638
2006-06-16,31.983679
2006-06-17,32.286312
2006-06-18,31.676657
2006-06-19,31.166513
2006-06-20,30.462082
2006-06-21,31.85465
2006-06-22,32.99545
2006-06-23,32.00418
2006-06-24,30.369127
2006-06-25,28.696249
2006-06-26,28.538134
2006-06-27,28.059061
2006-06-28,27.270315
2006-06-29,25.841614
2006-06-30,26.405447
2006-07-01,27.980148
2006-07-02,28.291656
2006-07-03,26.906519
2006-07-04,27.67245
2006-07-05,25.017641
2006-07-06,25.612043
2006-07-07,26.492525
2006-07-08,26.503359
2006-07-09,25.739271
2006-07-10,26.009924
2006-07-11,25.731283
2006-07-12,25.729715
2006-07-13,26.64531
2006-07-14,26.554022
2006-07-15,26.729013
2006-07-16,27.082937
2006-07-17,24.428871
2006-07-18,23.475283
2006-07-19,23.492853
2006-07-20,23.891077
2006-07-21,23.29212
2006-07-22,23.750853
2006-07-23,25.133322
2006-07-24,25.751455
2006-07-25,25.438538
2006-07-26,25.842749
2006-07-27,24.628296
2006-07-28,23.1306
2006-07-29,23.346128
2006-07-30,23.779444
2006-07-31,23.471151
2006-08-01,23.465918
2006-08-02,23.9423
2006-08-03,23.969599
2006-08-04,24.257357
2006-08-05,25.09433
2006-08-06,24.749136
2006-08-07,23.484894
2006-08-08,23.339579
2006-08-09,23.707733
2006-08-10,23.440947
2006-08-11,24.297731
2006-08-12,25.360405
2006-08-13,25.303047
2006-08-14,23.289932
2006-08-15,23.428076
2006-08-16,24.371628
2006-08-17,25.370909
2006-08-18,23.218811
2006-08-19,25.044449
2006-08-20,25.155464
2006-08-21,25.164896
2006-08-22,25.433813
2006-08-23,25.404257
2006-08-24,24.12259
2006-08-25,24.92362
2006-08-26,25.175797
2006-08-27,24.822271
2006-08-28,24.96103
2006-08-29,25.236116
2006-08-30,25.456924
2006-08-31,22.565596
2006-09-01,23.12625
2006-09-02,25.130213
2006-09-03,24.972857
2006-09-04,25.751692
2006-09-05,25.921158
2006-09-06,22.801178
2006-09-07,25.404024
2006-09-08,25.852228
2006-09-09,26.159632
2006-09-10,26.794365
2006-09-11,26.947752
2006-09-12,26.736465
2006-09-13,26.205652
2006-09-14,25.915833
2006-09-15,26.02107
2006-09-16,26.97724
2006-09-17,27.173918
2006-09-18,26.127861
2006-09-19,25.836655
2006-09-20,25.980581
2006-09-21,25.46752
2006-09-22,25.725199
2006-09-23,25.94181
2006-09-24,25.965347
2006-09-25,25.923553
2006-09-26,25.820707
2006-09-27,25.865934
2006-09-28,26.110964
2006-09-29,27.214996
2006-09-30,27.124603
2006-10-01,25.74172
2006-10-02,26.280256
2006-10-03,27.087103
2006-10-04,27.62761
2006-10-05,27.28084
2006-10-06,26.449087
2006-10-07,25.089233
2006-10-08,24.8621
2006-10-09,25.186346
2006-10-10,25.694763
2006-10-11,26.163885
2006-10-12,25.815033
2006-10-13,26.53356
2006-10-14,26.739859
2006-10-15,26.968096
2006-10-16,27.222223
2006-10-17,27.482035
2006-10-18,27.429321
2006-10-19,26.523506
2006-10-20,26.416168
2006-10-21,26.031607
2006-10-22,25.728485
2006-10-23,25.582636
2006-10-24,25.429298
2006-10-25,25.16067
2006-10-26,25.146494
2006-10-27,24.724466
2006-10-28,24.230143
2006-10-29,24.491404
2006-10-30,24.691446
2006-10-31,24.556787
2006-11-01,24.526842
2006-11-02,23.875467
2006-11-03,24.393723
2006-11-04,24.461191
2006-11-05,24.986288
2006-11-06,25.147293
2006-11-07,24.352224
2006-11-08,23.039618
2006-11-09,23.810019
2006-11-10,23.24642
2006-11-11,23.272715
2006-11-12,23.276962
2006-11-13,23.713028
2006-11-14,22.92245
2006-11-15,22.593206
2006-11-16,22.465738
2006-11-17,22.219763
2006-11-18,22.80927
2006-11-19,22.99151
2006-11-20,23.041807
2006-11-21,23.39588
2006-11-22,22.08018
2006-11-23,22.248497
2006-11-24,21.657042
2006-11-25,20.988173
2006-11-26,20.840322
2006-11-27,21.108274
2006-11-28,22.470911
2006-11-29,22.73969
2006-11-30,22.65713
2007-06-01,35.601364
2007-06-02,33.9906
2007-06-03,32.44379
2007-06-04,32.139133
2007-06-05,32.159046
2007-06-06,32.690216
2007-06-07,33.398518
2007-06-08,34.23872
2007-06-09,33.03918
2007-06-10,32.3901
2007-06-11,32.602512
2007-06-12,33.161892
2007-06-13,33.47804
2007-06-14,31.215322
2007-06-15,28.046167
2007-06-16,28.173132
2007-06-17,29.670609
2007-06-18,29.490343
2007-06-19,29.469107
2007-06-20,28.538137
2007-06-21,29.391104
2007-06-22,31.332987
2007-06-23,29.485312
2007-06-24,26.279518
2007-06-25,25.756714
2007-06-26,27.859491
2007-06-27,27.925707
2007-06-28,27.13505
2007-06-29,28.280264
2007-06-30,26.47698
2007-07-01,25.662561
2007-07-02,24.254349
2007-07-03,24.427893
2007-07-04,25.189844
2007-07-05,26.131462
2007-07-06,25.653376
2007-07-07,24.559593
2007-07-08,23.78031
2007-07-09,23.673532
2007-07-10,25.068808
2007-07-11,26.379019
2007-07-12,26.598879
2007-07-13,26.712494
2007-07-14,26.378174
2007-07-15,26.744806
2007-07-16,27.041555
2007-07-17,26.806534
2007-07-18,27.00649
2007-07-19,27.046158
2007-07-20,26.58529
2007-07-21,26.205282
2007-07-22,26.790573
2007-07-23,27.554895
2007-07-24,27.155172
2007-07-25,26.742311
2007-07-26,26.452303
2007-07-27,26.184784
2007-07-28,25.083511
2007-07-29,25.215712
2007-07-30,25.874573
2007-07-31,26.64805
2007-08-01,26.52925
2007-08-02,25.459044
2007-08-03,24.803965
2007-08-04,24.752188
2007-08-05,24.80861
2007-08-06,24.339722
2007-08-07,24.429802
2007-08-08,23.884832
2007-08-09,24.966467
2007-08-10,25.997177
2007-08-11,25.486288
2007-08-12,25.578043
2007-08-13,25.0082
2007-08-14,24.337418
2007-08-15,24.954874
2007-08-16,25.707703
2007-08-17,25.782394
2007-08-18,25.640862
2007-08-19,25.900177
2007-08-20,26.030252
2007-08-21,23.546942
2007-08-22,25.21289
2007-08-23,25.955812
2007-08-24,26.36141
2007-08-25,27.222208
2007-08-26,26.109121
2007-08-27,25.580826
2007-08-28,25.15072
2007-08-29,24.929266
2007-08-30,25.060577
2007-08-31,25.877838
2007-09-01,25.628843
2007-09-02,25.631317
2007-09-03,25.416986
2007-09-04,26.143005
2007-09-05,26.112661
2007-09-06,24.446396
2007-09-07,24.786856
2007-09-08,25.444204
2007-09-09,25.6229
2007-09-10,25.483292
2007-09-11,25.741776
2007-09-12,26.187166
2007-09-13,26.250893
2007-09-14,26.035295
2007-09-15,25.760626
2007-09-16,25.663582
2007-09-17,26.75296
2007-09-18,27.02311
2007-09-19,26.484274
2007-09-20,25.799133
2007-09-21,25.469763
2007-09-22,25.977049
2007-09-23,26.401009
2007-09-24,26.247095
2007-09-25,25.465775
2007-09-26,25.59783
2007-09-27,25.323608
2007-09-28,25.12616
2007-09-29,26.434977
2007-09-30,26.154533
2007-10-01,26.071663
2007-10-02,26.060724
2007-10-03,25.708197
2007-10-04,25.462797
2007-10-05,25.555578
2007-10-06,25.696701
2007-10-07,24.936493
2007-10-08,24.989182
2007-10-09,24.939688
2007-10-10,24.997864
2007-10-11,25.888649
2007-10-12,26.285645
2007-10-13,25.56386
2007-10-14,25.156939
2007-10-15,25.08077
2007-10-16,25.327322
2007-10-17,25.07596
2007-10-18,24.985687
2007-10-19,25.024828
2007-10-20,24.906137
2007-10-21,24.667673
2007-10-22,24.971415
2007-10-23,25.18028
2007-10-24,25.528938
2007-10-25,25.027054
2007-10-26,24.94824
2007-10-27,25.252176
2007-10-28,25.238602
2007-10-29,25.086899
2007-10-30,25.148066
2007-10-31,25.964285
2007-11-01,27.131462
2007-11-02,26.33547
2007-11-03,26.354736
2007-11-04,27.014078
2007-11-05,26.90943
2007-11-06,26.413115
2007-11-07,26.23868
2007-11-08,26.275183
2007-11-09,25.74262
2007-11-10,25.521662
2007-11-11,25.872004
2007-11-12,25.780203
2007-11-13,25.350733
2007-11-14,24.792917
2007-11-15,24.228872
2007-11-16,23.133917
2007-11-17,22.242182
2007-11-18,22.1168
2007-11-19,21.688559
2007-11-20,20.999723
2007-11-21,21.219404
2007-11-22,21.22608
2007-11-23,21.333773
2007-11-24,21.112978
2007-11-25,21.094633
2007-11-26,21.185865
2007-11-27,21.16911
2007-11-28,21.689798
2007-11-29,22.085123
2007-11-30,22.310904
2008-06-01,32.43169
2008-06-02,32.14726
2008-06-03,32.581398
2008-06-04,33.118343
2008-06-05,31.741888
2008-06-06,29.988226
2008-06-07,29.22878
2008-06-08,29.256004
2008-06-09,29.52619
2008-06-10,27.20073
2008-06-11,26.110535
2008-06-12,25.683111
2008-06-13,26.930178
2008-06-14,26.36293
2008-06-15,26.828379
2008-06-16,27.999624
2008-06-17,26.978857
2008-06-18,27.188986
2008-06-19,26.556473
2008-06-20,25.919592
2008-06-21,27.64089
2008-06-22,28.361025
2008-06-23,28.65888
2008-06-24,28.535444
2008-06-25,28.22613
2008-06-26,27.211916
2008-06-27,26.740171
2008-06-28,26.027643
2008-06-29,26.123434
2008-06-30,26.75989
2008-07-01,26.331522
2008-07-02,26.267653
2008-07-03,25.99267
2008-07-04,25.940002
2008-07-05,26.934309
2008-07-06,26.67924
2008-07-07,25.361158
2008-07-08,24.967749
2008-07-09,23.920456
2008-07-10,23.657358
2008-07-11,23.272573
2008-07-12,24.898733
2008-07-13,25.40893
2008-07-14,25.768347
2008-07-15,26.345825
2008-07-16,26.692694
2008-07-17,26.327179
2008-07-18,26.526392
2008-07-19,26.517487
2008-07-20,26.809471
2008-07-21,26.89258
2008-07-22,27.284616
2008-07-23,27.457266
2008-07-24,27.311302
2008-07-25,26.604881
2008-07-26,26.445055
2008-07-27,24.232916
2008-07-28,24.941107
2008-07-29,24.55903
2008-07-30,24.580597
2008-07-31,24.713614
2008-08-01,24.3359
2008-08-02,24.825174
2008-08-03,25.169626
2008-08-04,25.14189
2008-08-05,24.640635
2008-08-06,24.48619
2008-08-07,25.152822
2008-08-08,24.441523
2008-08-09,24.659262
2008-08-10,23.98259
2008-08-11,24.332384
2008-08-12,24.710897
2008-08-13,24.869568
2008-08-14,25.139414
2008-08-15,25.382528
2008-08-16,25.100029
2008-08-17,25.167212
2008-08-18,24.903757
2008-08-19,24.891876
2008-08-20,24.559065
2008-08-21,24.444885
2008-08-22,24.497482
2008-08-23,25.35363
2008-08-24,25.948837
2008-08-25,25.167746
2008-08-26,24.583364
2008-08-27,24.449387
2008-08-28,25.664963
2008-08-29,25.841105
2008-08-30,25.7677
2008-08-31,26.004389
2008-09-01,26.82009
2008-09-02,27.357346
2008-09-03,27.462257
2008-09-04,26.806593
2008-09-05,25.858473
2008-09-06,25.19454
2008-09-07,25.821707
2008-09-08,25.339376
2008-09-09,25.530367
2008-09-10,25.897224
2008-09-11,26.067556
2008-09-12,26.373352
2008-09-13,25.65718
2008-09-14,25.45426
2008-09-15,24.615257
2008-09-16,24.410828
2008-09-17,24.906996
2008-09-18,24.418356
2008-09-19,24.730902
2008-09-20,24.567007
2008-09-21,25.628595
2008-09-22,24.927832
2008-09-23,24.539352
2008-09-24,25.333008
2008-09-25,25.337393
2008-09-26,24.05808
2008-09-27,23.692835
2008-09-28,23.655294
2008-09-29,24.123514
2008-09-30,24.954773
2008-10-01,26.157011
2008-10-02,26.3738
2008-10-03,26.58566
2008-10-04,27.137589
2008-10-05,26.795847
2008-10-06,26.531372
2008-10-07,25.91774
2008-10-08,25.463285
2008-10-09,26.085022
2008-10-10,26.71639
2008-10-11,27.38885
2008-10-12,27.67188
2008-10-13,27.19828
2008-10-14,27.38781
2008-10-15,27.677984
2008-10-16,27.457178
2008-10-17,26.273178
2008-10-18,26.45402
2008-10-19,26.225891
2008-10-20,25.745392
2008-10-21,25.429148
2008-10-22,25.429117
2008-10-23,25.619308
2008-10-24,25.347351
2008-10-25,25.467619
2008-10-26,25.471397
2008-10-27,25.366735
2008-10-28,25.505148
2008-10-29,25.639715
2008-10-30,25.587107
2008-10-31,25.339956
2008-11-01,25.099958
2008-11-02,25.236969
2008-11-03,25.334473
2008-11-04,25.350012
2008-11-05,24.865656
2008-11-06,24.772247
2008-11-07,24.601568
2008-11-08,24.345682
2008-11-09,24.175985
2008-11-10,24.014074
2008-11-11,24.633215
2008-11-12,24.833303
2008-11-13,24.833906
2008-11-14,25.246086
2008-11-15,24.510843
2008-11-16,24.601126
2008-11-17,25.210022
2008-11-18,24.964441
2008-11-19,24.770334
2008-11-20,24.187403
2008-11-21,22.850616
2008-11-22,21.549002
2008-11-23,20.990746
2008-11-24,20.72986
2008-11-25,21.12486
2008-11-26,21.207575
2008-11-27,21.077988
2008-11-28,21.476906
2008-11-29,22.306501
2008-11-30,23.392395
2009-06-01,31.63733
2009-06-02,32.02608
2009-06-03,31.8358
2009-06-04,32.49181
2009-06-05,32.350838
2009-06-06,32.67641
2009-06-07,32.717133
2009-06-08,32.11522
2009-06-09,32.367092
2009-06-10,32.82204
2009-06-11,32.315525
2009-06-12,31.817215
2009-06-13,32.19609
2009-06-14,32.46281
2009-06-15,32.121902
2009-06-16,32.063244
2009-06-17,32.89035
2009-06-18,33.433
2009-06-19,33.66747
2009-06-20,33.07987
2009-06-21,31.488878
2009-06-22,31.343246
2009-06-23,30.953888
2009-06-24,31.395624
2009-06-25,30.813223
2009-06-26,30.768682
2009-06-27,29.79508
2009-06-28,28.909666
2009-06-29,27.204462
2009-06-30,28.829224
2009-07-01,30.153498
2009-07-02,28.260447
2009-07-03,27.632036
2009-07-04,27.45101
2009-07-05,27.787048
2009-07-06,29.109735
2009-07-07,29.968216
2009-07-08,28.226746
2009-07-09,25.942186
2009-07-10,25.122202
2009-07-11,26.315176
2009-07-12,26.66746
2009-07-13,25.87707
2009-07-14,25.288206
2009-07-15,25.038284
2009-07-16,24.188677
2009-07-17,25.76636
2009-07-18,25.49526
2009-07-19,25.835516
2009-07-20,24.889252
2009-07-21,23.712732
2009-07-22,23.780655
2009-07-23,23.7082
2009-07-24,25.627996
2009-07-25,25.719
2009-07-26,25.161339
2009-07-27,25.718233
2009-07-28,25.724152
2009-07-29,25.893194
2009-07-30,26.268408
2009-07-31,26.021261
2009-08-01,25.961166
2009-08-02,26.105463
2009-08-03,26.18241
2009-08-04,26.042297
2009-08-05,25.47905
2009-08-06,25.406693
2009-08-07,25.693542
2009-08-08,25.897385
2009-08-09,25.834497
2009-08-10,26.220884
2009-08-11,26.465963
2009-08-12,25.199137
2009-08-13,25.920439
2009-08-14,25.7996
2009-08-15,25.407051
2009-08-16,25.58924
2009-08-17,26.300909
2009-08-18,26.631622
2009-08-19,27.418333
2009-08-20,26.706335
2009-08-21,26.284575
2009-08-22,26.494284
2009-08-23,26.845984
2009-08-24,27.167503
2009-08-25,26.466925
2009-08-26,23.999899
2009-08-27,24.571924
2009-08-28,23.777308
2009-08-29,23.120554
2009-08-30,25.66456
2009-08-31,26.362116
2009-09-01,26.350288
2009-09-02,25.724615
2009-09-03,24.408636
2009-09-04,24.487955
2009-09-05,25.870712
2009-09-06,25.787575
2009-09-07,26.707773
2009-09-08,27.150192
2009-09-09,25.539095
2009-09-10,25.578474
2009-09-11,25.748796
2009-09-12,26.191446
2009-09-13,27.15045
2009-09-14,27.114344
2009-09-15,26.203623
2009-09-16,25.940598
2009-09-17,26.664663
2009-09-18,27.402647
2009-09-19,27.920525
2009-09-20,27.726852
2009-09-21,27.63272
2009-09-22,28.101297
2009-09-23,28.54547
2009-09-24,28.513712
2009-09-25,28.020655
2009-09-26,27.971514
2009-09-27,28.763268
2009-09-28,29.371674
2009-09-29,29.531342
2009-09-30,29.83194
2009-10-01,30.113565
2009-10-02,29.861109
2009-10-03,26.830908
2009-10-04,25.138565
2009-10-05,23.822433
2009-10-06,25.781418
2009-10-07,25.99613
2009-10-08,24.570862
2009-10-09,24.307617
2009-10-10,24.457655
2009-10-11,24.956793
2009-10-12,25.60359
2009-10-13,25.919096
2009-10-14,25.682528
2009-10-15,25.784266
2009-10-16,25.473269
2009-10-17,25.195997
2009-10-18,25.18398
2009-10-19,25.451279
2009-10-20,24.668097
2009-10-21,24.913498
2009-10-22,25.2604
2009-10-23,25.493856
2009-10-24,24.860823
2009-10-25,24.321442
2009-10-26,24.315414
2009-10-27,24.381315
2009-10-28,24.598017
2009-10-29,24.968292
2009-10-30,24.827719
2009-10-31,25.791664
2009-11-01,25.989065
2009-11-02,25.479925
2009-11-03,24.866312
2009-11-04,24.597536
2009-11-05,24.430628
2009-11-06,25.439713
2009-11-07,25.699387
2009-11-08,25.82157
2009-11-09,24.859797
2009-11-10,22.731468
2009-11-11,19.950514
2009-11-12,20.422743
2009-11-13,23.163649
2009-11-14,24.013786
2009-11-15,22.977251
2009-11-16,20.81266
2009-11-17,21.677483
2009-11-18,21.193481
2009-11-19,19.395334
2009-11-20,17.864351
2009-11-21,17.534433
2009-11-22,17.605577
2009-11-23,18.271374
2009-11-24,20.061869
2009-11-25,22.229319
2009-11-26,21.60232
2009-11-27,21.125843
2009-11-28,20.529982
2009-11-29,19.61894
2009-11-30,19.030746
2010-06-01,33.92345
2010-06-02,32.759933
2010-06-03,32.03399
2010-06-04,33.60608
2010-06-05,33.076153
2010-06-06,32.45529
2010-06-07,30.60086
2010-06-08,31.61468
2010-06-09,33.437954
2010-06-10,35.723774
2010-06-11,37.34491
2010-06-12,36.582638
2010-06-13,35.826984
2010-06-14,33.526688
2010-06-15,29.511703
2010-06-16,26.517263
2010-06-17,29.401175
2010-06-18,31.157
2010-06-19,32.740284
2010-06-20,31.372208
2010-06-21,30.3413
2010-06-22,30.50738
2010-06-23,30.700949
2010-06-24,29.441406
2010-06-25,30.323982
2010-06-26,30.732996
2010-06-27,30.390625
2010-06-28,29.938715
2010-06-29,28.885427
2010-06-30,28.886717
2010-07-01,28.685349
2010-07-02,28.363632
2010-07-03,26.947327
2010-07-04,25.338163
2010-07-05,26.533157
2010-07-06,26.699118
2010-07-07,26.381174
2010-07-08,25.994858
2010-07-09,27.059128
2010-07-10,27.529734
2010-07-11,27.500053
2010-07-12,27.014898
2010-07-13,26.953217
2010-07-14,27.433802
2010-07-15,27.085785
2010-07-16,25.934984
2010-07-17,27.13465
2010-07-18,27.588501
2010-07-19,28.053991
2010-07-20,28.12677
2010-07-21,27.330576
2010-07-22,26.651205
2010-07-23,26.138494
2010-07-24,25.846884
2010-07-25,24.253244
2010-07-26,23.871874
2010-07-27,25.683952
2010-07-28,26.950148
2010-07-29,27.002121
2010-07-30,25.708323
2010-07-31,24.246048
2010-08-01,24.536203
2010-08-02,24.157654
2010-08-03,24.529226
2010-08-04,24.106064
2010-08-05,26.115469
2010-08-06,24.711855
2010-08-07,24.838415
2010-08-08,23.586893
2010-08-09,25.713135
2010-08-10,26.174545
2010-08-11,26.496603
2010-08-12,26.188644
2010-08-13,25.009241
2010-08-14,25.085306
2010-08-15,25.676916
2010-08-16,25.911795
2010-08-17,26.694632
2010-08-18,26.74119
2010-08-19,25.566422
2010-08-20,25.48381
2010-08-21,24.834204
2010-08-22,26.168152
2010-08-23,26.520388
2010-08-24,26.36344
2010-08-25,26.201178
2010-08-26,25.822845
2010-08-27,26.783548
2010-08-28,26.4844
2010-08-29,26.154882
2010-08-30,25.448767
2010-08-31,24.341537
2010-09-01,25.295189
2010-09-02,26.051638
2010-09-03,25.964151
2010-09-04,25.136316
2010-09-05,24.78126
2010-09-06,25.1399
2010-09-07,25.30545
2010-09-08,24.913382
2010-09-09,24.043142
2010-09-10,24.67991
2010-09-11,25.435476
2010-09-12,25.503428
2010-09-13,25.694815
2010-09-14,25.57313
2010-09-15,25.391333
2010-09-16,26.11554
2010-09-17,26.16892
2010-09-18,26.360727
2010-09-19,26.02575
2010-09-20,25.888298
2010-09-21,26.13574
2010-09-22,26.416672
2010-09-23,26.607164
2010-09-24,26.465384
2010-09-25,26.389612
2010-09-26,26.897913
2010-09-27,27.361046
2010-09-28,27.99058
2010-09-29,27.709908
2010-09-30,27.181946
2010-10-01,26.619436
2010-10-02,27.124807
2010-10-03,28.06781
2010-10-04,28.46995
2010-10-05,28.984274
2010-10-06,28.769037
2010-10-07,28.08108
2010-10-08,28.200409
2010-10-09,29.012304
2010-10-10,28.464012
2010-10-11,27.109598
2010-10-12,26.125242
2010-10-13,27.039413
2010-10-14,28.06893
2010-10-15,28.66613
2010-10-16,28.945875
2010-10-17,27.995766
2010-10-18,27.524658
2010-10-19,27.07345
2010-10-20,26.697748
2010-10-21,26.32601
2010-10-22,26.955893
2010-10-23,27.07572
2010-10-24,26.95928
2010-10-25,26.339981
2010-10-26,26.443268
2010-10-27,27.081343
2010-10-28,27.49534
2010-10-29,26.570341
2010-10-30,26.533316
2010-10-31,25.904669
2010-11-01,24.583036
2010-11-02,23.952103
2010-11-03,24.622847
2010-11-04,25.703323
2010-11-05,25.522812
2010-11-06,24.769144
2010-11-07,24.631266
2010-11-08,26.214333
2010-11-09,26.96546
2010-11-10,27.177652
2010-11-11,26.37416
2010-11-12,25.34139
2010-11-13,25.401571
2010-11-14,26.246712
2010-11-15,25.86725
2010-11-16,25.461432
2010-11-17,25.759165
2010-11-18,24.875269
2010-11-19,24.015726
2010-11-20,23.656599
2010-11-21,24.058
2010-11-22,23.511133
2010-11-23,23.21517
2010-11-24,24.42887
2010-11-25,23.95159
2010-11-26,23.977026
2010-11-27,23.681772
2010-11-28,23.33261
2010-11-29,23.57945
2010-11-30,23.447107
2011-06-01,32.57843
2011-06-02,33.214924
2011-06-03,30.79493
2011-06-04,31.874138
2011-06-05,33.158714
2011-06-06,34.02695
2011-06-07,32.969234
2011-06-08,32.44016
2011-06-09,32.12114
2011-06-10,31.898926
2011-06-11,31.660372
2011-06-12,32.149185
2011-06-13,31.58149
2011-06-14,31.273642
2011-06-15,30.072433
2011-06-16,29.644943
2011-06-17,30.119097
2011-06-18,29.803518
2011-06-19,28.327303
2011-06-20,29.960032
2011-06-21,30.147757
2011-06-22,27.986418
2011-06-23,26.316124
2011-06-24,24.28399
2011-06-25,26.74563
2011-06-26,26.68254
2011-06-27,27.245817
2011-06-28,25.52626
2011-06-29,25.488958
2011-06-30,27.111816
2011-07-01,27.392342
2011-07-02,27.175142
2011-07-03,27.301895
2011-07-04,27.9092
2011-07-05,27.257517
2011-07-06,25.327845
2011-07-07,25.828201
2011-07-08,24.424467
2011-07-09,23.657791
2011-07-10,23.969788
2011-07-11,23.766449
2011-07-12,25.672693
2011-07-13,25.265045
2011-07-14,25.521215
2011-07-15,25.786814
2011-07-16,25.806671
2011-07-17,25.805733
2011-07-18,26.001429
2011-07-19,24.676962
2011-07-20,25.862076
2011-07-21,25.274536
2011-07-22,24.922745
2011-07-23,22.8043
2011-07-24,22.980452
2011-07-25,24.995743
2011-07-26,26.615913
2011-07-27,26.470224
2011-07-28,26.192123
2011-07-29,25.806387
2011-07-30,25.55762
2011-07-31,25.623087
2011-08-01,25.388102
2011-08-02,25.95903
2011-08-03,25.589605
2011-08-04,24.693863
2011-08-05,25.226568
2011-08-06,25.473097
2011-08-07,24.703758
2011-08-08,23.296019
2011-08-09,23.398033
2011-08-10,24.577286
2011-08-11,24.330954
2011-08-12,23.42829
2011-08-13,23.893707
2011-08-14,25.017416
2011-08-15,25.599539
2011-08-16,25.262808
2011-08-17,25.506897
2011-08-18,24.93197
2011-08-19,25.210737
2011-08-20,23.95341
2011-08-21,24.837282
2011-08-22,26.13598
2011-08-23,25.9348
2011-08-24,24.880846
2011-08-25,24.604721
2011-08-26,23.881655
2011-08-27,24.646936
2011-08-28,25.016342
2011-08-29,24.879862
2011-08-30,25.64589
2011-08-31,25.867914
2011-09-01,25.366007
2011-09-02,24.40177
2011-09-03,24.873724
2011-09-04,24.691824
2011-09-05,25.441393
2011-09-06,25.537437
2011-09-07,25.515024
2011-09-08,24.917631
2011-09-09,25.123428
2011-09-10,23.73374
2011-09-11,22.69062
2011-09-12,24.521143
2011-09-13,25.824265
2011-09-14,26.08992
2011-09-15,26.063467
2011-09-16,25.082941
2011-09-17,25.406061
2011-09-18,24.833015
2011-09-19,24.415045
2011-09-20,24.772486
2011-09-21,24.61804
2011-09-22,24.655756
2011-09-23,25.024149
2011-09-24,25.041138
2011-09-25,25.090342
2011-09-26,25.003708
2011-09-27,24.79453
2011-09-28,25.251328
2011-09-29,25.65167
2011-09-30,25.775572
2011-10-01,26.091225
2011-10-02,25.742659
2011-10-03,25.424692
2011-10-04,25.218231
2011-10-05,26.286226
2011-10-06,27.027084
2011-10-07,27.284845
2011-10-08,27.622198
2011-10-09,27.800592
2011-10-10,28.206614
2011-10-11,27.906784
2011-10-12,28.016928
2011-10-13,28.493399
2011-10-14,29.090652
2011-10-15,29.32459
2011-10-16,28.690681
2011-10-17,28.709772
2011-10-18,28.541779
2011-10-19,27.129211
2011-10-20,26.514069
2011-10-21,26.570642
2011-10-22,26.214417
2011-10-23,26.180368
2011-10-24,26.711832
2011-10-25,26.676523
2011-10-26,26.197561
2011-10-27,25.92817
2011-10-28,25.07923
2011-10-29,25.22502
2011-10-30,25.246435
2011-10-31,24.720003
2011-11-01,24.248331
2011-11-02,24.135347
2011-11-03,24.563936
2011-11-04,25.173182
2011-11-05,26.182482
2011-11-06,26.72821
2011-11-07,26.526932
2011-11-08,26.132586
2011-11-09,25.411362
2011-11-10,25.621893
2011-11-11,25.998077
2011-11-12,26.551666
2011-11-13,26.420858
2011-11-14,25.863342
2011-11-15,24.957315
2011-11-16,24.315313
2011-11-17,24.217138
2011-11-18,24.45791
2011-11-19,24.835257
2011-11-20,24.62085
2011-11-21,24.432266
2011-11-22,23.250452
2011-11-23,22.5389
2011-11-24,22.535784
2011-11-25,22.62826
2011-11-26,22.85505
2011-11-27,24.008768
2011-11-28,24.3259
2011-11-29,23.878647
2011-11-30,22.804672
2012-06-01,32.441517
2012-06-02,31.808561
2012-06-03,31.732424
2012-06-04,31.745535
2012-06-05,32.8501
2012-06-06,30.151194
2012-06-07,30.847845
2012-06-08,31.964348
2012-06-09,31.315397
2012-06-10,29.589624
2012-06-11,31.117071
2012-06-12,31.419638
2012-06-13,30.524393
2012-06-14,30.593256
2012-06-15,31.43248
2012-06-16,29.171295
2012-06-17,29.12438
2012-06-18,30.255669
2012-06-19,30.401123
2012-06-20,29.47261
2012-06-21,30.091843
2012-06-22,30.220514
2012-06-23,30.2096
2012-06-24,29.758888
2012-06-25,30.56105
2012-06-26,30.201548
2012-06-27,30.176924
2012-06-28,30.096855
2012-06-29,30.39618
2012-06-30,30.758139
2012-07-01,29.927011
2012-07-02,29.563879
2012-07-03,28.872305
2012-07-04,26.0449
2012-07-05,25.904068
2012-07-06,25.145609
2012-07-07,25.0579
2012-07-08,25.649519
2012-07-09,26.166605
2012-07-10,24.19242
2012-07-11,26.783926
2012-07-12,27.520704
2012-07-13,26.985235
2012-07-14,26.136017
2012-07-15,26.993967
2012-07-16,27.010672
2012-07-17,26.75051
2012-07-18,27.037584
2012-07-19,26.689987
2012-07-20,27.167898
2012-07-21,27.576853
2012-07-22,24.847998
2012-07-23,24.039873
2012-07-24,24.741272
2012-07-25,25.41686
2012-07-26,25.613546
2012-07-27,24.087885
2012-07-28,23.671967
2012-07-29,23.593185
2012-07-30,22.965532
2012-07-31,23.524286
2012-08-01,25.07792
2012-08-02,25.85952
2012-08-03,25.889994
2012-08-04,25.139349
2012-08-05,26.02796
2012-08-06,25.534067
2012-08-07,24.489527
2012-08-08,24.488869
2012-08-09,24.089935
2012-08-10,23.689875
2012-08-11,23.244781
2012-08-12,23.03952
2012-08-13,22.82469
2012-08-14,24.461182
2012-08-15,24.796356
2012-08-16,25.329865
2012-08-17,24.717926
2012-08-18,24.911737
2012-08-19,25.042719
2012-08-20,24.652542
2012-08-21,24.65396
2012-08-22,23.91012
2012-08-23,25.472734
2012-08-24,25.659775
2012-08-25,25.696665
2012-08-26,25.043304
2012-08-27,24.34686
2012-08-28,24.942993
2012-08-29,25.755362
2012-08-30,25.787867
2012-08-31,25.97466
2012-09-01,25.908426
2012-09-02,26.439484
2012-09-03,25.604757
2012-09-04,25.339056
2012-09-05,25.064684
2012-09-06,23.74655
2012-09-07,24.004608
2012-09-08,26.028137
2012-09-09,26.128534
2012-09-10,26.000313
2012-09-11,23.790848
2012-09-12,25.035425
2012-09-13,25.195526
2012-09-14,24.82495
2012-09-15,25.292822
2012-09-16,25.035187
2012-09-17,24.85028
2012-09-18,25.109467
2012-09-19,25.493057
2012-09-20,26.016108
2012-09-21,26.146082
2012-09-22,25.530657
2012-09-23,25.399267
2012-09-24,24.211992
2012-09-25,24.371721
2012-09-26,24.864462
2012-09-27,25.518494
2012-09-28,25.868074
2012-09-29,26.444418
2012-09-30,27.331606
2012-10-01,27.569345
2012-10-02,27.650503
2012-10-03,27.5843
2012-10-04,27.445337
2012-10-05,27.126328
2012-10-06,27.770288
2012-10-07,27.867853
2012-10-08,27.87551
2012-10-09,27.535593
2012-10-10,27.574514
2012-10-11,27.310144
2012-10-12,27.25089
2012-10-13,27.33538
2012-10-14,27.22169
2012-10-15,26.962072
2012-10-16,27.309069
2012-10-17,27.005875
2012-10-18,27.32257
2012-10-19,27.310568
2012-10-20,26.957674
2012-10-21,26.444702
2012-10-22,25.854681
2012-10-23,26.790583
2012-10-24,26.852945
2012-10-25,26.122
2012-10-26,25.65516
2012-10-27,25.192816
2012-10-28,24.563095
2012-10-29,24.415857
2012-10-30,23.830414
2012-10-31,23.522125
2012-11-01,24.228796
2012-11-02,24.854698
2012-11-03,24.506897
2012-11-04,23.658796
2012-11-05,22.818
2012-11-06,22.607382
2012-11-07,22.672564
2012-11-08,23.156282
2012-11-09,23.584686
2012-11-10,23.980682
2012-11-11,24.815485
2012-11-12,24.139673
2012-11-13,23.986883
2012-11-14,23.577875
2012-11-15,22.608541
2012-11-16,21.817255
2012-11-17,21.702078
2012-11-18,21.721832
2012-11-19,21.456238
2012-11-20,21.179155
2012-11-21,21.239946
2012-11-22,21.761679
2012-11-23,21.607035
2012-11-24,22.093725
2012-11-25,22.385054
2012-11-26,22.8263
2012-11-27,23.466105
2012-11-28,23.101028
2012-11-29,22.161722
2012-11-30,21.878996
2013-06-01,32.66332
2013-06-02,32.219837
2013-06-03,32.53989
2013-06-04,31.7072
2013-06-05,32.140377
2013-06-06,31.079514
2013-06-07,30.117865
2013-06-08,29.7809
2013-06-09,28.468546
2013-06-10,28.02507
2013-06-11,27.141142
2013-06-12,27.120768
2013-06-13,28.152847
2013-06-14,27.189493
2013-06-15,26.014175
2013-06-16,25.006708
2013-06-17,24.149374
2013-06-18,26.097113
2013-06-19,26.299105
2013-06-20,27.157362
2013-06-21,27.495192
2013-06-22,26.814901
2013-06-23,26.356157
2013-06-24,25.707994
2013-06-25,24.873276
2013-06-26,23.670168
2013-06-27,24.153656
2013-06-28,25.771955
2013-06-29,26.215437
2013-06-30,26.31843
2013-07-01,26.407913
2013-07-02,25.802969
2013-07-03,23.889374
2013-07-04,22.907282
2013-07-05,23.50797
2013-07-06,25.135508
2013-07-07,26.394049
2013-07-08,25.8505
2013-07-09,25.981226
2013-07-10,24.430395
2013-07-11,24.464777
2013-07-12,25.078173
2013-07-13,23.84845
2013-07-14,24.316061
2013-07-15,24.345762
2013-07-16,23.880745
2013-07-17,23.948746
2013-07-18,24.515463
2013-07-19,25.135324
2013-07-20,24.575638
2013-07-21,25.144424
2013-07-22,24.932907
2013-07-23,24.86683
2013-07-24,25.195892
2013-07-25,24.440802
2013-07-26,23.227694
2013-07-27,23.15094
2013-07-28,23.271338
2013-07-29,23.72346
2013-07-30,24.316908
2013-07-31,23.307749
2013-08-01,23.332052
2013-08-02,23.548819
2013-08-03,24.516085
2013-08-04,24.671793
2013-08-05,25.184866
2013-08-06,24.239294
2013-08-07,24.15431
2013-08-08,23.68438
2013-08-09,23.10583
2013-08-10,23.302828
2013-08-11,24.84157
2013-08-12,24.630907
2013-08-13,23.153603
2013-08-14,24.637033
2013-08-15,25.497595
2013-08-16,25.561195
2013-08-17,25.238245
2013-08-18,25.283056
2013-08-19,24.01917
2013-08-20,22.871393
2013-08-21,23.658213
2013-08-22,23.688562
2013-08-23,22.741089
2013-08-24,23.166452
2013-08-25,23.663393
2013-08-26,24.461748
2013-08-27,24.735628
2013-08-28,24.797834
2013-08-29,24.85643
2013-08-30,25.332565
2013-08-31,25.505188
2013-09-01,25.592978
2013-09-02,25.641733
2013-09-03,25.278097
2013-09-04,25.028025
2013-09-05,24.577936
2013-09-06,24.996569
2013-09-07,25.007818
2013-09-08,25.833755
2013-09-09,26.614647
2013-09-10,27.319937
2013-09-11,28.199133
2013-09-12,28.561525
2013-09-13,28.48252
2013-09-14,28.380724
2013-09-15,28.571701
2013-09-16,28.0357
2013-09-17,28.657425
2013-09-18,28.708328
2013-09-19,29.29423
2013-09-20,28.78457
2013-09-21,24.795279
2013-09-22,24.142052
2013-09-23,23.38917
2013-09-24,23.629303
2013-09-25,24.059084
2013-09-26,25.232254
2013-09-27,25.533966
2013-09-28,25.49695
2013-09-29,24.957724
2013-09-30,24.29967
2013-10-01,25.103765
2013-10-02,25.871344
2013-10-03,25.188421
2013-10-04,24.595062
2013-10-05,24.71261
2013-10-06,24.68103
2013-10-07,25.32273
2013-10-08,24.612131
2013-10-09,23.926218
2013-10-10,24.518385
2013-10-11,24.746832
2013-10-12,24.756315
2013-10-13,25.44391
2013-10-14,25.461084
2013-10-15,25.832565
2013-10-16,25.81926
2013-10-17,26.049986
2013-10-18,26.332087
2013-10-19,26.197
2013-10-20,25.41253
2013-10-21,24.803474
2013-10-22,24.498041
2013-10-23,24.64627
2013-10-24,25.505104
2013-10-25,26.256968
2013-10-26,26.28631
2013-10-27,25.609467
2013-10-28,25.004095
2013-10-29,24.695883
2013-10-30,24.821787
2013-10-31,24.687037
2013-11-01,24.723104
2013-11-02,24.874327
2013-11-03,25.294977
2013-11-04,25.470049
2013-11-05,24.734213
2013-11-06,24.334528
2013-11-07,24.20005
2013-11-08,23.45724
2013-11-09,22.825521
2013-11-10,23.059715
2013-11-11,22.631205
2013-11-12,22.22696
2013-11-13,22.635763
2013-11-14,22.708166
2013-11-15,21.604315
2013-11-16,19.898659
2013-11-17,20.244745
2013-11-18,21.09487
2013-11-19,21.23517
2013-11-20,21.042887
2013-11-21,20.389034
2013-11-22,20.555021
2013-11-23,21.950602
2013-11-24,23.801245
2013-11-25,24.211708
2013-11-26,22.841162
2013-11-27,22.21193
2013-11-28,21.889704
2013-11-29,21.41211
2013-11-30,21.923742
2014-06-01,34.778675
2014-06-02,35.975815
2014-06-03,36.290848
2014-06-04,35.95162
2014-06-05,35.62181
2014-06-06,34.911137
2014-06-07,34.630386
2014-06-08,34.391384
2014-06-09,33.67258
2014-06-10,34.060936
2014-06-11,32.225822
2014-06-12,31.779093
2014-06-13,31.55852
2014-06-14,30.915888
2014-06-15,30.433235
2014-06-16,30.117243
2014-06-17,30.232231
2014-06-18,30.685186
2014-06-19,30.448034
2014-06-20,30.269068
2014-06-21,30.374315
2014-06-22,30.050196
2014-06-23,30.607626
2014-06-24,30.641846
2014-06-25,30.490265
2014-06-26,30.973701
2014-06-27,31.798552
2014-06-28,31.905798
2014-06-29,31.179934
2014-06-30,30.81632
2014-07-01,30.896864
2014-07-02,30.98472
2014-07-03,30.748499
2014-07-04,31.583344
2014-07-05,32.212864
2014-07-06,31.822126
2014-07-07,31.702997
2014-07-08,31.290771
2014-07-09,30.244026
2014-07-10,30.173988
2014-07-11,30.69387
2014-07-12,28.652208
2014-07-13,27.167551
2014-07-14,26.3999
2014-07-15,25.585062
2014-07-16,24.315308
2014-07-17,26.070429
2014-07-18,25.497896
2014-07-19,24.388197
2014-07-20,26.042288
2014-07-21,25.333506
2014-07-22,24.227224
2014-07-23,23.086067
2014-07-24,23.083532
2014-07-25,24.17128
2014-07-26,25.118628
2014-07-27,24.945734
2014-07-28,24.35258
2014-07-29,25.236544
2014-07-30,25.315252
2014-07-31,25.26827
2014-08-01,26.181412
2014-08-02,25.61094
2014-08-03,24.494766
2014-08-04,24.983217
2014-08-05,23.97589
2014-08-06,23.084192
2014-08-07,24.891968
2014-08-08,25.536469
2014-08-09,25.406067
2014-08-10,25.66393
2014-08-11,25.345627
2014-08-12,25.388098
2014-08-13,25.888077
2014-08-14,25.224152
2014-08-15,25.01848
2014-08-16,24.937857
2014-08-17,25.5003
2014-08-18,26.349146
2014-08-19,27.260386
2014-08-20,27.583334
2014-08-21,27.591667
2014-08-22,27.183508
2014-08-23,26.087133
2014-08-24,26.887228
2014-08-25,26.722588
2014-08-26,26.081009
2014-08-27,26.358843
2014-08-28,25.959024
2014-08-29,26.397964
2014-08-30,25.758165
2014-08-31,25.708511
2014-09-01,25.845009
2014-09-02,24.786554
2014-09-03,25.128042
2014-09-04,24.973083
2014-09-05,24.850924
2014-09-06,25.50974
2014-09-07,24.590654
2014-09-08,24.186724
2014-09-09,22.296629
2014-09-10,23.012732
2014-09-11,24.287788
2014-09-12,23.976852
2014-09-13,24.721392
2014-09-14,24.817719
2014-09-15,25.372797
2014-09-16,25.845444
2014-09-17,25.888992
2014-09-18,26.381798
2014-09-19,26.163109
2014-09-20,25.815905
2014-09-21,25.758886
2014-09-22,25.744497
2014-09-23,25.641733
2014-09-24,25.460623
2014-09-25,26.052599
2014-09-26,26.406847
2014-09-27,26.597036
2014-09-28,26.769928
2014-09-29,27.150095
2014-09-30,27.25936
2014-10-01,27.308119
2014-10-02,27.51571
2014-10-03,27.64125
2014-10-04,27.581476
2014-10-05,27.446215
2014-10-06,27.60521
2014-10-07,27.408844
2014-10-08,26.911158
2014-10-09,27.28447
2014-10-10,27.388306
2014-10-11,27.305084
2014-10-12,27.295244
2014-10-13,27.228111
2014-10-14,26.773315
2014-10-15,27.286896
2014-10-16,27.426615
2014-10-17,26.883242
2014-10-18,26.602526
2014-10-19,27.181711
2014-10-20,27.13806
2014-10-21,27.09671
2014-10-22,27.193298
2014-10-23,27.658592
2014-10-24,27.564142
2014-10-25,25.393347
2014-10-26,24.559393
2014-10-27,25.255957
2014-10-28,25.436378
2014-10-29,26.120264
2014-10-30,26.666992
2014-10-31,26.767578
2014-11-01,26.844885
2014-11-02,26.622877
2014-11-03,26.872795
2014-11-04,26.818094
2014-11-05,26.859985
2014-11-06,25.892996
2014-11-07,25.630722
2014-11-08,25.666922
2014-11-09,25.386236
2014-11-10,25.846893
2014-11-11,26.193563
2014-11-12,25.707586
2014-11-13,26.624857
2014-11-14,26.66688
2014-11-15,25.30794
2014-11-16,24.879206
2014-11-17,24.963339
2014-11-18,24.361502
2014-11-19,23.608744
2014-11-20,24.190414
2014-11-21,23.79795
2014-11-22,23.822243
2014-11-23,24.176733
2014-11-24,23.575144
2014-11-25,23.570917
2014-11-26,23.529425
2014-11-27,23.891962
2014-11-28,24.215036
2014-11-29,23.884836
2014-11-30,23.529257
2015-06-01,34.437702
2015-06-02,32.92865
2015-06-03,32.66312
2015-06-04,33.471943
2015-06-05,35.09634
2015-06-06,33.968185
2015-06-07,34.579075
2015-06-08,32.455677
2015-06-09,31.425392
2015-06-10,32.646294
2015-06-11,30.116776
2015-06-12,27.950724
2015-06-13,27.379454
2015-06-14,27.647371
2015-06-15,28.285324
2015-06-16,27.747519
2015-06-17,28.33132
2015-06-18,28.82205
2015-06-19,28.485529
2015-06-20,28.777267
2015-06-21,28.936651
2015-06-22,26.912409
2015-06-23,27.89905
2015-06-24,25.610458
2015-06-25,26.27559
2015-06-26,27.108835
2015-06-27,27.650482
2015-06-28,27.763128
2015-06-29,27.80542
2015-06-30,27.6206
2015-07-01,27.83932
2015-07-02,28.144516
2015-07-03,28.12633
2015-07-04,28.1539
2015-07-05,28.25603
2015-07-06,27.638868
2015-07-07,27.572495
2015-07-08,28.262247
2015-07-09,27.933634
2015-07-10,28.412058
2015-07-11,28.199137
2015-07-12,28.771736
2015-07-13,28.962988
2015-07-14,29.419
2015-07-15,28.817148
2015-07-16,28.589172
2015-07-17,27.62526
2015-07-18,24.995428
2015-07-19,24.15773
2015-07-20,23.6603
2015-07-21,24.088522
2015-07-22,24.864386
2015-07-23,25.490286
2015-07-24,25.461615
2015-07-25,23.174522
2015-07-26,23.148691
2015-07-27,23.082886
2015-07-28,23.76683
2015-07-29,23.70813
2015-07-30,25.516047
2015-07-31,25.5104
2015-08-01,25.619528
2015-08-02,25.293045
2015-08-03,25.688776
2015-08-04,24.401297
2015-08-05,23.921717
2015-08-06,25.160261
2015-08-07,26.036936
2015-08-08,25.911829
2015-08-09,25.0893
2015-08-10,25.871277
2015-08-11,26.046135
2015-08-12,24.794561
2015-08-13,24.461477
2015-08-14,25.10051
2015-08-15,25.71206
2015-08-16,25.77181
2015-08-17,25.598314
2015-08-18,24.819391
2015-08-19,26.126749
2015-08-20,26.037994
2015-08-21,25.614044
2015-08-22,25.59247
2015-08-23,25.710497
2015-08-24,25.778646
2015-08-25,25.900278
2015-08-26,26.29463
2015-08-27,26.564102
2015-08-28,26.41131
2015-08-29,26.031252
2015-08-30,25.736105
2015-08-31,25.284952
2015-09-01,25.313665
2015-09-02,24.953585
2015-09-03,25.482206
2015-09-04,26.471289
2015-09-05,27.000984
2015-09-06,26.617025
2015-09-07,26.138199
2015-09-08,26.615866
2015-09-09,26.841848
2015-09-10,27.100626
2015-09-11,27.988474
2015-09-12,28.514969
2015-09-13,28.286642
2015-09-14,27.812159
2015-09-15,27.825861
2015-09-16,28.629389
2015-09-17,27.561462
2015-09-18,25.813452
2015-09-19,25.062109
2015-09-20,25.395248
2015-09-21,25.670725
2015-09-22,25.454435
2015-09-23,25.379282
2015-09-24,24.916288
2015-09-25,24.18717
2015-09-26,24.530752
2015-09-27,25.568644
2015-09-28,26.381247
2015-09-29,27.488367
2015-09-30,27.818125
2015-10-01,27.940842
2015-10-02,28.668238
2015-10-03,28.598602
2015-10-04,28.314566
2015-10-05,28.75849
2015-10-06,28.921295
2015-10-07,29.130188
2015-10-08,29.39656
2015-10-09,29.367218
2015-10-10,28.224207
2015-10-11,28.314512
2015-10-12,28.711578
2015-10-13,28.856863
2015-10-14,29.3441
2015-10-15,29.277006
2015-10-16,28.72319
2015-10-17,28.831451
2015-10-18,29.121803
2015-10-19,29.359812
2015-10-20,28.807917
2015-10-21,28.555582
2015-10-22,28.44896
2015-10-23,28.144053
2015-10-24,28.113272
2015-10-25,28.042109
2015-10-26,26.786629
2015-10-27,24.767893
2015-10-28,25.001871
2015-10-29,23.321753
2015-10-30,22.477213
2015-10-31,22.911865
2015-11-01,24.627466
2015-11-02,25.65593
2015-11-03,25.960096
2015-11-04,26.413145
2015-11-05,26.074305
2015-11-06,25.640154
2015-11-07,26.09788
2015-11-08,26.072577
2015-11-09,25.692785
2015-11-10,25.917727
2015-11-11,26.451532
2015-11-12,26.449173
2015-11-13,26.342392
2015-11-14,26.002775
2015-11-15,25.840841
2015-11-16,25.459135
2015-11-17,24.62851
2015-11-18,23.92685
2015-11-19,23.472723
2015-11-20,23.071695
2015-11-21,23.567408
2015-11-22,24.544626
2015-11-23,24.60594
2015-11-24,25.485863
2015-11-25,25.258734
2015-11-26,25.518316
2015-11-27,23.625586
2015-11-28,22.845856
2015-11-29,25.23107
2015-11-30,25.635233
2016-06-01,34.028355
2016-06-02,34.36642
2016-06-03,35.316494
2016-06-04,37.11372
2016-06-05,37.417618
2016-06-06,36.302197
2016-06-07,35.752472
2016-06-08,34.685894
2016-06-09,33.745304
2016-06-10,33.04096
2016-06-11,32.409008
2016-06-12,32.386555
2016-06-13,31.891083
2016-06-14,31.54119
2016-06-15,30.906961
2016-06-16,31.25126
2016-06-17,32.387173
2016-06-18,28.962296
2016-06-19,28.530289
2016-06-20,28.882582
2016-06-21,28.25506
2016-06-22,27.981165
2016-06-23,28.181854
2016-06-24,28.23638
2016-06-25,27.643621
2016-06-26,28.660929
2016-06-27,28.559105
2016-06-28,27.13032
2016-06-29,27.063944
2016-06-30,28.276278
2016-07-01,28.421331
2016-07-02,27.233438
2016-07-03,26.3086
2016-07-04,25.63003
2016-07-05,27.122803
2016-07-06,26.858595
2016-07-07,26.324896
2016-07-08,25.767725
2016-07-09,24.337448
2016-07-10,24.258112
2016-07-11,24.306602
2016-07-12,23.789957
2016-07-13,25.645264
2016-07-14,26.697973
2016-07-15,26.483873
2016-07-16,25.15448
2016-07-17,24.901466
2016-07-18,25.346918
2016-07-19,25.969858
2016-07-20,26.373423
2016-07-21,26.099487
2016-07-22,26.29592
2016-07-23,25.335564
2016-07-24,24.671707
2016-07-25,25.792154
2016-07-26,25.328812
2016-07-27,23.549402
2016-07-28,24.355736
2016-07-29,25.26915
2016-07-30,25.445986
2016-07-31,24.722868
2016-08-01,24.18247
2016-08-02,24.068537
2016-08-03,23.75798
2016-08-04,24.593939
2016-08-05,24.585793
2016-08-06,23.406494
2016-08-07,23.240906
2016-08-08,23.598938
2016-08-09,23.867096
2016-08-10,23.740425
2016-08-11,24.701544
2016-08-12,25.791937
2016-08-13,25.572556
2016-08-14,25.5207
2016-08-15,25.48734
2016-08-16,25.36231
2016-08-17,25.397581
2016-08-18,25.4172
2016-08-19,23.630098
2016-08-20,22.423264
2016-08-21,23.445013
2016-08-22,24.40095
2016-08-23,24.675455
2016-08-24,24.770739
2016-08-25,25.383904
2016-08-26,25.84253
2016-08-27,25.349783
2016-08-28,25.937864
2016-08-29,26.381021
2016-08-30,25.9461
2016-08-31,24.841064
2016-09-01,24.479721
2016-09-02,24.75447
2016-09-03,24.74115
2016-09-04,24.59964
2016-09-05,24.524755
2016-09-06,24.373545
2016-09-07,24.212263
2016-09-08,24.68083
2016-09-09,25.356165
2016-09-10,25.499578
2016-09-11,24.920076
2016-09-12,25.541687
2016-09-13,26.488684
2016-09-14,27.23664
2016-09-15,26.85988
2016-09-16,26.273977
2016-09-17,26.35246
2016-09-18,26.147623
2016-09-19,25.714706
2016-09-20,26.241333
2016-09-21,26.021927
2016-09-22,25.975508
2016-09-23,27.034952
2016-09-24,27.321259
2016-09-25,26.998398
2016-09-26,27.053034
2016-09-27,27.317698
2016-09-28,27.215288
2016-09-29,26.893557
2016-09-30,26.52713
2016-10-01,25.899055
2016-10-02,26.339273
2016-10-03,26.25289
2016-10-04,25.323141
2016-10-05,24.281706
2016-10-06,24.448687
2016-10-07,25.342827
2016-10-08,25.82136
2016-10-09,26.538702
2016-10-10,26.13027
2016-10-11,25.11258
2016-10-12,24.063913
2016-10-13,23.73909
2016-10-14,24.6986
2016-10-15,25.186264
2016-10-16,25.462214
2016-10-17,25.328117
2016-10-18,25.24119
2016-10-19,25.167542
2016-10-20,25.305984
2016-10-21,25.597544
2016-10-22,25.642954
2016-10-23,25.62456
2016-10-24,24.875452
2016-10-25,24.306528
2016-10-26,24.975058
2016-10-27,25.37303
2016-10-28,24.531647
2016-10-29,24.052124
2016-10-30,23.051743
2016-10-31,23.575274
2016-11-01,23.354399
2016-11-02,22.99586
2016-11-03,22.85938
2016-11-04,23.310492
2016-11-05,23.299395
2016-11-06,23.607382
2016-11-07,23.754297
2016-11-08,23.106558
2016-11-09,22.785194
2016-11-10,23.023758
2016-11-11,23.394676
2016-11-12,23.270828
2016-11-13,23.014212
2016-11-14,22.681646
2016-11-15,22.125143
2016-11-16,21.948515
2016-11-17,21.591438
2016-11-18,22.04511
2016-11-19,22.429804
2016-11-20,22.379618
2016-11-21,22.655802
2016-11-22,22.66594
2016-11-23,22.260641
2016-11-24,21.58078
2016-11-25,21.669542
2016-11-26,22.251219
2016-11-27,22.581362
2016-11-28,22.79918
2016-11-29,22.785028
2016-11-30,22.941423
2017-06-01,32.242233
2017-06-02,33.31216
2017-06-03,34.801105
2017-06-04,33.027943
2017-06-05,32.558495
2017-06-06,32.37127
2017-06-07,31.313782
2017-06-08,29.6242
2017-06-09,29.178452
2017-06-10,29.732553
2017-06-11,29.73417
2017-06-12,31.30307
2017-06-13,30.626328
2017-06-14,31.231354
2017-06-15,31.302176
2017-06-16,31.296194
2017-06-17,31.44227
2017-06-18,31.398798
2017-06-19,31.022188
2017-06-20,30.323206
2017-06-21,29.97613
2017-06-22,29.51944
2017-06-23,28.530159
2017-06-24,26.506277
2017-06-25,28.199432
2017-06-26,27.195211
2017-06-27,26.962616
2017-06-28,27.242697
2017-06-29,28.215187
2017-06-30,27.178183
2017-07-01,25.907974
2017-07-02,25.5166
2017-07-03,25.936853
2017-07-04,25.01954
2017-07-05,26.99978
2017-07-06,27.459932
2017-07-07,27.653137
2017-07-08,27.711557
2017-07-09,28.032328
2017-07-10,27.568785
2017-07-11,26.643211
2017-07-12,25.999939
2017-07-13,23.766855
2017-07-14,23.806784
2017-07-15,24.938543
2017-07-16,25.502157
2017-07-17,25.35232
2017-07-18,26.536211
2017-07-19,26.248465
2017-07-20,24.639267
2017-07-21,25.068068
2017-07-22,24.186066
2017-07-23,23.62747
2017-07-24,24.284079
2017-07-25,23.784983
2017-07-26,23.146088
2017-07-27,23.451782
2017-07-28,22.824694
2017-07-29,25.401117
2017-07-30,25.803728
2017-07-31,26.081581
2017-08-01,25.972092
2017-08-02,25.804987
2017-08-03,25.786919
2017-08-04,25.93133
2017-08-05,26.322578
2017-08-06,25.763956
2017-08-07,25.789072
2017-08-08,24.4648
2017-08-09,26.157297
2017-08-10,26.197344
2017-08-11,26.126266
2017-08-12,25.55472
2017-08-13,25.011988
2017-08-14,25.874887
2017-08-15,25.804739
2017-08-16,26.128256
2017-08-17,26.256973
2017-08-18,26.642542
2017-08-19,25.66474
2017-08-20,26.397253
2017-08-21,25.978867
2017-08-22,25.127563
2017-08-23,25.47673
2017-08-24,25.606375
2017-08-25,25.173529
2017-08-26,25.345566
2017-08-27,24.880157
2017-08-28,25.37161
2017-08-29,24.979517
2017-08-30,24.99845
2017-08-31,25.590235
2017-09-01,25.062103
2017-09-02,25.3935
2017-09-03,24.265823
2017-09-04,25.601507
2017-09-05,25.661047
2017-09-06,25.788345
2017-09-07,26.084518
2017-09-08,27.045685
2017-09-09,27.019659
2017-09-10,27.215704
2017-09-11,27.280924
2017-09-12,26.959457
2017-09-13,26.15072
2017-09-14,26.357431
2017-09-15,25.247864
2017-09-16,25.250704
2017-09-17,25.947906
2017-09-18,25.637312
2017-09-19,27.456202
2017-09-20,27.612167
2017-09-21,25.573885
2017-09-22,24.867304
2017-09-23,25.460455
2017-09-24,25.814285
2017-09-25,25.951136
2017-09-26,25.974548
2017-09-27,26.767542
2017-09-28,27.24398
2017-09-29,27.25196
2017-09-30,27.42035
2017-10-01,27.593079
2017-10-02,27.576174
2017-10-03,27.396532
2017-10-04,27.472448
2017-10-05,27.604822
2017-10-06,27.9925
2017-10-07,28.07007
2017-10-08,28.109346
2017-10-09,27.40574
2017-10-10,26.09276
2017-10-11,26.99347
2017-10-12,27.623611
2017-10-13,27.249552
2017-10-14,28.29143
2017-10-15,28.103544
2017-10-16,27.433273
2017-10-17,27.088236
2017-10-18,26.757284
2017-10-19,26.44959
2017-10-20,27.78794
2017-10-21,28.38592
2017-10-22,27.73406
2017-10-23,26.307688
2017-10-24,25.88092
2017-10-25,25.914396
2017-10-26,26.11643
2017-10-27,25.566269
2017-10-28,25.999557
2017-10-29,25.768372
2017-10-30,25.19313
2017-10-31,24.798925
2017-11-01,24.626806
2017-11-02,24.655943
2017-11-03,25.126879
2017-11-04,24.317663
2017-11-05,23.849533
2017-11-06,24.292603
2017-11-07,24.539352
2017-11-08,24.597406
2017-11-09,24.40806
2017-11-10,23.840605
2017-11-11,23.1854
2017-11-12,22.317247
2017-11-13,22.037315
2017-11-14,22.631388
2017-11-15,22.737885
2017-11-16,22.990088
2017-11-17,23.675287
2017-11-18,23.704134
2017-11-19,23.462273
2017-11-20,24.266724
2017-11-21,23.72062
2017-11-22,23.613617
2017-11-23,23.091608
2017-11-24,22.455835
2017-11-25,21.511614
2017-11-26,21.72751
2017-11-27,21.448877
2017-11-28,22.028376
2017-11-29,21.936218
2017-11-30,21.549513
2018-06-01,34.837547
2018-06-02,33.53733
2018-06-03,33.897636
2018-06-04,34.214157
2018-06-05,34.471146
2018-06-06,33.785587
2018-06-07,34.378918
2018-06-08,33.268475
2018-06-09,32.438953
2018-06-10,31.898155
2018-06-11,31.818909
2018-06-12,31.447927
2018-06-13,31.087786
2018-06-14,31.065704
2018-06-15,30.793953
2018-06-16,30.44407
2018-06-17,29.51702
2018-06-18,31.375769
2018-06-19,31.175787
2018-06-20,31.072477
2018-06-21,30.653275
2018-06-22,29.049051
2018-06-23,29.461443
2018-06-24,27.84524
2018-06-25,26.731262
2018-06-26,25.021423
2018-06-27,26.106346
2018-06-28,25.491697
2018-06-29,26.169027
2018-06-30,27.62963
2018-07-01,27.895742
2018-07-02,27.501623
2018-07-03,25.799149
2018-07-04,24.652433
2018-07-05,26.25434
2018-07-06,27.424112
2018-07-07,25.245453
2018-07-08,26.783623
2018-07-09,26.062597
2018-07-10,25.316229
2018-07-11,24.56391
2018-07-12,23.972168
2018-07-13,24.916077
2018-07-14,24.760206
2018-07-15,25.027822
2018-07-16,25.837578
2018-07-17,25.097412
2018-07-18,24.831766
2018-07-19,25.02273
2018-07-20,25.362482
2018-07-21,24.586884
2018-07-22,24.266058
2018-07-23,23.640692
2018-07-24,24.28063
2018-07-25,24.205088
2018-07-26,24.43624
2018-07-27,25.46753
2018-07-28,26.157919
2018-07-29,25.996628
2018-07-30,25.658976
2018-07-31,26.008131
2018-08-01,26.104202
2018-08-02,26.077753
2018-08-03,25.905945
2018-08-04,26.186575
2018-08-05,25.830261
2018-08-06,25.659973
2018-08-07,25.123549
2018-08-08,23.704908
2018-08-09,24.734045
2018-08-10,25.448572
2018-08-11,25.636047
2018-08-12,25.410955
2018-08-13,25.720663
2018-08-14,25.652588
2018-08-15,25.364511
2018-08-16,25.191132
2018-08-17,24.688654
2018-08-18,24.207697
2018-08-19,24.54521
2018-08-20,24.173635
2018-08-21,22.879211
2018-08-22,22.87159
2018-08-23,24.201675
2018-08-24,24.891138
2018-08-25,24.723907
2018-08-26,24.330215
2018-08-27,23.965849
2018-08-28,24.007307
2018-08-29,23.263422
2018-08-30,24.483828
2018-08-31,24.263906
2018-09-01,24.049515
2018-09-02,24.722227
2018-09-03,24.640474
2018-09-04,24.718088
2018-09-05,24.276726
2018-09-06,24.409744
2018-09-07,22.899973
2018-09-08,22.576591
2018-09-09,23.548777
2018-09-10,24.490198
2018-09-11,24.747278
2018-09-12,24.751799
2018-09-13,23.985285
2018-09-14,24.19932
2018-09-15,24.909788
2018-09-16,25.505106
2018-09-17,25.813566
2018-09-18,26.159307
2018-09-19,26.52706
2018-09-20,26.853485
2018-09-21,26.482336
2018-09-22,23.604517
2018-09-23,24.756943
2018-09-24,25.113108
2018-09-25,25.805914
2018-09-26,25.725027
2018-09-27,25.73841
2018-09-28,26.18313
2018-09-29,26.230036
2018-09-30,26.311646
2018-10-01,27.047812
2018-10-02,27.523508
2018-10-03,27.673584
2018-10-04,27.381048
2018-10-05,27.155067
2018-10-06,27.452856
2018-10-07,27.058073
2018-10-08,26.956984
2018-10-09,26.720911
2018-10-10,27.065042
2018-10-11,27.113724
2018-10-12,26.449232
2018-10-13,25.731451
2018-10-14,26.092798
2018-10-15,26.922274
2018-10-16,26.78916
2018-10-17,26.625982
2018-10-18,26.580841
2018-10-19,27.415695
2018-10-20,27.395777
2018-10-21,26.820848
2018-10-22,25.374483
2018-10-23,25.614817
2018-10-24,25.852652
2018-10-25,26.068964
2018-10-26,25.926626
2018-10-27,25.9779
2018-10-28,25.615555
2018-10-29,24.326498
2018-10-30,24.225557
2018-10-31,24.763376
2018-11-01,25.812119
2018-11-02,26.38093
2018-11-03,26.718369
2018-11-04,26.703344
2018-11-05,25.947777
2018-11-06,24.064844
2018-11-07,22.799276
2018-11-08,22.676424
2018-11-09,23.67016
2018-11-10,23.876833
2018-11-11,24.054163
2018-11-12,24.107956
2018-11-13,24.523392
2018-11-14,24.522127
2018-11-15,24.515
2018-11-16,23.891563
2018-11-17,24.090256
2018-11-18,24.772558
2018-11-19,25.4591
2018-11-20,25.586214
2018-11-21,25.079857
2018-11-22,24.900644
2018-11-23,24.797434
2018-11-24,23.456139
2018-11-25,22.331446
2018-11-26,21.633804
2018-11-27,21.87266
2018-11-28,21.765833
2018-11-29,21.405603
2018-11-30,20.981049
2019-06-01,35.113384
2019-06-02,34.949223
2019-06-03,35.129078
2019-06-04,34.97423
2019-06-05,35.50749
2019-06-06,35.73698
2019-06-07,35.79573
2019-06-08,35.660988
2019-06-09,35.84915
2019-06-10,35.06225
2019-06-11,35.18387
2019-06-12,34.90619
2019-06-13,32.796215
2019-06-14,33.173645
2019-06-15,32.429432
2019-06-16,31.462164
2019-06-17,31.069265
2019-06-18,30.564224
2019-06-19,29.402023
2019-06-20,30.233185
2019-06-21,31.08526
2019-06-22,30.05748
2019-06-23,30.116455
2019-06-24,29.468622
2019-06-25,29.049082
2019-06-26,29.12709
2019-06-27,28.108732
2019-06-28,27.557623
2019-06-29,26.642609
2019-06-30,26.066717
2019-07-01,26.682917
2019-07-02,27.04345
2019-07-03,24.48819
2019-07-04,24.533264
2019-07-05,24.063044
2019-07-06,23.978004
2019-07-07,24.858475
2019-07-08,25.831244
2019-07-09,27.033167
2019-07-10,27.086082
2019-07-11,27.130707
2019-07-12,27.056742
2019-07-13,27.145056
2019-07-14,27.26658
2019-07-15,27.189817
2019-07-16,27.393408
2019-07-17,27.685753
2019-07-18,27.930006
2019-07-19,28.715515
2019-07-20,28.084236
2019-07-21,28.304525
2019-07-22,29.065996
2019-07-23,29.848402
2019-07-24,29.238302
2019-07-25,26.350456
2019-07-26,25.13057
2019-07-27,24.644346
2019-07-28,23.988113
2019-07-29,25.647856
2019-07-30,24.117949
2019-07-31,23.905487
2019-08-01,24.031677
2019-08-02,24.36917
2019-08-03,24.07028
2019-08-04,25.35771
2019-08-05,24.71933
2019-08-06,25.513527
2019-08-07,24.154398
2019-08-08,23.877665
2019-08-09,24.025705
2019-08-10,25.87879
2019-08-11,25.067856
2019-08-12,25.705803
2019-08-13,25.981146
2019-08-14,24.054052
2019-08-15,23.54902
2019-08-16,24.980127
2019-08-17,25.69
2019-08-18,24.917398
2019-08-19,25.184134
2019-08-20,25.931734
2019-08-21,25.860306
2019-08-22,26.16392
2019-08-23,25.939651
2019-08-24,24.990198
2019-08-25,23.557032
2019-08-26,22.963373
2019-08-27,22.731237
2019-08-28,23.569036
2019-08-29,25.641794
2019-08-30,26.054453
2019-08-31,25.168558
2019-09-01,25.53082
2019-09-02,25.767145
2019-09-03,25.055847
2019-09-04,25.459955
2019-09-05,25.480452
2019-09-06,25.6482
2019-09-07,26.170176
2019-09-08,25.225443
2019-09-09,24.534971
2019-09-10,23.792528
2019-09-11,24.747187
2019-09-12,23.638922
2019-09-13,23.327261
2019-09-14,24.020807
2019-09-15,24.32634
2019-09-16,24.747864
2019-09-17,26.04637
2019-09-18,26.32103
2019-09-19,25.810537
2019-09-20,25.636328
2019-09-21,25.373278
2019-09-22,25.922241
2019-09-23,25.229668
2019-09-24,25.762548
2019-09-25,25.44913
2019-09-26,25.157736
2019-09-27,24.237185
2019-09-28,24.486616
2019-09-29,24.731543
2019-09-30,24.730448
2019-10-01,23.924713
2019-10-02,25.223219
2019-10-03,25.309958
2019-10-04,25.662863
2019-10-05,25.399704
2019-10-06,25.395452
2019-10-07,25.67016
2019-10-08,25.727417
2019-10-09,25.820282
2019-10-10,25.645996
2019-10-11,25.339401
2019-10-12,24.855585
2019-10-13,24.841124
2019-10-14,25.872253
2019-10-15,25.668207
2019-10-16,25.55536
2019-10-17,25.104958
2019-10-18,25.29927
2019-10-19,24.257303
2019-10-20,23.766693
2019-10-21,23.589533
2019-10-22,23.513605
2019-10-23,21.495546
2019-10-24,22.305822
2019-10-25,23.742151
2019-10-26,23.206545
2019-10-27,22.318396
2019-10-28,23.728106
2019-10-29,24.542871
2019-10-30,25.086802
2019-10-31,25.163542
2019-11-01,25.139704
2019-11-02,22.594263
2019-11-03,23.544878
2019-11-04,24.069077
2019-11-05,24.337152
2019-11-06,24.34098
2019-11-07,24.295729
2019-11-08,23.93927
2019-11-09,23.9625
2019-11-10,23.875757
2019-11-11,23.9536
2019-11-12,23.882185
2019-11-13,23.569662
2019-11-14,22.801626
2019-11-15,22.429907
2019-11-16,23.023481
2019-11-17,22.669466
2019-11-18,22.60585
2019-11-19,22.758753
2019-11-20,22.176376
2019-11-21,22.394424
2019-11-22,22.739447
2019-11-23,23.07633
2019-11-24,23.031641
2019-11-25,22.960901
2019-11-26,22.955545
2019-11-27,23.339376
2019-11-28,23.469278
2019-11-29,23.482742
2019-11-30,22.874146
2020-06-01,33.76793
2020-06-02,28.840088
2020-06-03,24.493727
2020-06-04,26.127665
2020-06-05,27.577805
2020-06-06,27.59255
2020-06-07,28.213171
2020-06-08,28.472883
2020-06-09,29.605963
2020-06-10,29.73203
2020-06-11,29.354858
2020-06-12,29.093222
2020-06-13,29.41598
2020-06-14,28.53875
2020-06-15,27.686806
2020-06-16,29.222544
2020-06-17,28.375092
2020-06-18,29.096834
2020-06-19,29.100647
2020-06-20,28.805197
2020-06-21,29.034735
2020-06-22,28.734991
2020-06-23,26.651566
2020-06-24,27.731369
2020-06-25,28.984886
2020-06-26,28.514055
2020-06-27,28.89305
2020-06-28,29.247602
2020-06-29,28.959467
2020-06-30,29.70539
2020-07-01,29.660301
2020-07-02,29.444464
2020-07-03,27.812998
2020-07-04,28.32698
2020-07-05,26.469015
2020-07-06,25.362818
2020-07-07,26.999138
2020-07-08,27.877367
2020-07-09,27.754572
2020-07-10,27.895025
2020-07-11,27.75035
2020-07-12,26.99585
2020-07-13,27.751596
2020-07-14,28.179926
2020-07-15,26.728012
2020-07-16,26.709305
2020-07-17,27.573244
2020-07-18,28.28765
2020-07-19,27.844124
2020-07-20,27.731516
2020-07-21,27.830063
2020-07-22,28.511683
2020-07-23,27.154943
2020-07-24,26.833847
2020-07-25,26.318422
2020-07-26,27.459345
2020-07-27,27.880136
2020-07-28,27.823805
2020-07-29,26.849533
2020-07-30,27.056269
2020-07-31,27.582212
2020-08-01,28.35472
2020-08-02,28.86057
2020-08-03,27.224401
2020-08-04,27.564722
2020-08-05,26.716192
2020-08-06,26.727188
2020-08-07,25.508509
2020-08-08,26.05304
2020-08-09,25.022772
2020-08-10,26.054558
2020-08-11,25.657228
2020-08-12,24.505518
2020-08-13,23.542124
2020-08-14,24.557083
2020-08-15,24.274775
2020-08-16,24.5814
2020-08-17,24.577454
2020-08-18,24.185423
2020-08-19,24.241297
2020-08-20,24.526361
2020-08-21,24.553633
2020-08-22,23.767906
2020-08-23,23.942293
2020-08-24,25.341301
2020-08-25,25.573095
2020-08-26,25.836502
2020-08-27,25.151957
2020-08-28,24.288446
2020-08-29,23.712713
2020-08-30,23.850965
2020-08-31,25.527023
2020-09-01,25.36846
2020-09-02,25.766798
2020-09-03,26.254557
2020-09-04,26.711824
2020-09-05,27.219193
2020-09-06,27.186447
2020-09-07,26.971695
2020-09-08,27.233892
2020-09-09,27.711716
2020-09-10,27.532705
2020-09-11,26.084162
2020-09-12,27.206705
2020-09-13,26.901983
2020-09-14,26.308802
2020-09-15,26.171377
2020-09-16,26.756836
2020-09-17,26.966425
2020-09-18,26.462725
2020-09-19,27.06605
2020-09-20,27.342224
2020-09-21,27.505621
2020-09-22,26.986612
2020-09-23,25.125814
2020-09-24,26.260216
2020-09-25,26.69957
2020-09-26,24.91944
2020-09-27,25.10531
2020-09-28,25.16558
2020-09-29,25.459509
2020-09-30,26.043549
2020-10-01,26.460466
2020-10-02,26.914047
2020-10-03,26.759516
2020-10-04,26.733292
2020-10-05,26.158075
2020-10-06,25.809387
2020-10-07,26.440718
2020-10-08,26.331598
2020-10-09,26.82244
2020-10-10,27.154718
2020-10-11,27.076487
2020-10-12,27.655754
2020-10-13,27.985434
2020-10-14,28.758423
2020-10-15,28.291922
2020-10-16,27.864466
2020-10-17,27.74137
2020-10-18,27.732254
2020-10-19,27.59165
2020-10-20,27.115
2020-10-21,27.093668
2020-10-22,26.720535
2020-10-23,26.228884
2020-10-24,25.029257
2020-10-25,24.957468
2020-10-26,24.91688
2020-10-27,24.785666
2020-10-28,24.711761
2020-10-29,24.972769
2020-10-30,25.156197
2020-10-31,24.755896
2020-11-01,24.191183
2020-11-02,24.132101
2020-11-03,23.805174
2020-11-04,23.24026
2020-11-05,23.021566
2020-11-06,23.039133
2020-11-07,22.619429
2020-11-08,22.456696
2020-11-09,22.394545
2020-11-10,21.71283
2020-11-11,21.396881
2020-11-12,22.037659
2020-11-13,24.237783
2020-11-14,25.25801
2020-11-15,25.463507
2020-11-16,25.931952
2020-11-17,25.888857
2020-11-18,24.991776
2020-11-19,24.191385
2020-11-20,22.555384
2020-11-21,20.92486
2020-11-22,20.772919
2020-11-23,22.330725
2020-11-24,23.261065
2020-11-25,22.992361
2020-11-26,22.759354
2020-11-27,20.94734
2020-11-28,21.165846
2020-11-29,22.78214
2020-11-30,23.729675
2021-06-01,32.39847
2021-06-02,32.224773
2021-06-03,31.66922
2021-06-04,30.484901
2021-06-05,29.37269
2021-06-06,28.529547
2021-06-07,28.740149
2021-06-08,30.192438
2021-06-09,30.205534
2021-06-10,29.976202
2021-06-11,30.07923
2021-06-12,30.498985
2021-06-13,31.044085
2021-06-14,30.867706
2021-06-15,30.47767
2021-06-16,30.018309
2021-06-17,29.311478
2021-06-18,27.90735
2021-06-19,27.8841
2021-06-20,25.719564
2021-06-21,26.856878
2021-06-22,27.50313
2021-06-23,26.763308
2021-06-24,25.406158
2021-06-25,27.025732
2021-06-26,27.305319
2021-06-27,27.44325
2021-06-28,28.183115
2021-06-29,28.945929
2021-06-30,28.576859
2021-07-01,28.070986
2021-07-02,28.016722
2021-07-03,28.54537
2021-07-04,28.579742
2021-07-05,28.635843
2021-07-06,29.52569
2021-07-07,29.971323
2021-07-08,29.596762
2021-07-09,28.135742
2021-07-10,28.192694
2021-07-11,27.518906
2021-07-12,28.701437
2021-07-13,28.143396
2021-07-14,28.061102
2021-07-15,28.58034
2021-07-16,28.530432
2021-07-17,28.774767
2021-07-18,28.178879
2021-07-19,26.25168
2021-07-20,25.841316
2021-07-21,25.924566
2021-07-22,26.486834
2021-07-23,25.35264
2021-07-24,24.377813
2021-07-25,23.64373
2021-07-26,24.011526
2021-07-27,23.58747
2021-07-28,24.37739
2021-07-29,23.797028
2021-07-30,25.326757
2021-07-31,24.964186
2021-08-01,24.802658
2021-08-02,23.43921
2021-08-03,24.214523
2021-08-04,24.77062
2021-08-05,24.71026
2021-08-06,23.767982
2021-08-07,23.97124
2021-08-08,25.521553
2021-08-09,25.92292
2021-08-10,25.779413
2021-08-11,25.641336
2021-08-12,25.643686
2021-08-13,25.499659
2021-08-14,25.420204
2021-08-15,25.549109
2021-08-16,26.405426
2021-08-17,26.11117
2021-08-18,24.277128
2021-08-19,23.547752
2021-08-20,24.475883
2021-08-21,24.520391
2021-08-22,24.958261
2021-08-23,25.06777
2021-08-24,25.814722
2021-08-25,25.394323
2021-08-26,25.169485
2021-08-27,25.369196
2021-08-28,25.67452
2021-08-29,25.766891
2021-08-30,25.673035
2021-08-31,25.72908
2021-09-01,25.136429
2021-09-02,25.325333
2021-09-03,26.291185
2021-09-04,26.249405
2021-09-05,25.523155
2021-09-06,26.406424
2021-09-07,26.944649
2021-09-08,25.832453
2021-09-09,24.908028
2021-09-10,25.02688
2021-09-11,24.419632
2021-09-12,25.10491
2021-09-13,25.747564
2021-09-14,25.53605
2021-09-15,24.423223
2021-09-16,24.288773
2021-09-17,25.195581
2021-09-18,24.018648
2021-09-19,25.012085
2021-09-20,24.678307
2021-09-21,24.506353
2021-09-22,25.214273
2021-09-23,25.5819
2021-09-24,25.840454
2021-09-25,24.88914
2021-09-26,24.104506
2021-09-27,25.85694
2021-09-28,26.14116
2021-09-29,25.17449
2021-09-30,26.497726
2021-10-01,26.388092
2021-10-02,26.200445
2021-10-03,26.130798
2021-10-04,26.675018
2021-10-05,26.88028
2021-10-06,26.988258
2021-10-07,27.356873
2021-10-08,27.367926
2021-10-09,26.788218
2021-10-10,26.317963
2021-10-11,26.215082
2021-10-12,26.452448
2021-10-13,26.712988
2021-10-14,25.780495
2021-10-15,24.11675
2021-10-16,25.998953
2021-10-17,24.562395
2021-10-18,24.894777
2021-10-19,23.713182
2021-10-20,23.88804
2021-10-21,23.653875
2021-10-22,23.758474
2021-10-23,23.512121
2021-10-24,23.551096
2021-10-25,23.586843
2021-10-26,23.365263
2021-10-27,23.130762
2021-10-28,22.101517
2021-10-29,21.538605
2021-10-30,21.331627
2021-10-31,21.447275
2021-11-01,21.69954
2021-11-02,21.936783
2021-11-03,22.194918
2021-11-04,22.291483
2021-11-05,22.576036
2021-11-06,22.29738
2021-11-07,22.365036
2021-11-08,23.04068
2021-11-09,22.696802
2021-11-10,22.257605
2021-11-11,21.768631
2021-11-12,21.91127
2021-11-13,22.958237
2021-11-14,23.22522
2021-11-15,23.221136
2021-11-16,22.79748
2021-11-17,24.593557
2021-11-18,25.112364
2021-11-19,24.701279
2021-11-20,24.865143
2021-11-21,25.572088
2021-11-22,25.63012
2021-11-23,25.419403
2021-11-24,24.630774
2021-11-25,24.141989
2021-11-26,23.541151
2021-11-27,22.850634
2021-11-28,22.04928
2021-11-29,21.55071
2021-11-30,22.25997
2022-06-01,33.57312
2022-06-02,33.70955
2022-06-03,33.710136
2022-06-04,33.931187
2022-06-05,34.361225
2022-06-06,34.134853
2022-06-07,33.65037
2022-06-08,33.19115
2022-06-09,33.495136
2022-06-10,33.431446
2022-06-11,31.495447
2022-06-12,28.335596
2022-06-13,29.702581
2022-06-14,31.040863
2022-06-15,30.482687
2022-06-16,30.629938
2022-06-17,31.094751
2022-06-18,30.787554
2022-06-19,29.874369
2022-06-20,28.87229
2022-06-21,28.935026
2022-06-22,29.142405
2022-06-23,29.660017
2022-06-24,29.11113
2022-06-25,31.19494
2022-06-26,30.338766
2022-06-27,28.637293
2022-06-28,28.414438
2022-06-29,28.320505
2022-06-30,27.451456
2022-07-01,25.944906
2022-07-02,26.068975
2022-07-03,26.297363
2022-07-04,25.817938
2022-07-05,25.113304
2022-07-06,25.99763
2022-07-07,25.786825
2022-07-08,25.127508
2022-07-09,25.882528
2022-07-10,25.578016
2022-07-11,25.256002
2022-07-12,24.560755
2022-07-13,23.942474
2022-07-14,25.426971
2022-07-15,24.633398
2022-07-16,26.298086
2022-07-17,26.043427
2022-07-18,24.147093
2022-07-19,23.80059
2022-07-20,25.529144
2022-07-21,26.285238
2022-07-22,26.118769
2022-07-23,24.189367
2022-07-24,23.878464
2022-07-25,24.009714
2022-07-26,24.157328
2022-07-27,25.44397
2022-07-28,26.101477
2022-07-29,26.312746
2022-07-30,26.558258
2022-07-31,26.312181
2022-08-01,26.180918
2022-08-02,26.173529
2022-08-03,26.652662
2022-08-04,26.507608
2022-08-05,26.078054
2022-08-06,26.84199
2022-08-07,26.357904
2022-08-08,25.9337
2022-08-09,25.90184
2022-08-10,24.218504
2022-08-11,25.027334
2022-08-12,25.427689
2022-08-13,25.534758
2022-08-14,25.328247
2022-08-15,23.426508
2022-08-16,23.178522
2022-08-17,24.98787
2022-08-18,25.394953
2022-08-19,25.710981
2022-08-20,25.328608
2022-08-21,25.000555
2022-08-22,23.06021
2022-08-23,24.170065
2022-08-24,25.32738
2022-08-25,25.275919
2022-08-26,25.667639
2022-08-27,25.528833
2022-08-28,25.543982
2022-08-29,25.223448
2022-08-30,26.33692
2022-08-31,27.098024
2022-09-01,26.281845
2022-09-02,26.978195
2022-09-03,27.657698
2022-09-04,26.520529
2022-09-05,25.743155
2022-09-06,26.254492
2022-09-07,27.249474
2022-09-08,27.820923
2022-09-09,27.879782
2022-09-10,27.769274
2022-09-11,26.833307
2022-09-12,25.991776
2022-09-13,25.352549
2022-09-14,24.258116
2022-09-15,23.820862
2022-09-16,24.38665
2022-09-17,25.567764
2022-09-18,25.670403
2022-09-19,26.394892
2022-09-20,26.088934
2022-09-21,26.036936
2022-09-22,25.308245
2022-09-23,23.229807
2022-09-24,24.593712
2022-09-25,24.279974
2022-09-26,25.031382
2022-09-27,25.826202
2022-09-28,26.103281
2022-09-29,26.681818
2022-09-30,27.091791
2022-10-01,26.632706
2022-10-02,26.259985
2022-10-03,26.210691
2022-10-04,26.618067
2022-10-05,27.113382
2022-10-06,24.993439
2022-10-07,24.447184
2022-10-08,24.696136
2022-10-09,25.571917
2022-10-10,25.29838
2022-10-11,25.15165
2022-10-12,25.603987
2022-10-13,24.427322
2022-10-14,23.298492
2022-10-15,22.863974
2022-10-16,23.641714
2022-10-17,25.46692
2022-10-18,25.68999
2022-10-19,25.067797
2022-10-20,24.803679
2022-10-21,24.927694
2022-10-22,24.203314
2022-10-23,24.52002
2022-10-24,24.10023
2022-10-25,24.345037
2022-10-26,24.887884
2022-10-27,25.116781
2022-10-28,25.162489
2022-10-29,25.121576
2022-10-30,24.590784
2022-10-31,23.628717
2022-11-01,23.414953
2022-11-02,24.748764
2022-11-03,25.524652
2022-11-04,25.989466
2022-11-05,26.449738
2022-11-06,26.072515
2022-11-07,25.803385
2022-11-08,25.659037
2022-11-09,25.289999
2022-11-10,25.22336
2022-11-11,24.864298
2022-11-12,23.206284
2022-11-13,22.60053
2022-11-14,22.859276
2022-11-15,23.289818
2022-11-16,23.441992
2022-11-17,22.299585
2022-11-18,20.570986
2022-11-19,19.968761
2022-11-20,20.232054
2022-11-21,20.511658
2022-11-22,20.54402
2022-11-23,20.584051
2022-11-24,20.376225
2022-11-25,20.443314
2022-11-26,19.938114
2022-11-27,20.096876
2022-11-28,20.409752
2022-11-29,20.678381
2022-11-30,20.53807
