Time,T2m
2000-06-01,31.35259
2000-06-02,32.172386
2000-06-03,30.9811
2000-06-04,31.067942
2000-06-05,30.42254
2000-06-06,30.889565
2000-06-07,28.50692
2000-06-08,27.721
2000-06-09,29.60137
2000-06-10,30.461601
2000-06-11,30.405527
2000-06-12,29.684378
2000-06-13,29.564209
2000-06-14,29.716715
2000-06-15,29.85823
2000-06-16,30.208628
2000-06-17,30.257217
2000-06-18,31.099466
2000-06-19,30.416739
2000-06-20,28.531097
2000-06-21,28.775019
2000-06-22,29.315887
2000-06-23,29.843851
2000-06-24,30.242334
2000-06-25,30.430204
2000-06-26,30.690397
2000-06-27,30.961777
2000-06-28,30.352926
2000-06-29,28.499168
2000-06-30,27.903
2000-07-01,27.438253
2000-07-02,27.007309
2000-07-03,26.320047
2000-07-04,28.135473
2000-07-05,29.23739
2000-07-06,28.867569
2000-07-07,27.57029
2000-07-08,26.633362
2000-07-09,25.42218
2000-07-10,25.962507
2000-07-11,25.673822
2000-07-12,25.29069
2000-07-13,24.456575
2000-07-14,25.31283
2000-07-15,25.060858
2000-07-16,25.003763
2000-07-17,25.168879
2000-07-18,25.487082
2000-07-19,25.219507
2000-07-20,23.927309
2000-07-21,25.105171
2000-07-22,25.229584
2000-07-23,25.691591
2000-07-24,25.863337
2000-07-25,26.52414
2000-07-26,26.770773
2000-07-27,26.538229
2000-07-28,26.363958
2000-07-29,25.924362
2000-07-30,26.023157
2000-07-31,27.030334
2000-08-01,26.900309
2000-08-02,27.266287
2000-08-03,27.270945
2000-08-04,27.769312
2000-08-05,28.248869
2000-08-06,28.351662
2000-08-07,28.45144
2000-08-08,28.80864
2000-08-09,27.68617
2000-08-10,25.89718
2000-08-11,26.139639
2000-08-12,25.829735
2000-08-13,25.652893
2000-08-14,25.855972
2000-08-15,25.670298
2000-08-16,26.129967
2000-08-17,26.095444
2000-08-18,26.912704
2000-08-19,25.859507
2000-08-20,23.983316
2000-08-21,25.044764
2000-08-22,25.908312
2000-08-23,27.293121
2000-08-24,28.186243
2000-08-25,28.854324
2000-08-26,28.069574
2000-08-27,26.3077
2000-08-28,26.822775
2000-08-29,26.259542
2000-08-30,25.862993
2000-08-31,25.78081
2000-09-01,25.606348
2000-09-02,26.222242
2000-09-03,25.803558
2000-09-04,25.465673
2000-09-05,23.834824
2000-09-06,23.713457
2000-09-07,25.174429
2000-09-08,25.416174
2000-09-09,25.333405
2000-09-10,25.20459
2000-09-11,25.615564
2000-09-12,25.936472
2000-09-13,26.35933
2000-09-14,27.660385
2000-09-15,28.311386
2000-09-16,28.68431
2000-09-17,28.476273
2000-09-18,27.899958
2000-09-19,28.191809
2000-09-20,28.798128
2000-09-21,29.720778
2000-09-22,29.827913
2000-09-23,29.761185
2000-09-24,28.55575
2000-09-25,28.338257
2000-09-26,28.43033
2000-09-27,28.87909
2000-09-28,29.715097
2000-09-29,29.647623
2000-09-30,30.02031
2000-10-01,29.694067
2000-10-02,29.83993
2000-10-03,29.249575
2000-10-04,29.916183
2000-10-05,30.563263
2000-10-06,31.046656
2000-10-07,29.957298
2000-10-08,29.789816
2000-10-09,29.631338
2000-10-10,29.215994
2000-10-11,29.461153
2000-10-12,29.300253
2000-10-13,29.082138
2000-10-14,29.225538
2000-10-15,28.310537
2000-10-16,27.039186
2000-10-17,26.58869
2000-10-18,26.687838
2000-10-19,27.641653
2000-10-20,28.672464
2000-10-21,28.60613
2000-10-22,28.121832
2000-10-23,27.941208
2000-10-24,27.163473
2000-10-25,27.426565
2000-10-26,27.112198
2000-10-27,26.060312
2000-10-28,25.257105
2000-10-29,25.785284
2000-10-30,26.092112
2000-10-31,26.277452
2000-11-01,25.89357
2000-11-02,25.666681
2000-11-03,25.25933
2000-11-04,25.646399
2000-11-05,25.695908
2000-11-06,25.007544
2000-11-07,25.23693
2000-11-08,25.369844
2000-11-09,25.867416
2000-11-10,26.092651
2000-11-11,25.779615
2000-11-12,25.541819
2000-11-13,25.25352
2000-11-14,25.548998
2000-11-15,25.252493
2000-11-16,24.004786
2000-11-17,23.671453
2000-11-18,24.039347
2000-11-19,23.474268
2000-11-20,21.443842
2000-11-21,22.205153
2000-11-22,23.50686
2000-11-23,24.299845
2000-11-24,24.586927
2000-11-25,23.331354
2000-11-26,22.906107
2000-11-27,22.91038
2000-11-28,22.019613
2000-11-29,20.89501
2000-11-30,20.161917
2001-06-01,31.420504
2001-06-02,31.02003
2001-06-03,31.094957
2001-06-04,30.678
2001-06-05,30.21041
2001-06-06,30.573538
2001-06-07,30.045258
2001-06-08,29.11026
2001-06-09,28.753843
2001-06-10,29.01021
2001-06-11,29.71585
2001-06-12,28.278074
2001-06-13,27.434877
2001-06-14,25.923454
2001-06-15,24.841105
2001-06-16,24.391335
2001-06-17,24.462347
2001-06-18,25.425165
2001-06-19,27.12721
2001-06-20,28.027521
2001-06-21,28.273232
2001-06-22,28.389872
2001-06-23,28.667963
2001-06-24,28.790121
2001-06-25,28.469473
2001-06-26,28.373215
2001-06-27,28.716219
2001-06-28,28.664637
2001-06-29,27.975098
2001-06-30,25.788269
2001-07-01,24.981764
2001-07-02,24.4728
2001-07-03,24.895782
2001-07-04,26.123632
2001-07-05,26.695871
2001-07-06,27.634008
2001-07-07,27.753107
2001-07-08,27.47404
2001-07-09,26.360657
2001-07-10,24.987785
2001-07-11,25.584696
2001-07-12,25.867563
2001-07-13,25.299913
2001-07-14,26.244379
2001-07-15,25.680983
2001-07-16,24.898384
2001-07-17,24.709085
2001-07-18,25.286173
2001-07-19,25.3957
2001-07-20,25.353485
2001-07-21,24.679993
2001-07-22,24.48906
2001-07-23,25.36927
2001-07-24,25.657766
2001-07-25,26.330688
2001-07-26,26.784973
2001-07-27,26.602922
2001-07-28,26.596136
2001-07-29,26.459234
2001-07-30,26.002348
2001-07-31,26.767939
2001-08-01,26.762262
2001-08-02,26.50788
2001-08-03,26.703772
2001-08-04,27.142572
2001-08-05,25.71993
2001-08-06,26.065424
2001-08-07,25.434458
2001-08-08,26.31726
2001-08-09,25.968933
2001-08-10,26.024027
2001-08-11,25.951279
2001-08-12,24.915594
2001-08-13,25.95469
2001-08-14,25.568872
2001-08-15,24.915014
2001-08-16,24.299536
2001-08-17,24.88278
2001-08-18,25.468536
2001-08-19,25.550554
2001-08-20,25.261566
2001-08-21,26.07672
2001-08-22,26.230082
2001-08-23,25.983114
2001-08-24,25.6625
2001-08-25,25.938215
2001-08-26,26.084204
2001-08-27,25.752447
2001-08-28,26.302542
2001-08-29,26.043013
2001-08-30,26.14283
2001-08-31,25.938013
2001-09-01,26.5017
2001-09-02,26.818863
2001-09-03,27.167452
2001-09-04,26.442839
2001-09-05,26.357887
2001-09-06,26.615692
2001-09-07,26.516335
2001-09-08,27.588846
2001-09-09,27.40404
2001-09-10,27.472847
2001-09-11,27.265387
2001-09-12,26.810835
2001-09-13,26.920898
2001-09-14,27.265709
2001-09-15,27.807077
2001-09-16,27.56147
2001-09-17,27.341492
2001-09-18,27.632898
2001-09-19,27.624039
2001-09-20,27.445032
2001-09-21,28.653177
2001-09-22,29.34115
2001-09-23,29.5277
2001-09-24,29.106857
2001-09-25,28.743563
2001-09-26,29.075922
2001-09-27,28.98143
2001-09-28,29.06957
2001-09-29,29.096766
2001-09-30,29.477072
2001-10-01,27.909996
2001-10-02,27.949667
2001-10-03,27.319742
2001-10-04,27.197647
2001-10-05,26.998007
2001-10-06,27.014406
2001-10-07,27.919184
2001-10-08,28.431671
2001-10-09,27.727346
2001-10-10,26.213821
2001-10-11,25.617579
2001-10-12,26.008995
2001-10-13,26.945715
2001-10-14,27.415298
2001-10-15,26.890448
2001-10-16,25.981165
2001-10-17,25.266634
2001-10-18,24.897476
2001-10-19,25.767271
2001-10-20,26.241518
2001-10-21,26.36775
2001-10-22,26.697136
2001-10-23,26.525755
2001-10-24,26.231092
2001-10-25,26.66361
2001-10-26,26.727404
2001-10-27,26.925898
2001-10-28,26.684357
2001-10-29,25.983866
2001-10-30,25.569292
2001-10-31,26.58782
2001-11-01,26.973639
2001-11-02,27.206442
2001-11-03,26.414835
2001-11-04,25.96282
2001-11-05,26.30831
2001-11-06,26.202333
2001-11-07,25.640306
2001-11-08,25.007853
2001-11-09,23.045168
2001-11-10,22.356623
2001-11-11,22.142517
2001-11-12,21.980051
2001-11-13,21.9661
2001-11-14,22.203285
2001-11-15,23.067991
2001-11-16,24.6439
2001-11-17,25.73558
2001-11-18,25.660957
2001-11-19,24.628883
2001-11-20,22.799692
2001-11-21,22.037008
2001-11-22,21.892756
2001-11-23,21.845171
2001-11-24,21.208767
2001-11-25,20.716013
2001-11-26,20.12917
2001-11-27,20.341537
2001-11-28,19.84226
2001-11-29,19.740908
2001-11-30,19.125563
2002-06-01,31.93691
2002-06-02,31.645752
2002-06-03,31.710424
2002-06-04,30.887697
2002-06-05,30.64762
2002-06-06,31.94288
2002-06-07,31.963394
2002-06-08,32.898994
2002-06-09,33.44273
2002-06-10,32.567898
2002-06-11,33.721603
2002-06-12,32.75243
2002-06-13,32.168743
2002-06-14,29.852346
2002-06-15,30.335678
2002-06-16,31.572523
2002-06-17,30.778198
2002-06-18,29.371658
2002-06-19,30.366209
2002-06-20,29.885324
2002-06-21,28.82195
2002-06-22,29.37641
2002-06-23,28.892153
2002-06-24,26.725073
2002-06-25,26.672293
2002-06-26,26.31219
2002-06-27,26.325249
2002-06-28,24.984858
2002-06-29,24.947718
2002-06-30,26.995918
2002-07-01,27.550322
2002-07-02,28.212982
2002-07-03,28.39245
2002-07-04,28.387857
2002-07-05,28.853731
2002-07-06,28.720434
2002-07-07,28.634308
2002-07-08,28.458052
2002-07-09,28.675177
2002-07-10,28.764297
2002-07-11,28.465906
2002-07-12,28.739939
2002-07-13,28.963303
2002-07-14,28.4419
2002-07-15,28.684706
2002-07-16,28.081528
2002-07-17,28.360886
2002-07-18,26.244812
2002-07-19,24.609892
2002-07-20,25.588707
2002-07-21,24.918724
2002-07-22,26.483347
2002-07-23,27.061737
2002-07-24,27.390623
2002-07-25,26.339376
2002-07-26,26.512415
2002-07-27,27.142729
2002-07-28,27.291296
2002-07-29,27.396759
2002-07-30,27.364466
2002-07-31,28.500906
2002-08-01,25.796167
2002-08-02,26.57908
2002-08-03,25.219025
2002-08-04,25.592192
2002-08-05,24.454895
2002-08-06,24.656355
2002-08-07,24.939117
2002-08-08,24.64914
2002-08-09,24.949081
2002-08-10,25.257631
2002-08-11,25.059305
2002-08-12,24.890833
2002-08-13,24.754236
2002-08-14,25.328407
2002-08-15,25.164396
2002-08-16,23.656784
2002-08-17,23.689268
2002-08-18,23.86184
2002-08-19,24.54788
2002-08-20,24.8934
2002-08-21,25.306707
2002-08-22,25.905767
2002-08-23,25.327148
2002-08-24,25.342798
2002-08-25,24.152313
2002-08-26,25.244604
2002-08-27,25.449791
2002-08-28,25.156046
2002-08-29,25.235748
2002-08-30,24.08155
2002-08-31,24.818481
2002-09-01,25.537516
2002-09-02,25.918999
2002-09-03,24.973227
2002-09-04,23.972559
2002-09-05,25.216005
2002-09-06,26.008986
2002-09-07,24.834045
2002-09-08,24.268744
2002-09-09,24.816038
2002-09-10,25.189987
2002-09-11,26.106348
2002-09-12,25.74858
2002-09-13,24.91599
2002-09-14,25.099716
2002-09-15,25.580292
2002-09-16,25.273478
2002-09-17,25.39942
2002-09-18,25.088614
2002-09-19,24.94686
2002-09-20,25.951025
2002-09-21,26.706879
2002-09-22,27.341957
2002-09-23,27.494589
2002-09-24,26.524658
2002-09-25,26.469368
2002-09-26,26.699015
2002-09-27,27.076653
2002-09-28,27.21225
2002-09-29,27.293213
2002-09-30,27.500422
2002-10-01,27.59963
2002-10-02,27.820127
2002-10-03,27.65771
2002-10-04,27.319765
2002-10-05,27.756628
2002-10-06,28.289743
2002-10-07,28.723246
2002-10-08,28.383703
2002-10-09,28.224615
2002-10-10,27.575476
2002-10-11,27.61928
2002-10-12,27.378927
2002-10-13,27.476944
2002-10-14,27.307562
2002-10-15,26.924751
2002-10-16,25.63494
2002-10-17,26.169394
2002-10-18,26.970018
2002-10-19,27.137495
2002-10-20,26.600517
2002-10-21,26.946495
2002-10-22,26.613434
2002-10-23,26.064333
2002-10-24,25.511663
2002-10-25,24.991661
2002-10-26,24.167633
2002-10-27,24.822762
2002-10-28,25.378021
2002-10-29,25.290665
2002-10-30,25.614325
2002-10-31,26.014008
2002-11-01,26.276651
2002-11-02,25.784698
2002-11-03,25.307562
2002-11-04,25.490686
2002-11-05,25.357264
2002-11-06,23.738861
2002-11-07,23.066824
2002-11-08,23.783426
2002-11-09,23.839228
2002-11-10,24.053732
2002-11-11,22.552496
2002-11-12,22.189232
2002-11-13,22.951239
2002-11-14,22.80195
2002-11-15,23.310541
2002-11-16,22.797058
2002-11-17,22.433355
2002-11-18,22.680079
2002-11-19,23.21206
2002-11-20,23.502754
2002-11-21,23.451925
2002-11-22,22.95284
2002-11-23,22.993769
2002-11-24,23.196472
2002-11-25,23.733217
2002-11-26,23.981104
2002-11-27,23.863745
2002-11-28,23.042833
2002-11-29,22.063528
2002-11-30,20.457968
2003-06-01,35.336086
2003-06-02,35.613354
2003-06-03,35.210518
2003-06-04,34.542408
2003-06-05,32.9017
2003-06-06,32.778584
2003-06-07,32.75947
2003-06-08,33.09717
2003-06-09,33.145977
2003-06-10,33.349045
2003-06-11,32.960712
2003-06-12,32.668655
2003-06-13,31.739456
2003-06-14,31.276398
2003-06-15,30.134531
2003-06-16,29.78179
2003-06-17,28.41715
2003-06-18,28.655386
2003-06-19,26.207071
2003-06-20,25.676538
2003-06-21,25.918512
2003-06-22,24.9375
2003-06-23,26.688568
2003-06-24,27.211983
2003-06-25,27.108282
2003-06-26,26.913168
2003-06-27,28.459854
2003-06-28,27.450846
2003-06-29,26.833166
2003-06-30,27.904236
2003-07-01,27.643038
2003-07-02,26.325735
2003-07-03,28.16746
2003-07-04,27.283453
2003-07-05,26.693933
2003-07-06,27.355124
2003-07-07,26.318893
2003-07-08,26.47142
2003-07-09,27.25683
2003-07-10,27.03171
2003-07-11,26.400614
2003-07-12,26.775953
2003-07-13,27.500404
2003-07-14,27.751757
2003-07-15,25.960741
2003-07-16,26.019348
2003-07-17,27.075994
2003-07-18,27.248161
2003-07-19,27.524323
2003-07-20,26.831284
2003-07-21,26.513178
2003-07-22,26.598421
2003-07-23,24.786718
2003-07-24,25.48701
2003-07-25,25.334917
2003-07-26,26.761312
2003-07-27,24.659723
2003-07-28,24.392181
2003-07-29,26.167292
2003-07-30,26.415056
2003-07-31,26.24121
2003-08-01,26.126509
2003-08-02,25.888632
2003-08-03,24.791618
2003-08-04,24.93834
2003-08-05,25.508368
2003-08-06,26.796015
2003-08-07,27.199097
2003-08-08,26.978212
2003-08-09,26.074621
2003-08-10,25.722855
2003-08-11,25.856415
2003-08-12,25.817032
2003-08-13,25.955282
2003-08-14,25.621058
2003-08-15,26.363474
2003-08-16,25.690048
2003-08-17,26.301186
2003-08-18,26.453682
2003-08-19,26.30783
2003-08-20,26.569914
2003-08-21,27.016825
2003-08-22,27.017813
2003-08-23,25.686287
2003-08-24,23.34368
2003-08-25,24.683386
2003-08-26,25.269348
2003-08-27,24.787971
2003-08-28,24.625483
2003-08-29,25.323923
2003-08-30,24.536812
2003-08-31,24.583878
2003-09-01,25.091883
2003-09-02,24.525452
2003-09-03,24.74527
2003-09-04,24.928476
2003-09-05,24.937979
2003-09-06,25.250074
2003-09-07,25.384972
2003-09-08,25.665228
2003-09-09,25.536331
2003-09-10,25.553673
2003-09-11,25.50196
2003-09-12,25.629782
2003-09-13,25.427172
2003-09-14,25.446226
2003-09-15,24.075922
2003-09-16,25.148417
2003-09-17,25.414772
2003-09-18,25.144907
2003-09-19,24.991144
2003-09-20,24.809097
2003-09-21,24.064054
2003-09-22,25.116701
2003-09-23,24.696815
2003-09-24,25.417418
2003-09-25,25.712854
2003-09-26,26.251608
2003-09-27,25.911207
2003-09-28,24.49792
2003-09-29,24.837011
2003-09-30,26.297312
2003-10-01,26.452745
2003-10-02,26.67901
2003-10-03,26.214117
2003-10-04,24.408943
2003-10-05,24.162222
2003-10-06,25.970694
2003-10-07,26.531647
2003-10-08,26.137735
2003-10-09,26.308136
2003-10-10,26.3538
2003-10-11,25.907608
2003-10-12,25.51976
2003-10-13,25.57779
2003-10-14,24.997238
2003-10-15,24.656738
2003-10-16,23.881433
2003-10-17,23.880455
2003-10-18,25.064728
2003-10-19,25.33846
2003-10-20,24.927973
2003-10-21,23.405577
2003-10-22,23.52939
2003-10-23,23.843004
2003-10-24,22.924232
2003-10-25,22.71575
2003-10-26,22.912605
2003-10-27,23.375559
2003-10-28,23.896326
2003-10-29,25.770447
2003-10-30,26.380508
2003-10-31,26.33779
2003-11-01,25.791834
2003-11-02,26.333588
2003-11-03,26.464737
2003-11-04,25.720581
2003-11-05,25.41981
2003-11-06,25.615799
2003-11-07,25.231413
2003-11-08,25.027945
2003-11-09,24.896095
2003-11-10,24.045296
2003-11-11,23.272772
2003-11-12,22.627218
2003-11-13,22.157745
2003-11-14,22.431
2003-11-15,22.950247
2003-11-16,22.95609
2003-11-17,23.25163
2003-11-18,24.169317
2003-11-19,23.90696
2003-11-20,23.764551
2003-11-21,23.856064
2003-11-22,24.028236
2003-11-23,23.566168
2003-11-24,23.446198
2003-11-25,23.283442
2003-11-26,23.17894
2003-11-27,24.044401
2003-11-28,23.859861
2003-11-29,23.739298
2003-11-30,22.680237
2004-06-01,34.738125
2004-06-02,34.363037
2004-06-03,34.023968
2004-06-04,33.378902
2004-06-05,33.08617
2004-06-06,32.543488
2004-06-07,30.90388
2004-06-08,29.547373
2004-06-09,27.7965
2004-06-10,28.484526
2004-06-11,28.554419
2004-06-12,28.549551
2004-06-13,29.028
2004-06-14,28.189133
2004-06-15,26.702118
2004-06-16,25.965658
2004-06-17,27.44227
2004-06-18,27.433418
2004-06-19,28.622763
2004-06-20,29.023493
2004-06-21,29.40545
2004-06-22,29.057236
2004-06-23,29.126137
2004-06-24,29.266687
2004-06-25,28.725922
2004-06-26,28.907469
2004-06-27,28.898294
2004-06-28,28.918833
2004-06-29,28.979797
2004-06-30,28.536074
2004-07-01,28.350037
2004-07-02,28.286093
2004-07-03,29.018747
2004-07-04,27.325315
2004-07-05,27.343102
2004-07-06,27.552801
2004-07-07,26.617521
2004-07-08,27.371933
2004-07-09,28.04834
2004-07-10,28.310637
2004-07-11,28.930517
2004-07-12,29.25923
2004-07-13,29.446245
2004-07-14,29.315176
2004-07-15,29.445093
2004-07-16,27.805426
2004-07-17,24.694504
2004-07-18,26.390413
2004-07-19,27.085062
2004-07-20,28.224691
2004-07-21,27.74623
2004-07-22,27.934809
2004-07-23,28.452307
2004-07-24,28.356537
2004-07-25,25.728018
2004-07-26,24.364233
2004-07-27,24.068205
2004-07-28,24.663073
2004-07-29,25.232628
2004-07-30,23.75419
2004-07-31,22.730484
2004-08-01,24.001284
2004-08-02,25.306616
2004-08-03,25.131353
2004-08-04,27.13321
2004-08-05,25.597162
2004-08-06,24.09926
2004-08-07,25.075989
2004-08-08,24.616617
2004-08-09,24.286455
2004-08-10,23.765991
2004-08-11,24.106195
2004-08-12,23.393118
2004-08-13,24.440874
2004-08-14,23.886694
2004-08-15,23.40978
2004-08-16,23.383179
2004-08-17,25.511116
2004-08-18,25.670248
2004-08-19,25.83489
2004-08-20,25.3682
2004-08-21,25.367233
2004-08-22,24.582443
2004-08-23,23.373205
2004-08-24,24.03277
2004-08-25,24.991318
2004-08-26,25.375631
2004-08-27,25.520605
2004-08-28,25.765213
2004-08-29,26.063211
2004-08-30,25.85217
2004-08-31,25.416544
2004-09-01,25.84732
2004-09-02,26.411554
2004-09-03,26.69282
2004-09-04,27.035498
2004-09-05,26.826904
2004-09-06,27.555374
2004-09-07,29.088966
2004-09-08,29.091171
2004-09-09,27.815722
2004-09-10,26.376732
2004-09-11,25.679787
2004-09-12,26.445274
2004-09-13,26.800257
2004-09-14,26.805197
2004-09-15,26.482864
2004-09-16,26.743721
2004-09-17,26.887362
2004-09-18,27.446198
2004-09-19,28.259644
2004-09-20,27.672256
2004-09-21,28.08098
2004-09-22,28.04362
2004-09-23,27.726067
2004-09-24,27.160666
2004-09-25,26.877787
2004-09-26,27.854347
2004-09-27,28.349985
2004-09-28,28.957922
2004-09-29,28.048677
2004-09-30,27.809515
2004-10-01,27.233368
2004-10-02,26.373182
2004-10-03,26.74534
2004-10-04,26.558899
2004-10-05,26.45356
2004-10-06,26.428688
2004-10-07,26.590204
2004-10-08,26.693178
2004-10-09,26.915289
2004-10-10,26.489141
2004-10-11,25.407267
2004-10-12,25.100977
2004-10-13,25.75105
2004-10-14,25.25886
2004-10-15,24.274393
2004-10-16,24.115305
2004-10-17,24.26329
2004-10-18,24.550615
2004-10-19,24.847605
2004-10-20,24.714386
2004-10-21,24.997276
2004-10-22,25.540766
2004-10-23,25.515505
2004-10-24,25.725601
2004-10-25,25.20131
2004-10-26,24.70315
2004-10-27,25.057978
2004-10-28,24.938538
2004-10-29,24.016195
2004-10-30,23.946802
2004-10-31,24.300074
2004-11-01,23.993265
2004-11-02,24.054651
2004-11-03,24.105087
2004-11-04,23.319597
2004-11-05,21.911615
2004-11-06,21.867447
2004-11-07,22.856852
2004-11-08,23.8934
2004-11-09,24.652903
2004-11-10,24.168375
2004-11-11,25.080198
2004-11-12,24.849047
2004-11-13,24.902184
2004-11-14,25.364645
2004-11-15,24.567886
2004-11-16,24.040903
2004-11-17,24.304934
2004-11-18,23.50794
2004-11-19,23.635489
2004-11-20,24.012335
2004-11-21,23.19332
2004-11-22,23.532843
2004-11-23,23.558397
2004-11-24,23.528254
2004-11-25,23.093695
2004-11-26,23.080893
2004-11-27,22.858774
2004-11-28,22.582544
2004-11-29,20.975481
2004-11-30,20.766853
2005-06-01,35.766758
2005-06-02,35.4465
2005-06-03,33.98213
2005-06-04,33.911182
2005-06-05,34.492588
2005-06-06,34.38405
2005-06-07,33.12329
2005-06-08,33.41646
2005-06-09,31.72518
2005-06-10,32.676266
2005-06-11,33.754757
2005-06-12,33.55447
2005-06-13,32.496693
2005-06-14,31.83283
2005-06-15,33.38898
2005-06-16,33.670605
2005-06-17,34.001247
2005-06-18,32.92976
2005-06-19,31.30808
2005-06-20,32.559933
2005-06-21,31.786615
2005-06-22,31.084253
2005-06-23,29.566275
2005-06-24,28.205923
2005-06-25,28.171137
2005-06-26,26.511393
2005-06-27,25.886902
2005-06-28,26.037188
2005-06-29,26.209707
2005-06-30,26.448599
2005-07-01,26.174505
2005-07-02,25.351969
2005-07-03,25.741674
2005-07-04,26.412903
2005-07-05,26.73416
2005-07-06,27.180155
2005-07-07,27.914213
2005-07-08,26.992872
2005-07-09,26.946428
2005-07-10,27.94375
2005-07-11,27.547707
2005-07-12,26.740408
2005-07-13,27.398035
2005-07-14,27.259848
2005-07-15,26.56389
2005-07-16,27.26151
2005-07-17,27.358301
2005-07-18,28.687384
2005-07-19,29.030218
2005-07-20,28.257948
2005-07-21,28.601355
2005-07-22,28.627188
2005-07-23,29.105566
2005-07-24,28.110994
2005-07-25,26.06156
2005-07-26,25.947088
2005-07-27,24.94284
2005-07-28,23.977463
2005-07-29,25.581612
2005-07-30,26.67936
2005-07-31,25.30506
2005-08-01,24.45552
2005-08-02,24.804987
2005-08-03,24.538864
2005-08-04,25.075752
2005-08-05,24.643402
2005-08-06,25.012781
2005-08-07,25.534742
2005-08-08,26.03335
2005-08-09,26.04151
2005-08-10,26.066244
2005-08-11,25.778168
2005-08-12,25.818274
2005-08-13,26.65975
2005-08-14,26.433418
2005-08-15,26.738607
2005-08-16,25.391455
2005-08-17,26.09317
2005-08-18,26.40774
2005-08-19,25.14273
2005-08-20,25.358068
2005-08-21,25.548935
2005-08-22,25.89483
2005-08-23,25.582327
2005-08-24,25.762003
2005-08-25,26.061203
2005-08-26,25.545807
2005-08-27,25.907295
2005-08-28,26.329315
2005-08-29,27.090073
2005-08-30,27.597498
2005-08-31,27.363306
2005-09-01,27.96078
2005-09-02,29.223276
2005-09-03,29.469507
2005-09-04,26.947485
2005-09-05,27.68875
2005-09-06,26.62361
2005-09-07,25.999498
2005-09-08,27.087051
2005-09-09,27.345148
2005-09-10,26.97207
2005-09-11,25.768732
2005-09-12,27.041147
2005-09-13,26.21795
2005-09-14,25.17006
2005-09-15,25.414534
2005-09-16,25.482111
2005-09-17,24.547686
2005-09-18,23.691423
2005-09-19,24.891413
2005-09-20,27.478949
2005-09-21,26.96198
2005-09-22,26.001612
2005-09-23,24.574486
2005-09-24,24.11823
2005-09-25,24.956215
2005-09-26,24.711617
2005-09-27,24.797333
2005-09-28,25.002615
2005-09-29,25.698364
2005-09-30,26.505438
2005-10-01,27.003708
2005-10-02,26.608667
2005-10-03,26.612745
2005-10-04,26.237768
2005-10-05,26.19869
2005-10-06,26.471304
2005-10-07,26.50383
2005-10-08,26.351374
2005-10-09,26.125154
2005-10-10,26.255808
2005-10-11,26.446358
2005-10-12,26.438438
2005-10-13,26.832922
2005-10-14,26.02874
2005-10-15,25.335676
2005-10-16,25.684473
2005-10-17,26.631296
2005-10-18,26.260757
2005-10-19,25.557343
2005-10-20,25.113817
2005-10-21,24.521551
2005-10-22,23.434504
2005-10-23,24.636795
2005-10-24,25.373007
2005-10-25,25.696142
2005-10-26,25.695757
2005-10-27,23.92781
2005-10-28,23.784912
2005-10-29,22.885141
2005-10-30,22.601553
2005-10-31,23.026657
2005-11-01,23.134394
2005-11-02,23.314676
2005-11-03,23.091326
2005-11-04,22.617813
2005-11-05,22.192385
2005-11-06,21.942724
2005-11-07,21.939535
2005-11-08,21.3115
2005-11-09,20.648748
2005-11-10,20.861868
2005-11-11,21.252596
2005-11-12,22.089884
2005-11-13,22.112757
2005-11-14,21.667038
2005-11-15,21.560944
2005-11-16,22.39241
2005-11-17,22.624466
2005-11-18,22.137648
2005-11-19,21.754807
2005-11-20,21.624002
2005-11-21,21.307688
2005-11-22,21.884043
2005-11-23,22.285425
2005-11-24,21.672209
2005-11-25,21.390419
2005-11-26,21.743765
2005-11-27,22.335497
2005-11-28,22.207678
2005-11-29,22.313065
2005-11-30,21.948288
2006-06-01,30.270437
2006-06-02,27.291832
2006-06-03,28.029963
2006-06-04,29.493057
2006-06-05,30.24877
2006-06-06,30.564407
2006-06-07,30.93592
2006-06-08,31.368301
2006-06-09,31.786346
2006-06-10,31.666306
2006-06-11,31.358862
2006-06-12,30.893702
2006-06-13,31.026163
2006-06-14,31.860903
2006-06-15,32.05096
2006-06-16,32.15282
2006-06-17,32.483234
2006-06-18,31.575853
2006-06-19,30.313768
2006-06-20,30.301558
2006-06-21,31.871078
2006-06-22,33.24089
2006-06-23,31.435202
2006-06-24,29.683372
2006-06-25,29.184275
2006-06-26,29.620026
2006-06-27,28.82961
2006-06-28,28.079615
2006-06-29,26.881922
2006-06-30,27.326431
2006-07-01,28.343744
2006-07-02,28.460958
2006-07-03,27.908798
2006-07-04,28.306223
2006-07-05,24.575493
2006-07-06,25.61325
2006-07-07,27.236488
2006-07-08,27.121378
2006-07-09,25.773972
2006-07-10,26.397604
2006-07-11,25.8555
2006-07-12,26.039736
2006-07-13,26.802267
2006-07-14,27.285355
2006-07-15,27.676157
2006-07-16,27.966232
2006-07-17,25.543009
2006-07-18,24.305422
2006-07-19,24.344818
2006-07-20,24.530355
2006-07-21,23.781654
2006-07-22,23.826586
2006-07-23,25.423248
2006-07-24,26.3971
2006-07-25,26.277231
2006-07-26,26.292221
2006-07-27,24.9292
2006-07-28,23.474623
2006-07-29,24.292566
2006-07-30,24.608871
2006-07-31,23.937592
2006-08-01,24.209326
2006-08-02,24.855768
2006-08-03,24.80152
2006-08-04,25.118738
2006-08-05,25.462183
2006-08-06,24.600801
2006-08-07,23.751114
2006-08-08,23.87803
2006-08-09,24.119547
2006-08-10,23.97714
2006-08-11,24.933634
2006-08-12,25.923609
2006-08-13,26.161665
2006-08-14,24.143888
2006-08-15,23.992035
2006-08-16,25.161219
2006-08-17,26.109732
2006-08-18,23.664688
2006-08-19,25.236702
2006-08-20,25.851309
2006-08-21,25.522833
2006-08-22,25.564062
2006-08-23,25.528793
2006-08-24,24.482077
2006-08-25,25.269823
2006-08-26,25.211191
2006-08-27,24.920471
2006-08-28,25.079956
2006-08-29,25.652552
2006-08-30,25.761621
2006-08-31,23.358572
2006-09-01,23.61268
2006-09-02,25.608511
2006-09-03,25.63208
2006-09-04,26.286423
2006-09-05,26.601583
2006-09-06,23.763731
2006-09-07,25.697332
2006-09-08,26.593872
2006-09-09,27.119827
2006-09-10,27.263994
2006-09-11,27.798645
2006-09-12,27.397995
2006-09-13,26.81635
2006-09-14,26.664438
2006-09-15,26.52373
2006-09-16,27.244482
2006-09-17,27.512695
2006-09-18,26.736853
2006-09-19,25.916006
2006-09-20,26.250883
2006-09-21,25.645151
2006-09-22,26.323181
2006-09-23,26.5039
2006-09-24,26.511642
2006-09-25,26.498892
2006-09-26,26.565592
2006-09-27,26.496744
2006-09-28,26.374634
2006-09-29,27.647224
2006-09-30,26.946121
2006-10-01,26.125093
2006-10-02,26.728981
2006-10-03,27.715433
2006-10-04,27.887156
2006-10-05,27.995241
2006-10-06,27.05481
2006-10-07,25.497076
2006-10-08,25.472708
2006-10-09,25.60496
2006-10-10,25.889915
2006-10-11,26.252977
2006-10-12,26.02371
2006-10-13,26.688498
2006-10-14,26.649637
2006-10-15,26.910551
2006-10-16,27.160349
2006-10-17,27.093054
2006-10-18,27.000145
2006-10-19,26.315195
2006-10-20,25.990057
2006-10-21,25.567518
2006-10-22,25.251509
2006-10-23,25.273865
2006-10-24,24.876154
2006-10-25,24.659851
2006-10-26,24.748549
2006-10-27,24.363947
2006-10-28,23.8319
2006-10-29,24.500906
2006-10-30,24.820665
2006-10-31,24.129904
2006-11-01,24.422615
2006-11-02,24.11477
2006-11-03,24.312193
2006-11-04,24.264252
2006-11-05,24.877884
2006-11-06,24.722542
2006-11-07,23.941467
2006-11-08,22.221848
2006-11-09,23.035866
2006-11-10,22.628103
2006-11-11,22.30944
2006-11-12,22.61615
2006-11-13,22.753504
2006-11-14,22.335068
2006-11-15,22.00946
2006-11-16,22.067657
2006-11-17,21.629934
2006-11-18,22.06999
2006-11-19,22.179453
2006-11-20,22.413214
2006-11-21,22.8488
2006-11-22,21.761185
2006-11-23,22.077372
2006-11-24,21.226105
2006-11-25,20.519707
2006-11-26,19.934216
2006-11-27,20.656347
2006-11-28,22.558115
2006-11-29,22.314173
2006-11-30,22.084602
2007-06-01,35.606815
2007-06-02,33.528
2007-06-03,31.856104
2007-06-04,31.647003
2007-06-05,32.080273
2007-06-06,33.175426
2007-06-07,33.631714
2007-06-08,34.00873
2007-06-09,33.42933
2007-06-10,32.96107
2007-06-11,33.18395
2007-06-12,33.303432
2007-06-13,32.94808
2007-06-14,30.422384
2007-06-15,27.470602
2007-06-16,28.587671
2007-06-17,30.61117
2007-06-18,29.968185
2007-06-19,29.395447
2007-06-20,28.562624
2007-06-21,29.743666
2007-06-22,32.37524
2007-06-23,29.813583
2007-06-24,26.929426
2007-06-25,26.58727
2007-06-26,28.489386
2007-06-27,28.248129
2007-06-28,28.114737
2007-06-29,29.333364
2007-06-30,26.961462
2007-07-01,25.373505
2007-07-02,24.0653
2007-07-03,24.613668
2007-07-04,25.891272
2007-07-05,26.041807
2007-07-06,25.875778
2007-07-07,24.44986
2007-07-08,24.097605
2007-07-09,23.608591
2007-07-10,24.974588
2007-07-11,26.445112
2007-07-12,26.744682
2007-07-13,27.036783
2007-07-14,27.144415
2007-07-15,27.261078
2007-07-16,27.540506
2007-07-17,27.414434
2007-07-18,27.908392
2007-07-19,28.03151
2007-07-20,27.55422
2007-07-21,27.021164
2007-07-22,27.817675
2007-07-23,28.749704
2007-07-24,27.8282
2007-07-25,27.265814
2007-07-26,26.863874
2007-07-27,26.907427
2007-07-28,25.76188
2007-07-29,25.984297
2007-07-30,27.049135
2007-07-31,27.668695
2007-08-01,27.066977
2007-08-02,26.295881
2007-08-03,25.276382
2007-08-04,25.40322
2007-08-05,25.568987
2007-08-06,25.690393
2007-08-07,25.23865
2007-08-08,24.25657
2007-08-09,25.5756
2007-08-10,25.867594
2007-08-11,25.367432
2007-08-12,25.817472
2007-08-13,25.094095
2007-08-14,24.430344
2007-08-15,25.279863
2007-08-16,26.05996
2007-08-17,26.311258
2007-08-18,25.886574
2007-08-19,26.434721
2007-08-20,26.233337
2007-08-21,23.87398
2007-08-22,25.78836
2007-08-23,26.55203
2007-08-24,26.671804
2007-08-25,27.888407
2007-08-26,26.209864
2007-08-27,25.501825
2007-08-28,25.269339
2007-08-29,25.682734
2007-08-30,26.04186
2007-08-31,26.737238
2007-09-01,26.239641
2007-09-02,26.160967
2007-09-03,26.230896
2007-09-04,26.786108
2007-09-05,26.972803
2007-09-06,25.122026
2007-09-07,25.57239
2007-09-08,26.284286
2007-09-09,26.427551
2007-09-10,26.331495
2007-09-11,26.785955
2007-09-12,26.934532
2007-09-13,27.190895
2007-09-14,26.915024
2007-09-15,26.411194
2007-09-16,26.4593
2007-09-17,27.42836
2007-09-18,27.707573
2007-09-19,26.699732
2007-09-20,25.508444
2007-09-21,25.878496
2007-09-22,26.387833
2007-09-23,26.917685
2007-09-24,26.224024
2007-09-25,25.489466
2007-09-26,26.213522
2007-09-27,26.21514
2007-09-28,25.537882
2007-09-29,27.0068
2007-09-30,26.53536
2007-10-01,26.138718
2007-10-02,26.20611
2007-10-03,26.208603
2007-10-04,25.990236
2007-10-05,26.261566
2007-10-06,25.876333
2007-10-07,25.347076
2007-10-08,25.409937
2007-10-09,25.330305
2007-10-10,25.154959
2007-10-11,26.097977
2007-10-12,25.941116
2007-10-13,25.088343
2007-10-14,24.722229
2007-10-15,24.08522
2007-10-16,24.578466
2007-10-17,24.529963
2007-10-18,24.328176
2007-10-19,24.168386
2007-10-20,24.307413
2007-10-21,24.066162
2007-10-22,24.594019
2007-10-23,24.383184
2007-10-24,24.78996
2007-10-25,24.279612
2007-10-26,23.940878
2007-10-27,24.366617
2007-10-28,24.487223
2007-10-29,24.434397
2007-10-30,24.271643
2007-10-31,25.607458
2007-11-01,26.5507
2007-11-02,25.793325
2007-11-03,26.076578
2007-11-04,26.877014
2007-11-05,26.700384
2007-11-06,25.75237
2007-11-07,25.637932
2007-11-08,25.514801
2007-11-09,25.1258
2007-11-10,24.904343
2007-11-11,25.005219
2007-11-12,25.109682
2007-11-13,24.574408
2007-11-14,23.870775
2007-11-15,23.131582
2007-11-16,21.961779
2007-11-17,21.222452
2007-11-18,21.147905
2007-11-19,20.941732
2007-11-20,19.77038
2007-11-21,20.15505
2007-11-22,20.515602
2007-11-23,20.656631
2007-11-24,20.494205
2007-11-25,20.21953
2007-11-26,20.2125
2007-11-27,20.673378
2007-11-28,21.066498
2007-11-29,21.509954
2007-11-30,21.546606
2008-06-01,32.155422
2008-06-02,31.934122
2008-06-03,31.961502
2008-06-04,32.97891
2008-06-05,31.558813
2008-06-06,29.850046
2008-06-07,28.989166
2008-06-08,29.688349
2008-06-09,29.676996
2008-06-10,27.314072
2008-06-11,26.542734
2008-06-12,26.447947
2008-06-13,27.66596
2008-06-14,27.197838
2008-06-15,27.97738
2008-06-16,28.618378
2008-06-17,28.012648
2008-06-18,28.591675
2008-06-19,27.226252
2008-06-20,26.824043
2008-06-21,28.710022
2008-06-22,29.132921
2008-06-23,29.689573
2008-06-24,29.160776
2008-06-25,28.327002
2008-06-26,27.602053
2008-06-27,27.830168
2008-06-28,26.474762
2008-06-29,26.814077
2008-06-30,26.940344
2008-07-01,27.169275
2008-07-02,26.752527
2008-07-03,26.842848
2008-07-04,26.565039
2008-07-05,27.456558
2008-07-06,27.4993
2008-07-07,26.45986
2008-07-08,25.476007
2008-07-09,25.089745
2008-07-10,24.462576
2008-07-11,23.890223
2008-07-12,25.487717
2008-07-13,25.57015
2008-07-14,26.137247
2008-07-15,27.093023
2008-07-16,27.415985
2008-07-17,27.257904
2008-07-18,27.549324
2008-07-19,27.435297
2008-07-20,27.724289
2008-07-21,27.797987
2008-07-22,27.950418
2008-07-23,27.93786
2008-07-24,27.742813
2008-07-25,27.162895
2008-07-26,26.34569
2008-07-27,24.557787
2008-07-28,26.09729
2008-07-29,25.503159
2008-07-30,25.410355
2008-07-31,25.467575
2008-08-01,24.950623
2008-08-02,25.607153
2008-08-03,26.23745
2008-08-04,25.567774
2008-08-05,25.237442
2008-08-06,25.269308
2008-08-07,25.039114
2008-08-08,24.681097
2008-08-09,24.971685
2008-08-10,24.394537
2008-08-11,25.297106
2008-08-12,25.16184
2008-08-13,25.356638
2008-08-14,25.356714
2008-08-15,25.654959
2008-08-16,25.477694
2008-08-17,25.656652
2008-08-18,25.43956
2008-08-19,25.444662
2008-08-20,25.258196
2008-08-21,25.186441
2008-08-22,25.661713
2008-08-23,26.18693
2008-08-24,26.736116
2008-08-25,25.36025
2008-08-26,25.042551
2008-08-27,24.8591
2008-08-28,26.103683
2008-08-29,26.445349
2008-08-30,26.17697
2008-08-31,26.743464
2008-09-01,27.638931
2008-09-02,27.820234
2008-09-03,27.823355
2008-09-04,26.931885
2008-09-05,26.112991
2008-09-06,25.540434
2008-09-07,26.655008
2008-09-08,25.79007
2008-09-09,25.145973
2008-09-10,25.995096
2008-09-11,26.306097
2008-09-12,26.651245
2008-09-13,25.98613
2008-09-14,25.945013
2008-09-15,25.25415
2008-09-16,25.112967
2008-09-17,25.135542
2008-09-18,24.887436
2008-09-19,25.519629
2008-09-20,25.289146
2008-09-21,26.410675
2008-09-22,25.258352
2008-09-23,25.382309
2008-09-24,26.125809
2008-09-25,26.265327
2008-09-26,25.130709
2008-09-27,25.050009
2008-09-28,24.608849
2008-09-29,25.031515
2008-09-30,25.74676
2008-10-01,26.73031
2008-10-02,26.748392
2008-10-03,27.506065
2008-10-04,27.127512
2008-10-05,26.508545
2008-10-06,26.826403
2008-10-07,25.748743
2008-10-08,25.423407
2008-10-09,26.655237
2008-10-10,27.181665
2008-10-11,27.904673
2008-10-12,27.712143
2008-10-13,27.209066
2008-10-14,27.283716
2008-10-15,27.852
2008-10-16,27.28552
2008-10-17,26.25962
2008-10-18,26.549683
2008-10-19,25.890993
2008-10-20,25.409302
2008-10-21,24.903524
2008-10-22,24.805544
2008-10-23,25.009348
2008-10-24,24.687231
2008-10-25,24.730307
2008-10-26,24.901491
2008-10-27,24.866768
2008-10-28,24.932722
2008-10-29,24.997726
2008-10-30,25.246271
2008-10-31,24.97628
2008-11-01,24.588877
2008-11-02,24.35018
2008-11-03,24.609472
2008-11-04,24.91509
2008-11-05,24.210627
2008-11-06,24.150167
2008-11-07,23.796143
2008-11-08,23.629593
2008-11-09,23.261545
2008-11-10,23.025732
2008-11-11,23.585608
2008-11-12,23.638876
2008-11-13,24.034876
2008-11-14,24.61321
2008-11-15,23.784178
2008-11-16,23.768867
2008-11-17,24.975973
2008-11-18,24.994553
2008-11-19,24.613104
2008-11-20,24.101486
2008-11-21,22.197882
2008-11-22,21.094604
2008-11-23,20.538893
2008-11-24,20.421227
2008-11-25,20.899027
2008-11-26,21.067354
2008-11-27,20.857313
2008-11-28,20.853
2008-11-29,22.471308
2008-11-30,23.280996
2009-06-01,31.888632
2009-06-02,32.1936
2009-06-03,32.4937
2009-06-04,32.872757
2009-06-05,32.75798
2009-06-06,32.99407
2009-06-07,32.72504
2009-06-08,32.7317
2009-06-09,33.015728
2009-06-10,33.050182
2009-06-11,32.693226
2009-06-12,32.282
2009-06-13,32.49986
2009-06-14,31.930735
2009-06-15,31.968035
2009-06-16,31.670015
2009-06-17,33.304424
2009-06-18,33.237915
2009-06-19,33.72451
2009-06-20,32.136536
2009-06-21,31.708511
2009-06-22,30.909128
2009-06-23,30.342672
2009-06-24,30.887156
2009-06-25,30.913406
2009-06-26,30.45636
2009-06-27,29.538658
2009-06-28,28.525131
2009-06-29,27.799768
2009-06-30,28.978037
2009-07-01,30.266062
2009-07-02,28.359797
2009-07-03,27.832964
2009-07-04,28.197855
2009-07-05,28.023325
2009-07-06,29.56987
2009-07-07,30.373709
2009-07-08,27.632195
2009-07-09,26.244339
2009-07-10,26.144043
2009-07-11,27.12821
2009-07-12,27.76735
2009-07-13,26.613829
2009-07-14,26.450838
2009-07-15,25.513918
2009-07-16,25.008347
2009-07-17,26.13978
2009-07-18,26.18809
2009-07-19,26.621023
2009-07-20,25.567698
2009-07-21,24.358347
2009-07-22,24.51253
2009-07-23,24.268988
2009-07-24,25.869936
2009-07-25,25.792871
2009-07-26,25.296219
2009-07-27,25.914469
2009-07-28,26.122915
2009-07-29,26.684708
2009-07-30,27.122412
2009-07-31,27.05948
2009-08-01,26.776175
2009-08-02,26.736353
2009-08-03,27.177307
2009-08-04,26.892502
2009-08-05,26.114151
2009-08-06,26.005743
2009-08-07,26.458368
2009-08-08,27.027605
2009-08-09,26.903824
2009-08-10,27.355902
2009-08-11,27.635612
2009-08-12,25.949022
2009-08-13,26.542046
2009-08-14,26.808249
2009-08-15,25.971415
2009-08-16,26.024103
2009-08-17,26.975204
2009-08-18,27.353882
2009-08-19,27.922754
2009-08-20,27.610708
2009-08-21,27.360239
2009-08-22,27.208864
2009-08-23,27.434336
2009-08-24,27.590963
2009-08-25,26.626139
2009-08-26,24.848871
2009-08-27,25.147842
2009-08-28,24.476229
2009-08-29,23.737732
2009-08-30,26.174944
2009-08-31,26.865051
2009-09-01,27.306168
2009-09-02,26.449118
2009-09-03,24.444921
2009-09-04,25.139742
2009-09-05,26.463518
2009-09-06,26.280024
2009-09-07,27.280869
2009-09-08,27.577692
2009-09-09,26.201706
2009-09-10,26.262022
2009-09-11,26.586828
2009-09-12,27.054474
2009-09-13,27.995398
2009-09-14,28.12697
2009-09-15,27.011429
2009-09-16,26.583654
2009-09-17,27.398092
2009-09-18,28.101782
2009-09-19,28.415268
2009-09-20,28.527382
2009-09-21,28.318335
2009-09-22,28.87673
2009-09-23,29.153503
2009-09-24,29.001047
2009-09-25,28.48495
2009-09-26,28.402382
2009-09-27,28.872034
2009-09-28,28.986582
2009-09-29,29.529032
2009-09-30,29.802546
2009-10-01,30.091974
2009-10-02,29.977102
2009-10-03,26.843002
2009-10-04,25.32105
2009-10-05,23.971115
2009-10-06,26.519648
2009-10-07,26.427729
2009-10-08,25.408377
2009-10-09,25.12976
2009-10-10,25.204794
2009-10-11,25.316916
2009-10-12,26.135653
2009-10-13,26.296219
2009-10-14,26.241606
2009-10-15,26.106323
2009-10-16,25.40426
2009-10-17,25.244238
2009-10-18,25.087036
2009-10-19,25.144777
2009-10-20,24.489355
2009-10-21,24.584084
2009-10-22,24.598694
2009-10-23,24.765053
2009-10-24,24.21299
2009-10-25,23.834608
2009-10-26,23.597914
2009-10-27,23.559565
2009-10-28,24.369604
2009-10-29,24.728605
2009-10-30,24.215658
2009-10-31,24.832865
2009-11-01,25.197449
2009-11-02,25.0652
2009-11-03,24.631012
2009-11-04,24.338987
2009-11-05,24.049223
2009-11-06,25.155823
2009-11-07,25.465353
2009-11-08,25.67042
2009-11-09,24.88478
2009-11-10,22.264025
2009-11-11,20.022943
2009-11-12,19.5479
2009-11-13,22.636972
2009-11-14,24.64685
2009-11-15,23.111135
2009-11-16,21.21781
2009-11-17,21.651163
2009-11-18,21.339127
2009-11-19,19.787945
2009-11-20,17.97355
2009-11-21,17.980185
2009-11-22,18.009588
2009-11-23,18.813898
2009-11-24,20.394056
2009-11-25,22.102015
2009-11-26,21.640884
2009-11-27,21.456741
2009-11-28,20.659689
2009-11-29,19.711317
2009-11-30,19.087969
2010-06-01,33.934612
2010-06-02,32.26137
2010-06-03,32.102253
2010-06-04,33.630337
2010-06-05,33.125286
2010-06-06,32.410675
2010-06-07,29.93979
2010-06-08,31.707483
2010-06-09,33.332096
2010-06-10,35.729885
2010-06-11,36.87836
2010-06-12,36.223007
2010-06-13,35.180466
2010-06-14,32.85428
2010-06-15,28.536089
2010-06-16,26.239546
2010-06-17,29.771042
2010-06-18,31.479149
2010-06-19,33.24199
2010-06-20,31.430468
2010-06-21,30.660894
2010-06-22,30.442724
2010-06-23,30.934044
2010-06-24,29.506495
2010-06-25,29.75678
2010-06-26,30.183844
2010-06-27,29.803629
2010-06-28,29.748434
2010-06-29,29.153624
2010-06-30,29.278448
2010-07-01,29.059479
2010-07-02,28.19163
2010-07-03,26.706215
2010-07-04,25.716787
2010-07-05,27.284399
2010-07-06,27.025782
2010-07-07,27.052496
2010-07-08,26.790266
2010-07-09,27.227028
2010-07-10,28.33811
2010-07-11,28.39862
2010-07-12,27.509272
2010-07-13,27.90249
2010-07-14,27.916555
2010-07-15,27.361242
2010-07-16,26.762197
2010-07-17,28.034842
2010-07-18,28.446938
2010-07-19,29.054255
2010-07-20,28.888498
2010-07-21,27.300247
2010-07-22,27.170547
2010-07-23,27.114492
2010-07-24,26.467934
2010-07-25,24.825617
2010-07-26,24.525778
2010-07-27,26.233023
2010-07-28,27.556692
2010-07-29,28.145308
2010-07-30,25.862154
2010-07-31,24.892288
2010-08-01,25.205053
2010-08-02,24.978277
2010-08-03,25.222624
2010-08-04,24.477722
2010-08-05,25.885675
2010-08-06,24.738367
2010-08-07,24.499298
2010-08-08,23.751139
2010-08-09,25.60028
2010-08-10,26.646608
2010-08-11,27.40477
2010-08-12,26.670792
2010-08-13,25.78153
2010-08-14,25.79213
2010-08-15,26.326025
2010-08-16,26.368729
2010-08-17,27.350271
2010-08-18,27.235907
2010-08-19,26.340897
2010-08-20,25.575418
2010-08-21,25.305405
2010-08-22,26.504837
2010-08-23,26.698969
2010-08-24,26.86505
2010-08-25,26.900665
2010-08-26,26.7983
2010-08-27,27.350235
2010-08-28,27.436281
2010-08-29,26.869165
2010-08-30,25.715445
2010-08-31,25.166761
2010-09-01,25.790588
2010-09-02,26.429785
2010-09-03,26.449057
2010-09-04,25.617788
2010-09-05,25.29159
2010-09-06,25.712454
2010-09-07,25.95137
2010-09-08,25.332672
2010-09-09,25.06865
2010-09-10,25.270372
2010-09-11,25.720781
2010-09-12,25.977224
2010-09-13,26.343645
2010-09-14,26.559326
2010-09-15,26.316813
2010-09-16,26.594378
2010-09-17,27.06167
2010-09-18,27.349024
2010-09-19,26.731672
2010-09-20,26.101883
2010-09-21,26.686834
2010-09-22,27.189125
2010-09-23,27.410501
2010-09-24,27.28893
2010-09-25,27.094995
2010-09-26,27.72067
2010-09-27,28.249374
2010-09-28,28.604837
2010-09-29,28.027534
2010-09-30,27.602186
2010-10-01,27.165442
2010-10-02,27.626574
2010-10-03,28.486364
2010-10-04,28.434286
2010-10-05,29.003656
2010-10-06,28.72741
2010-10-07,27.89592
2010-10-08,28.124216
2010-10-09,28.743744
2010-10-10,28.017431
2010-10-11,26.766104
2010-10-12,25.719088
2010-10-13,26.342184
2010-10-14,27.736898
2010-10-15,28.15386
2010-10-16,28.935715
2010-10-17,27.909632
2010-10-18,27.51535
2010-10-19,27.326456
2010-10-20,26.645075
2010-10-21,26.619715
2010-10-22,27.146158
2010-10-23,26.929672
2010-10-24,26.966492
2010-10-25,25.816248
2010-10-26,25.935503
2010-10-27,26.63342
2010-10-28,26.956106
2010-10-29,26.155355
2010-10-30,25.911856
2010-10-31,25.369276
2010-11-01,23.837759
2010-11-02,23.315964
2010-11-03,24.615921
2010-11-04,25.590387
2010-11-05,24.95783
2010-11-06,24.12969
2010-11-07,23.548712
2010-11-08,26.018908
2010-11-09,26.90267
2010-11-10,27.32966
2010-11-11,26.365921
2010-11-12,25.463358
2010-11-13,25.54693
2010-11-14,26.631887
2010-11-15,25.94613
2010-11-16,25.199495
2010-11-17,25.461893
2010-11-18,24.6524
2010-11-19,24.42363
2010-11-20,23.86322
2010-11-21,23.89614
2010-11-22,23.016672
2010-11-23,22.789515
2010-11-24,23.930155
2010-11-25,23.76265
2010-11-26,24.52781
2010-11-27,23.491362
2010-11-28,23.7283
2010-11-29,23.887415
2010-11-30,23.589096
2011-06-01,32.98791
2011-06-02,32.589405
2011-06-03,30.2093
2011-06-04,32.276463
2011-06-05,33.238186
2011-06-06,34.136486
2011-06-07,32.778275
2011-06-08,32.08143
2011-06-09,31.670471
2011-06-10,31.115297
2011-06-11,31.572245
2011-06-12,31.969336
2011-06-13,31.573664
2011-06-14,31.026634
2011-06-15,29.12148
2011-06-16,29.875977
2011-06-17,31.023966
2011-06-18,29.990974
2011-06-19,28.869684
2011-06-20,30.500666
2011-06-21,30.18289
2011-06-22,28.119364
2011-06-23,26.746038
2011-06-24,25.069092
2011-06-25,27.298056
2011-06-26,27.623388
2011-06-27,28.116953
2011-06-28,25.702753
2011-06-29,26.350204
2011-06-30,28.267035
2011-07-01,28.729094
2011-07-02,28.24292
2011-07-03,28.216455
2011-07-04,28.769995
2011-07-05,27.144934
2011-07-06,26.472734
2011-07-07,26.862228
2011-07-08,25.21348
2011-07-09,24.320465
2011-07-10,25.0492
2011-07-11,24.98258
2011-07-12,26.625753
2011-07-13,26.684847
2011-07-14,26.59259
2011-07-15,26.65737
2011-07-16,26.761568
2011-07-17,26.36699
2011-07-18,26.546637
2011-07-19,25.38224
2011-07-20,26.506598
2011-07-21,26.01826
2011-07-22,25.718786
2011-07-23,23.572714
2011-07-24,23.831533
2011-07-25,26.046423
2011-07-26,27.809393
2011-07-27,27.91854
2011-07-28,26.973494
2011-07-29,26.633163
2011-07-30,26.472305
2011-07-31,26.270319
2011-08-01,26.309847
2011-08-02,27.106634
2011-08-03,26.143545
2011-08-04,25.381323
2011-08-05,25.920023
2011-08-06,26.29403
2011-08-07,25.622255
2011-08-08,23.957687
2011-08-09,24.073507
2011-08-10,24.965347
2011-08-11,25.179403
2011-08-12,23.913916
2011-08-13,24.767359
2011-08-14,25.797585
2011-08-15,26.280912
2011-08-16,25.856516
2011-08-17,26.188745
2011-08-18,25.898514
2011-08-19,26.214418
2011-08-20,25.277258
2011-08-21,25.98356
2011-08-22,26.961899
2011-08-23,26.69925
2011-08-24,25.753695
2011-08-25,25.19551
2011-08-26,24.512129
2011-08-27,25.233612
2011-08-28,25.60734
2011-08-29,25.834244
2011-08-30,26.7282
2011-08-31,26.56347
2011-09-01,26.332321
2011-09-02,25.250174
2011-09-03,25.873953
2011-09-04,25.711008
2011-09-05,26.166496
2011-09-06,26.215342
2011-09-07,25.913286
2011-09-08,25.577637
2011-09-09,25.659172
2011-09-10,24.626678
2011-09-11,23.770552
2011-09-12,25.607641
2011-09-13,26.686783
2011-09-14,26.671572
2011-09-15,26.861265
2011-09-16,26.058777
2011-09-17,26.27002
2011-09-18,25.379354
2011-09-19,25.151436
2011-09-20,25.713598
2011-09-21,25.879751
2011-09-22,25.673315
2011-09-23,25.97486
2011-09-24,26.156713
2011-09-25,26.409994
2011-09-26,26.214502
2011-09-27,26.082644
2011-09-28,26.362875
2011-09-29,26.890879
2011-09-30,26.93696
2011-10-01,27.235834
2011-10-02,26.659903
2011-10-03,26.378487
2011-10-04,26.063477
2011-10-05,27.078833
2011-10-06,27.616892
2011-10-07,27.579924
2011-10-08,28.022863
2011-10-09,28.215912
2011-10-10,28.364464
2011-10-11,27.93528
2011-10-12,27.794853
2011-10-13,28.395294
2011-10-14,28.82531
2011-10-15,28.88352
2011-10-16,28.22661
2011-10-17,27.974258
2011-10-18,27.868689
2011-10-19,26.26152
2011-10-20,25.810469
2011-10-21,25.909697
2011-10-22,25.689157
2011-10-23,25.700829
2011-10-24,26.074303
2011-10-25,25.805832
2011-10-26,25.790659
2011-10-27,25.271263
2011-10-28,24.656311
2011-10-29,24.726492
2011-10-30,24.737242
2011-10-31,24.439789
2011-11-01,24.042257
2011-11-02,24.007376
2011-11-03,24.394827
2011-11-04,24.867315
2011-11-05,25.855463
2011-11-06,26.212976
2011-11-07,26.205282
2011-11-08,25.819565
2011-11-09,24.983002
2011-11-10,25.213308
2011-11-11,25.490791
2011-11-12,25.909903
2011-11-13,26.116701
2011-11-14,25.688818
2011-11-15,24.329216
2011-11-16,23.885773
2011-11-17,23.891037
2011-11-18,23.91025
2011-11-19,24.48258
2011-11-20,24.43306
2011-11-21,24.014153
2011-11-22,22.54725
2011-11-23,22.040934
2011-11-24,21.906137
2011-11-25,21.86041
2011-11-26,22.345467
2011-11-27,23.73461
2011-11-28,23.819319
2011-11-29,23.5911
2011-11-30,22.350348
2012-06-01,33.15285
2012-06-02,32.557728
2012-06-03,32.29314
2012-06-04,32.40707
2012-06-05,33.47469
2012-06-06,30.549158
2012-06-07,30.035385
2012-06-08,31.51415
2012-06-09,30.716042
2012-06-10,29.68609
2012-06-11,31.1121
2012-06-12,31.222229
2012-06-13,30.295746
2012-06-14,30.905815
2012-06-15,31.406303
2012-06-16,29.21316
2012-06-17,29.444174
2012-06-18,29.787352
2012-06-19,30.167795
2012-06-20,29.749916
2012-06-21,30.92086
2012-06-22,30.871038
2012-06-23,30.686737
2012-06-24,30.426504
2012-06-25,30.985384
2012-06-26,30.889364
2012-06-27,31.080336
2012-06-28,30.614668
2012-06-29,30.01694
2012-06-30,30.270164
2012-07-01,29.219765
2012-07-02,29.119377
2012-07-03,27.94751
2012-07-04,26.455841
2012-07-05,26.616621
2012-07-06,25.819311
2012-07-07,26.310926
2012-07-08,26.488657
2012-07-09,26.20668
2012-07-10,24.880346
2012-07-11,27.778534
2012-07-12,28.514929
2012-07-13,28.16012
2012-07-14,26.966211
2012-07-15,28.400599
2012-07-16,28.201086
2012-07-17,27.469164
2012-07-18,28.287912
2012-07-19,27.513336
2012-07-20,28.302292
2012-07-21,28.57018
2012-07-22,25.583002
2012-07-23,24.74901
2012-07-24,25.229513
2012-07-25,26.274496
2012-07-26,26.401918
2012-07-27,24.689924
2012-07-28,24.404139
2012-07-29,24.308493
2012-07-30,24.093298
2012-07-31,23.90715
2012-08-01,25.70362
2012-08-02,26.266747
2012-08-03,26.148865
2012-08-04,25.885386
2012-08-05,26.501207
2012-08-06,26.02717
2012-08-07,25.329245
2012-08-08,25.33268
2012-08-09,24.713593
2012-08-10,24.480967
2012-08-11,24.064936
2012-08-12,23.336975
2012-08-13,23.35415
2012-08-14,24.702368
2012-08-15,24.887598
2012-08-16,25.409529
2012-08-17,25.04577
2012-08-18,25.63289
2012-08-19,26.000229
2012-08-20,25.397635
2012-08-21,25.090744
2012-08-22,24.783707
2012-08-23,26.076605
2012-08-24,26.250969
2012-08-25,26.26628
2012-08-26,25.372671
2012-08-27,25.134268
2012-08-28,25.863686
2012-08-29,26.89524
2012-08-30,26.775629
2012-08-31,26.605585
2012-09-01,26.99984
2012-09-02,27.118477
2012-09-03,25.989695
2012-09-04,26.05227
2012-09-05,25.567657
2012-09-06,23.996763
2012-09-07,24.584757
2012-09-08,27.081024
2012-09-09,26.841375
2012-09-10,26.72045
2012-09-11,24.386856
2012-09-12,25.150454
2012-09-13,25.491713
2012-09-14,25.599054
2012-09-15,25.670181
2012-09-16,25.362494
2012-09-17,25.61863
2012-09-18,25.93367
2012-09-19,26.47637
2012-09-20,26.919474
2012-09-21,26.832907
2012-09-22,26.444412
2012-09-23,26.49689
2012-09-24,25.163614
2012-09-25,25.29418
2012-09-26,25.745455
2012-09-27,26.239939
2012-09-28,26.70991
2012-09-29,27.435205
2012-09-30,28.43484
2012-10-01,28.720774
2012-10-02,28.298965
2012-10-03,28.373253
2012-10-04,27.92689
2012-10-05,27.697481
2012-10-06,28.66868
2012-10-07,28.387766
2012-10-08,28.460045
2012-10-09,27.568512
2012-10-10,27.851892
2012-10-11,27.383566
2012-10-12,27.422903
2012-10-13,27.242693
2012-10-14,27.176514
2012-10-15,26.839218
2012-10-16,26.98591
2012-10-17,26.799606
2012-10-18,27.149103
2012-10-19,26.869822
2012-10-20,26.535742
2012-10-21,26.510435
2012-10-22,26.13325
2012-10-23,26.558924
2012-10-24,26.281515
2012-10-25,25.762148
2012-10-26,25.308783
2012-10-27,24.998014
2012-10-28,24.250639
2012-10-29,23.924383
2012-10-30,23.249075
2012-10-31,22.914587
2012-11-01,23.662384
2012-11-02,24.666143
2012-11-03,23.97391
2012-11-04,23.004501
2012-11-05,22.118906
2012-11-06,21.735199
2012-11-07,21.56205
2012-11-08,22.195807
2012-11-09,22.762625
2012-11-10,23.26967
2012-11-11,24.336731
2012-11-12,23.718699
2012-11-13,23.373253
2012-11-14,23.040674
2012-11-15,21.675669
2012-11-16,21.176926
2012-11-17,20.92662
2012-11-18,20.575338
2012-11-19,20.865221
2012-11-20,20.437956
2012-11-21,20.58544
2012-11-22,20.997555
2012-11-23,21.190264
2012-11-24,21.446968
2012-11-25,21.566172
2012-11-26,22.68614
2012-11-27,23.113693
2012-11-28,22.576864
2012-11-29,21.426874
2012-11-30,21.230318
2013-06-01,32.264187
2013-06-02,31.729475
2013-06-03,32.215176
2013-06-04,30.905039
2013-06-05,30.98757
2013-06-06,30.334045
2013-06-07,29.597757
2013-06-08,29.087387
2013-06-09,28.945578
2013-06-10,28.989166
2013-06-11,27.39798
2013-06-12,27.90198
2013-06-13,29.016275
2013-06-14,27.594109
2013-06-15,26.799164
2013-06-16,25.694494
2013-06-17,25.088995
2013-06-18,26.2064
2013-06-19,27.470629
2013-06-20,28.250458
2013-06-21,28.06064
2013-06-22,27.473516
2013-06-23,27.66517
2013-06-24,26.655272
2013-06-25,25.30453
2013-06-26,24.670975
2013-06-27,24.935867
2013-06-28,26.500366
2013-06-29,27.1053
2013-06-30,27.427713
2013-07-01,27.10762
2013-07-02,26.357391
2013-07-03,24.50118
2013-07-04,23.237635
2013-07-05,24.481794
2013-07-06,26.104712
2013-07-07,27.30932
2013-07-08,26.821877
2013-07-09,26.730469
2013-07-10,25.255136
2013-07-11,25.446741
2013-07-12,25.605652
2013-07-13,24.715822
2013-07-14,24.921204
2013-07-15,24.946005
2013-07-16,24.452919
2013-07-17,24.605879
2013-07-18,25.408888
2013-07-19,25.964972
2013-07-20,25.58344
2013-07-21,25.519762
2013-07-22,25.25521
2013-07-23,25.646103
2013-07-24,25.721964
2013-07-25,25.15346
2013-07-26,24.31545
2013-07-27,24.364492
2013-07-28,23.940088
2013-07-29,24.184143
2013-07-30,24.973124
2013-07-31,23.918922
2013-08-01,23.97399
2013-08-02,24.135735
2013-08-03,25.136032
2013-08-04,25.040276
2013-08-05,25.694733
2013-08-06,25.102755
2013-08-07,25.00087
2013-08-08,24.736649
2013-08-09,23.899954
2013-08-10,23.90242
2013-08-11,25.787277
2013-08-12,25.426455
2013-08-13,23.979868
2013-08-14,25.553802
2013-08-15,26.078323
2013-08-16,26.16451
2013-08-17,25.96477
2013-08-18,26.198935
2013-08-19,24.93164
2013-08-20,23.982306
2013-08-21,24.522684
2013-08-22,24.725107
2013-08-23,23.752127
2013-08-24,23.838129
2013-08-25,24.285334
2013-08-26,25.01887
2013-08-27,25.23085
2013-08-28,25.380568
2013-08-29,25.58928
2013-08-30,26.101921
2013-08-31,26.101954
2013-09-01,26.514807
2013-09-02,26.659307
2013-09-03,26.237513
2013-09-04,26.131212
2013-09-05,25.675797
2013-09-06,25.644464
2013-09-07,26.058455
2013-09-08,27.107534
2013-09-09,27.89743
2013-09-10,28.19542
2013-09-11,29.246641
2013-09-12,28.998247
2013-09-13,29.220419
2013-09-14,29.17409
2013-09-15,29.016106
2013-09-16,28.051697
2013-09-17,29.021471
2013-09-18,29.311148
2013-09-19,29.522848
2013-09-20,29.089455
2013-09-21,25.661978
2013-09-22,25.073736
2013-09-23,24.041739
2013-09-24,24.342163
2013-09-25,24.77002
2013-09-26,26.124374
2013-09-27,26.703714
2013-09-28,26.120275
2013-09-29,25.845106
2013-09-30,25.132408
2013-10-01,25.979744
2013-10-02,26.64437
2013-10-03,25.682276
2013-10-04,25.156042
2013-10-05,25.307592
2013-10-06,25.1856
2013-10-07,26.49935
2013-10-08,24.934942
2013-10-09,24.908335
2013-10-10,25.23292
2013-10-11,25.778898
2013-10-12,25.6689
2013-10-13,26.159628
2013-10-14,26.178314
2013-10-15,26.617065
2013-10-16,26.656784
2013-10-17,26.76835
2013-10-18,27.05066
2013-10-19,26.76271
2013-10-20,25.504595
2013-10-21,24.750702
2013-10-22,24.794924
2013-10-23,24.884125
2013-10-24,25.718063
2013-10-25,26.576944
2013-10-26,26.326784
2013-10-27,25.630478
2013-10-28,24.587698
2013-10-29,24.24621
2013-10-30,24.523382
2013-10-31,24.39952
2013-11-01,24.508722
2013-11-02,24.366951
2013-11-03,24.925909
2013-11-04,24.910156
2013-11-05,24.171347
2013-11-06,23.87439
2013-11-07,23.43044
2013-11-08,23.084381
2013-11-09,22.571913
2013-11-10,22.394857
2013-11-11,21.904367
2013-11-12,21.964226
2013-11-13,21.994064
2013-11-14,22.047844
2013-11-15,20.846695
2013-11-16,19.530802
2013-11-17,19.947254
2013-11-18,20.703615
2013-11-19,20.540693
2013-11-20,20.359436
2013-11-21,20.164097
2013-11-22,20.640236
2013-11-23,21.88299
2013-11-24,23.918882
2013-11-25,23.809364
2013-11-26,22.374868
2013-11-27,21.81881
2013-11-28,21.620644
2013-11-29,20.99388
2013-11-30,21.573774
2014-06-01,34.946976
2014-06-02,35.46577
2014-06-03,36.13824
2014-06-04,35.818314
2014-06-05,35.43655
2014-06-06,35.39045
2014-06-07,35.175777
2014-06-08,34.8528
2014-06-09,34.032406
2014-06-10,34.45462
2014-06-11,32.017826
2014-06-12,31.596506
2014-06-13,31.564665
2014-06-14,31.440216
2014-06-15,30.892298
2014-06-16,30.381514
2014-06-17,30.76239
2014-06-18,30.519583
2014-06-19,31.128738
2014-06-20,31.028315
2014-06-21,31.137365
2014-06-22,30.97561
2014-06-23,31.189325
2014-06-24,31.287306
2014-06-25,31.12443
2014-06-26,31.409948
2014-06-27,31.936113
2014-06-28,32.21753
2014-06-29,31.804743
2014-06-30,31.381678
2014-07-01,31.635208
2014-07-02,31.714117
2014-07-03,31.406271
2014-07-04,32.063873
2014-07-05,31.555542
2014-07-06,31.313278
2014-07-07,31.483765
2014-07-08,31.047806
2014-07-09,30.575373
2014-07-10,29.799826
2014-07-11,29.731583
2014-07-12,28.32879
2014-07-13,28.221146
2014-07-14,27.218155
2014-07-15,26.017546
2014-07-16,25.135386
2014-07-17,26.702478
2014-07-18,26.122307
2014-07-19,25.535376
2014-07-20,26.671417
2014-07-21,26.70401
2014-07-22,25.041224
2014-07-23,22.929266
2014-07-24,23.357641
2014-07-25,24.563461
2014-07-26,25.919657
2014-07-27,25.721018
2014-07-28,25.103859
2014-07-29,25.716837
2014-07-30,26.024328
2014-07-31,26.294744
2014-08-01,26.935816
2014-08-02,26.199036
2014-08-03,25.609291
2014-08-04,25.899088
2014-08-05,24.479208
2014-08-06,23.609253
2014-08-07,25.39772
2014-08-08,26.098886
2014-08-09,26.246191
2014-08-10,26.679482
2014-08-11,26.153574
2014-08-12,26.035501
2014-08-13,26.491074
2014-08-14,25.906828
2014-08-15,25.816828
2014-08-16,25.456228
2014-08-17,26.303574
2014-08-18,27.575792
2014-08-19,28.601372
2014-08-20,28.98446
2014-08-21,28.940855
2014-08-22,27.900375
2014-08-23,26.607115
2014-08-24,27.509222
2014-08-25,27.10637
2014-08-26,26.775955
2014-08-27,26.943903
2014-08-28,26.231964
2014-08-29,26.662537
2014-08-30,26.044985
2014-08-31,26.313223
2014-09-01,26.200592
2014-09-02,25.441116
2014-09-03,26.08493
2014-09-04,25.703756
2014-09-05,25.855293
2014-09-06,26.191217
2014-09-07,25.144812
2014-09-08,24.703161
2014-09-09,23.3715
2014-09-10,24.090227
2014-09-11,24.994059
2014-09-12,24.715666
2014-09-13,25.497375
2014-09-14,25.471872
2014-09-15,26.097311
2014-09-16,26.51612
2014-09-17,26.920553
2014-09-18,27.044764
2014-09-19,27.190138
2014-09-20,26.903503
2014-09-21,26.79899
2014-09-22,26.988808
2014-09-23,26.954676
2014-09-24,26.817862
2014-09-25,27.18016
2014-09-26,27.780813
2014-09-27,27.632349
2014-09-28,27.816824
2014-09-29,28.23435
2014-09-30,28.054512
2014-10-01,28.155996
2014-10-02,28.25723
2014-10-03,28.309473
2014-10-04,28.085642
2014-10-05,27.882408
2014-10-06,28.213081
2014-10-07,27.68666
2014-10-08,27.093712
2014-10-09,27.510004
2014-10-10,27.734497
2014-10-11,27.665445
2014-10-12,27.239363
2014-10-13,27.5361
2014-10-14,27.591621
2014-10-15,27.815681
2014-10-16,27.903814
2014-10-17,27.321955
2014-10-18,27.15899
2014-10-19,27.206024
2014-10-20,27.148096
2014-10-21,26.75502
2014-10-22,26.751143
2014-10-23,27.227911
2014-10-24,26.979574
2014-10-25,24.818579
2014-10-26,24.360693
2014-10-27,24.731606
2014-10-28,24.95207
2014-10-29,25.79772
2014-10-30,26.208008
2014-10-31,26.538626
2014-11-01,26.425467
2014-11-02,25.841492
2014-11-03,25.987436
2014-11-04,25.996801
2014-11-05,26.174429
2014-11-06,25.312254
2014-11-07,25.399504
2014-11-08,25.042618
2014-11-09,24.91423
2014-11-10,25.380035
2014-11-11,26.13527
2014-11-12,25.910208
2014-11-13,26.49433
2014-11-14,26.087214
2014-11-15,24.455908
2014-11-16,24.134806
2014-11-17,24.633982
2014-11-18,23.987696
2014-11-19,23.340658
2014-11-20,23.388113
2014-11-21,23.278702
2014-11-22,23.050674
2014-11-23,23.379501
2014-11-24,22.988813
2014-11-25,22.817476
2014-11-26,22.861832
2014-11-27,23.301767
2014-11-28,23.616364
2014-11-29,23.284105
2014-11-30,22.870794
2015-06-01,34.36777
2015-06-02,33.057804
2015-06-03,33.245373
2015-06-04,33.979137
2015-06-05,35.56808
2015-06-06,34.38638
2015-06-07,34.742325
2015-06-08,32.8571
2015-06-09,31.795996
2015-06-10,32.406178
2015-06-11,29.985136
2015-06-12,28.308945
2015-06-13,27.501425
2015-06-14,28.164255
2015-06-15,28.273834
2015-06-16,28.641027
2015-06-17,29.2576
2015-06-18,28.969416
2015-06-19,28.67011
2015-06-20,28.949533
2015-06-21,29.142431
2015-06-22,27.004541
2015-06-23,28.174143
2015-06-24,26.520653
2015-06-25,26.987585
2015-06-26,28.079882
2015-06-27,29.186731
2015-06-28,29.422705
2015-06-29,29.427198
2015-06-30,29.34867
2015-07-01,29.2922
2015-07-02,29.351889
2015-07-03,29.346712
2015-07-04,29.647089
2015-07-05,29.401148
2015-07-06,28.669044
2015-07-07,28.762503
2015-07-08,29.071564
2015-07-09,28.478355
2015-07-10,29.069067
2015-07-11,28.908318
2015-07-12,29.629364
2015-07-13,30.137625
2015-07-14,30.068808
2015-07-15,29.64737
2015-07-16,29.378477
2015-07-17,28.575766
2015-07-18,25.354507
2015-07-19,24.942453
2015-07-20,25.08493
2015-07-21,25.611908
2015-07-22,26.059156
2015-07-23,26.33341
2015-07-24,26.11498
2015-07-25,23.914322
2015-07-26,23.956656
2015-07-27,23.457697
2015-07-28,24.274603
2015-07-29,24.647871
2015-07-30,26.323538
2015-07-31,26.344427
2015-08-01,26.586172
2015-08-02,26.353994
2015-08-03,26.327057
2015-08-04,25.150108
2015-08-05,24.579702
2015-08-06,25.632158
2015-08-07,26.746231
2015-08-08,26.641533
2015-08-09,26.408106
2015-08-10,27.006968
2015-08-11,26.504227
2015-08-12,25.373602
2015-08-13,25.227896
2015-08-14,25.9113
2015-08-15,26.494604
2015-08-16,26.073357
2015-08-17,26.161646
2015-08-18,25.876823
2015-08-19,27.242823
2015-08-20,26.841583
2015-08-21,26.693579
2015-08-22,26.428995
2015-08-23,26.832624
2015-08-24,27.164495
2015-08-25,27.276594
2015-08-26,27.562277
2015-08-27,27.986158
2015-08-28,27.307459
2015-08-29,26.808441
2015-08-30,26.54915
2015-08-31,26.286207
2015-09-01,25.980677
2015-09-02,26.189453
2015-09-03,26.77182
2015-09-04,27.42894
2015-09-05,28.452301
2015-09-06,27.554113
2015-09-07,27.275772
2015-09-08,27.63385
2015-09-09,28.06018
2015-09-10,28.29032
2015-09-11,28.50347
2015-09-12,29.167307
2015-09-13,28.526016
2015-09-14,28.142998
2015-09-15,28.03063
2015-09-16,29.091736
2015-09-17,27.925385
2015-09-18,25.711279
2015-09-19,24.959272
2015-09-20,25.892496
2015-09-21,26.677103
2015-09-22,26.700628
2015-09-23,26.426516
2015-09-24,26.194101
2015-09-25,25.391855
2015-09-26,25.676895
2015-09-27,26.671148
2015-09-28,27.387154
2015-09-29,28.240625
2015-09-30,28.190619
2015-10-01,28.405722
2015-10-02,28.83383
2015-10-03,28.587646
2015-10-04,28.493135
2015-10-05,28.75271
2015-10-06,28.71228
2015-10-07,29.034052
2015-10-08,28.993006
2015-10-09,29.005836
2015-10-10,28.301025
2015-10-11,28.25797
2015-10-12,28.592194
2015-10-13,28.492064
2015-10-14,28.951982
2015-10-15,29.011139
2015-10-16,28.574692
2015-10-17,28.599695
2015-10-18,28.678919
2015-10-19,29.035217
2015-10-20,28.821894
2015-10-21,28.363394
2015-10-22,28.244736
2015-10-23,28.009192
2015-10-24,27.814371
2015-10-25,27.811043
2015-10-26,26.11625
2015-10-27,24.582497
2015-10-28,24.90358
2015-10-29,22.705322
2015-10-30,22.537508
2015-10-31,23.000814
2015-11-01,24.616693
2015-11-02,25.67627
2015-11-03,26.130898
2015-11-04,26.489363
2015-11-05,25.916023
2015-11-06,25.584105
2015-11-07,25.869257
2015-11-08,25.66622
2015-11-09,25.490509
2015-11-10,25.662298
2015-11-11,26.073175
2015-11-12,25.834267
2015-11-13,25.650244
2015-11-14,25.420912
2015-11-15,25.40674
2015-11-16,24.893417
2015-11-17,24.407183
2015-11-18,23.47679
2015-11-19,23.156424
2015-11-20,22.676512
2015-11-21,23.254766
2015-11-22,24.272316
2015-11-23,24.381971
2015-11-24,24.884369
2015-11-25,24.647821
2015-11-26,24.687277
2015-11-27,22.53525
2015-11-28,21.677658
2015-11-29,24.170631
2015-11-30,25.0927
2016-06-01,34.859306
2016-06-02,35.26315
2016-06-03,35.57307
2016-06-04,37.17348
2016-06-05,37.46259
2016-06-06,36.08873
2016-06-07,35.76741
2016-06-08,34.637463
2016-06-09,33.96516
2016-06-10,33.51852
2016-06-11,33.310062
2016-06-12,33.178177
2016-06-13,32.88082
2016-06-14,32.512554
2016-06-15,31.999413
2016-06-16,32.16641
2016-06-17,32.076584
2016-06-18,28.96052
2016-06-19,29.828583
2016-06-20,29.886587
2016-06-21,29.409662
2016-06-22,28.556374
2016-06-23,28.929865
2016-06-24,29.630816
2016-06-25,28.22699
2016-06-26,29.684443
2016-06-27,29.505293
2016-06-28,28.382807
2016-06-29,27.890793
2016-06-30,28.933275
2016-07-01,29.23963
2016-07-02,28.530184
2016-07-03,26.582626
2016-07-04,26.026068
2016-07-05,28.123728
2016-07-06,27.934721
2016-07-07,27.316744
2016-07-08,26.843733
2016-07-09,24.840338
2016-07-10,25.125925
2016-07-11,25.05483
2016-07-12,24.200409
2016-07-13,26.30552
2016-07-14,27.229155
2016-07-15,27.19695
2016-07-16,26.280607
2016-07-17,26.371157
2016-07-18,26.50969
2016-07-19,26.667032
2016-07-20,27.287577
2016-07-21,27.627678
2016-07-22,27.523264
2016-07-23,26.919306
2016-07-24,26.429733
2016-07-25,26.735575
2016-07-26,26.242186
2016-07-27,24.547897
2016-07-28,25.293169
2016-07-29,26.260147
2016-07-30,26.870604
2016-07-31,25.446014
2016-08-01,25.284714
2016-08-02,24.755402
2016-08-03,24.610022
2016-08-04,25.294981
2016-08-05,26.079687
2016-08-06,24.825094
2016-08-07,24.081686
2016-08-08,24.436193
2016-08-09,24.948502
2016-08-10,24.622147
2016-08-11,25.473444
2016-08-12,26.306213
2016-08-13,25.72119
2016-08-14,26.058563
2016-08-15,26.068466
2016-08-16,26.057089
2016-08-17,26.478659
2016-08-18,26.500937
2016-08-19,24.366457
2016-08-20,23.09617
2016-08-21,24.111311
2016-08-22,24.954071
2016-08-23,25.277166
2016-08-24,25.579285
2016-08-25,26.27304
2016-08-26,26.892996
2016-08-27,26.507383
2016-08-28,27.402563
2016-08-29,27.67913
2016-08-30,27.229996
2016-08-31,25.479883
2016-09-01,25.57575
2016-09-02,25.810434
2016-09-03,25.96421
2016-09-04,25.820663
2016-09-05,25.781157
2016-09-06,25.909044
2016-09-07,25.79389
2016-09-08,25.960678
2016-09-09,26.777285
2016-09-10,26.854528
2016-09-11,26.377106
2016-09-12,26.99454
2016-09-13,28.052002
2016-09-14,28.18326
2016-09-15,27.657959
2016-09-16,26.797768
2016-09-17,26.49576
2016-09-18,26.645409
2016-09-19,26.409845
2016-09-20,26.76235
2016-09-21,26.387972
2016-09-22,26.700857
2016-09-23,27.92772
2016-09-24,27.687119
2016-09-25,27.74707
2016-09-26,28.029364
2016-09-27,28.175957
2016-09-28,27.84904
2016-09-29,27.582418
2016-09-30,26.979528
2016-10-01,26.40722
2016-10-02,26.997215
2016-10-03,27.176292
2016-10-04,27.036829
2016-10-05,25.36885
2016-10-06,25.626745
2016-10-07,26.2646
2016-10-08,26.76032
2016-10-09,27.319818
2016-10-10,26.947515
2016-10-11,25.959635
2016-10-12,25.050165
2016-10-13,24.526178
2016-10-14,25.48232
2016-10-15,25.978643
2016-10-16,26.071085
2016-10-17,25.760752
2016-10-18,25.605566
2016-10-19,25.707916
2016-10-20,25.795425
2016-10-21,26.0507
2016-10-22,25.857443
2016-10-23,25.605835
2016-10-24,24.990608
2016-10-25,24.145746
2016-10-26,24.775307
2016-10-27,25.331057
2016-10-28,24.55948
2016-10-29,23.5271
2016-10-30,22.72557
2016-10-31,23.22489
2016-11-01,22.884192
2016-11-02,22.569006
2016-11-03,22.615234
2016-11-04,22.731995
2016-11-05,22.493006
2016-11-06,22.989609
2016-11-07,23.302229
2016-11-08,22.386892
2016-11-09,22.146683
2016-11-10,22.508493
2016-11-11,23.095804
2016-11-12,22.815084
2016-11-13,22.4404
2016-11-14,22.150522
2016-11-15,21.58789
2016-11-16,21.523438
2016-11-17,21.072971
2016-11-18,21.603682
2016-11-19,21.89562
2016-11-20,22.029573
2016-11-21,22.1332
2016-11-22,22.20459
2016-11-23,21.887436
2016-11-24,21.609823
2016-11-25,21.386095
2016-11-26,21.871124
2016-11-27,22.220057
2016-11-28,22.196686
2016-11-29,22.118143
2016-11-30,22.627998
2017-06-01,32.23465
2017-06-02,33.858143
2017-06-03,35.04218
2017-06-04,33.77563
2017-06-05,31.927485
2017-06-06,32.340916
2017-06-07,30.299582
2017-06-08,29.214529
2017-06-09,28.90452
2017-06-10,29.664398
2017-06-11,29.457108
2017-06-12,31.021927
2017-06-13,30.703512
2017-06-14,31.192663
2017-06-15,30.93043
2017-06-16,31.137686
2017-06-17,31.799622
2017-06-18,32.10666
2017-06-19,31.619942
2017-06-20,31.392096
2017-06-21,30.389465
2017-06-22,28.830114
2017-06-23,29.015137
2017-06-24,27.340643
2017-06-25,28.87594
2017-06-26,27.479935
2017-06-27,28.22399
2017-06-28,28.38854
2017-06-29,29.328348
2017-06-30,28.409891
2017-07-01,26.686625
2017-07-02,26.305918
2017-07-03,26.207947
2017-07-04,26.088873
2017-07-05,28.068216
2017-07-06,28.47072
2017-07-07,29.244171
2017-07-08,29.032263
2017-07-09,29.12564
2017-07-10,28.378244
2017-07-11,27.655334
2017-07-12,26.291525
2017-07-13,24.404404
2017-07-14,24.688166
2017-07-15,25.763296
2017-07-16,26.252466
2017-07-17,26.411066
2017-07-18,27.423166
2017-07-19,26.518265
2017-07-20,25.471125
2017-07-21,25.74543
2017-07-22,25.302023
2017-07-23,24.434301
2017-07-24,24.532125
2017-07-25,24.194763
2017-07-26,23.501366
2017-07-27,24.218239
2017-07-28,23.809732
2017-07-29,25.588835
2017-07-30,26.199362
2017-07-31,26.647688
2017-08-01,26.386389
2017-08-02,26.116602
2017-08-03,25.806067
2017-08-04,26.380125
2017-08-05,27.047964
2017-08-06,26.64476
2017-08-07,26.400572
2017-08-08,25.434958
2017-08-09,26.619883
2017-08-10,27.01156
2017-08-11,26.683784
2017-08-12,26.214014
2017-08-13,25.61862
2017-08-14,26.394388
2017-08-15,26.74447
2017-08-16,27.12438
2017-08-17,27.36405
2017-08-18,27.19864
2017-08-19,26.289515
2017-08-20,27.1221
2017-08-21,26.54624
2017-08-22,26.163904
2017-08-23,26.434393
2017-08-24,25.824495
2017-08-25,26.131483
2017-08-26,26.26146
2017-08-27,25.553305
2017-08-28,26.211706
2017-08-29,25.94072
2017-08-30,25.62239
2017-08-31,26.357492
2017-09-01,25.994299
2017-09-02,26.164827
2017-09-03,24.88652
2017-09-04,26.459192
2017-09-05,26.616747
2017-09-06,26.928537
2017-09-07,27.276266
2017-09-08,28.034796
2017-09-09,27.853296
2017-09-10,27.748383
2017-09-11,27.898458
2017-09-12,26.90696
2017-09-13,26.239088
2017-09-14,26.600039
2017-09-15,25.32579
2017-09-16,25.62977
2017-09-17,26.848467
2017-09-18,26.1008
2017-09-19,28.154936
2017-09-20,28.07434
2017-09-21,25.587776
2017-09-22,25.222876
2017-09-23,26.32527
2017-09-24,27.0138
2017-09-25,27.204895
2017-09-26,27.370504
2017-09-27,28.254684
2017-09-28,28.397894
2017-09-29,28.359621
2017-09-30,28.400366
2017-10-01,28.373283
2017-10-02,28.236994
2017-10-03,27.803873
2017-10-04,27.994308
2017-10-05,28.189608
2017-10-06,28.782267
2017-10-07,28.722305
2017-10-08,28.709772
2017-10-09,27.696716
2017-10-10,26.391943
2017-10-11,27.081705
2017-10-12,27.840334
2017-10-13,27.567114
2017-10-14,28.389648
2017-10-15,28.108717
2017-10-16,27.463882
2017-10-17,27.181786
2017-10-18,26.892801
2017-10-19,26.277643
2017-10-20,28.048498
2017-10-21,28.658438
2017-10-22,27.55898
2017-10-23,26.02273
2017-10-24,25.480078
2017-10-25,25.557863
2017-10-26,25.68368
2017-10-27,25.019262
2017-10-28,25.316904
2017-10-29,25.136694
2017-10-30,24.838226
2017-10-31,24.528463
2017-11-01,24.317968
2017-11-02,24.26407
2017-11-03,24.663391
2017-11-04,24.175415
2017-11-05,23.573385
2017-11-06,23.96286
2017-11-07,24.145172
2017-11-08,24.02596
2017-11-09,23.676603
2017-11-10,22.836197
2017-11-11,22.550318
2017-11-12,21.818975
2017-11-13,21.523355
2017-11-14,22.049833
2017-11-15,22.20275
2017-11-16,22.557373
2017-11-17,23.36027
2017-11-18,23.656448
2017-11-19,22.973999
2017-11-20,23.794168
2017-11-21,23.093481
2017-11-22,22.904322
2017-11-23,22.173777
2017-11-24,21.499105
2017-11-25,20.580322
2017-11-26,21.071451
2017-11-27,20.94242
2017-11-28,21.492447
2017-11-29,21.619131
2017-11-30,21.458647
2018-06-01,34.56974
2018-06-02,32.99352
2018-06-03,32.85763
2018-06-04,34.466156
2018-06-05,33.914913
2018-06-06,33.142338
2018-06-07,34.004063
2018-06-08,32.96194
2018-06-09,31.729477
2018-06-10,31.408224
2018-06-11,31.95729
2018-06-12,32.074833
2018-06-13,32.20291
2018-06-14,32.092056
2018-06-15,31.873102
2018-06-16,31.526093
2018-06-17,30.667795
2018-06-18,31.249258
2018-06-19,30.733154
2018-06-20,30.85626
2018-06-21,30.392725
2018-06-22,29.363878
2018-06-23,29.488007
2018-06-24,27.722214
2018-06-25,27.426529
2018-06-26,25.77105
2018-06-27,27.050537
2018-06-28,26.177927
2018-06-29,26.67388
2018-06-30,28.717484
2018-07-01,29.20704
2018-07-02,29.05969
2018-07-03,27.161545
2018-07-04,25.561518
2018-07-05,26.840897
2018-07-06,27.682373
2018-07-07,25.846214
2018-07-08,27.711502
2018-07-09,26.634958
2018-07-10,25.588804
2018-07-11,24.98702
2018-07-12,24.82103
2018-07-13,25.88497
2018-07-14,26.066725
2018-07-15,26.1279
2018-07-16,26.432749
2018-07-17,26.01827
2018-07-18,25.761429
2018-07-19,25.815851
2018-07-20,25.634375
2018-07-21,25.314926
2018-07-22,24.960352
2018-07-23,24.241327
2018-07-24,24.934484
2018-07-25,24.737524
2018-07-26,24.827505
2018-07-27,25.387583
2018-07-28,26.506807
2018-07-29,26.586014
2018-07-30,26.382402
2018-07-31,26.852686
2018-08-01,27.477692
2018-08-02,27.348106
2018-08-03,27.19456
2018-08-04,27.521215
2018-08-05,27.119513
2018-08-06,26.633997
2018-08-07,26.211714
2018-08-08,24.73523
2018-08-09,25.863043
2018-08-10,26.08558
2018-08-11,26.643793
2018-08-12,26.150625
2018-08-13,26.55305
2018-08-14,26.81968
2018-08-15,26.233831
2018-08-16,26.747225
2018-08-17,25.07431
2018-08-18,24.92333
2018-08-19,25.47442
2018-08-20,24.751455
2018-08-21,23.475199
2018-08-22,23.620497
2018-08-23,25.035065
2018-08-24,25.69798
2018-08-25,25.275785
2018-08-26,25.274994
2018-08-27,25.371222
2018-08-28,24.725418
2018-08-29,24.458351
2018-08-30,25.07444
2018-08-31,24.978241
2018-09-01,24.95929
2018-09-02,25.266434
2018-09-03,25.060568
2018-09-04,25.166925
2018-09-05,25.017126
2018-09-06,25.105713
2018-09-07,23.526169
2018-09-08,23.365572
2018-09-09,24.284678
2018-09-10,25.447863
2018-09-11,25.6794
2018-09-12,26.00692
2018-09-13,25.137001
2018-09-14,25.933472
2018-09-15,26.155344
2018-09-16,26.648005
2018-09-17,27.03013
2018-09-18,27.007322
2018-09-19,27.445658
2018-09-20,27.954718
2018-09-21,27.432974
2018-09-22,24.23168
2018-09-23,25.012573
2018-09-24,26.186232
2018-09-25,26.658941
2018-09-26,26.85198
2018-09-27,26.64506
2018-09-28,27.031366
2018-09-29,26.978111
2018-09-30,27.006554
2018-10-01,27.73895
2018-10-02,28.3582
2018-10-03,28.35784
2018-10-04,27.596807
2018-10-05,27.365852
2018-10-06,27.727936
2018-10-07,27.511461
2018-10-08,27.44773
2018-10-09,27.128786
2018-10-10,27.292639
2018-10-11,27.284948
2018-10-12,26.729887
2018-10-13,25.98464
2018-10-14,26.437601
2018-10-15,26.70362
2018-10-16,26.71733
2018-10-17,26.46901
2018-10-18,26.653624
2018-10-19,27.25144
2018-10-20,27.273687
2018-10-21,26.537798
2018-10-22,24.950827
2018-10-23,25.151453
2018-10-24,25.59278
2018-10-25,25.909914
2018-10-26,25.82598
2018-10-27,25.899088
2018-10-28,25.757797
2018-10-29,24.32636
2018-10-30,23.909418
2018-10-31,24.630518
2018-11-01,25.468582
2018-11-02,25.715103
2018-11-03,26.42456
2018-11-04,26.439692
2018-11-05,25.411978
2018-11-06,23.531403
2018-11-07,22.018667
2018-11-08,22.187899
2018-11-09,22.844572
2018-11-10,23.521912
2018-11-11,23.423609
2018-11-12,23.726128
2018-11-13,24.003859
2018-11-14,23.947832
2018-11-15,23.80668
2018-11-16,23.154007
2018-11-17,23.517736
2018-11-18,24.363083
2018-11-19,25.14012
2018-11-20,25.3225
2018-11-21,24.879446
2018-11-22,24.31309
2018-11-23,24.224516
2018-11-24,22.718958
2018-11-25,21.524591
2018-11-26,20.8819
2018-11-27,21.304876
2018-11-28,21.036932
2018-11-29,20.556002
2018-11-30,20.177784
2019-06-01,35.225857
2019-06-02,35.30046
2019-06-03,35.503796
2019-06-04,35.26405
2019-06-05,35.933796
2019-06-06,36.389874
2019-06-07,36.037952
2019-06-08,35.833576
2019-06-09,36.131786
2019-06-10,34.905518
2019-06-11,36.006474
2019-06-12,35.064762
2019-06-13,33.229504
2019-06-14,33.861214
2019-06-15,32.58428
2019-06-16,31.918808
2019-06-17,31.586164
2019-06-18,31.095728
2019-06-19,29.529022
2019-06-20,30.93277
2019-06-21,31.889465
2019-06-22,30.327906
2019-06-23,29.876627
2019-06-24,29.967745
2019-06-25,29.67412
2019-06-26,29.771765
2019-06-27,28.882727
2019-06-28,28.306421
2019-06-29,26.978745
2019-06-30,25.859919
2019-07-01,27.426888
2019-07-02,27.82556
2019-07-03,25.3572
2019-07-04,25.225021
2019-07-05,24.732529
2019-07-06,24.445518
2019-07-07,25.738214
2019-07-08,27.495447
2019-07-09,28.156965
2019-07-10,28.49703
2019-07-11,28.837961
2019-07-12,28.767107
2019-07-13,28.820251
2019-07-14,29.010351
2019-07-15,29.123266
2019-07-16,29.498291
2019-07-17,29.822113
2019-07-18,29.95346
2019-07-19,29.279318
2019-07-20,29.174835
2019-07-21,28.741377
2019-07-22,30.682169
2019-07-23,31.530207
2019-07-24,30.24199
2019-07-25,27.066345
2019-07-26,26.204275
2019-07-27,25.416437
2019-07-28,24.591558
2019-07-29,25.81581
2019-07-30,24.405962
2019-07-31,24.002527
2019-08-01,24.878386
2019-08-02,25.622604
2019-08-03,25.285376
2019-08-04,25.77997
2019-08-05,25.59498
2019-08-06,26.558569
2019-08-07,24.848383
2019-08-08,24.348236
2019-08-09,24.152353
2019-08-10,25.96757
2019-08-11,25.638052
2019-08-12,26.046011
2019-08-13,26.638903
2019-08-14,25.048273
2019-08-15,24.053528
2019-08-16,25.401045
2019-08-17,26.094263
2019-08-18,25.647886
2019-08-19,26.248556
2019-08-20,26.742151
2019-08-21,26.517725
2019-08-22,26.942251
2019-08-23,26.708944
2019-08-24,25.564703
2019-08-25,24.72143
2019-08-26,23.809809
2019-08-27,23.545046
2019-08-28,24.468803
2019-08-29,26.794044
2019-08-30,26.921646
2019-08-31,26.889898
2019-09-01,26.94518
2019-09-02,27.232239
2019-09-03,26.28718
2019-09-04,26.200624
2019-09-05,26.541498
2019-09-06,26.674795
2019-09-07,27.432465
2019-09-08,25.979645
2019-09-09,25.120926
2019-09-10,24.487024
2019-09-11,24.943274
2019-09-12,24.370642
2019-09-13,23.650068
2019-09-14,24.200106
2019-09-15,24.94001
2019-09-16,25.693174
2019-09-17,26.547525
2019-09-18,26.451853
2019-09-19,26.209536
2019-09-20,26.169516
2019-09-21,25.785646
2019-09-22,26.694717
2019-09-23,26.145498
2019-09-24,26.903158
2019-09-25,25.910929
2019-09-26,25.885185
2019-09-27,24.884117
2019-09-28,25.13646
2019-09-29,25.627924
2019-09-30,25.860794
2019-10-01,24.886889
2019-10-02,26.054077
2019-10-03,26.379164
2019-10-04,26.215948
2019-10-05,25.95305
2019-10-06,25.73928
2019-10-07,26.324259
2019-10-08,26.735085
2019-10-09,26.94552
2019-10-10,26.597666
2019-10-11,26.062525
2019-10-12,25.593527
2019-10-13,25.565557
2019-10-14,26.459526
2019-10-15,26.162127
2019-10-16,25.900764
2019-10-17,25.659826
2019-10-18,25.943298
2019-10-19,24.889145
2019-10-20,24.218607
2019-10-21,24.600517
2019-10-22,24.00376
2019-10-23,21.946945
2019-10-24,22.675009
2019-10-25,23.995132
2019-10-26,23.266287
2019-10-27,22.805082
2019-10-28,24.271276
2019-10-29,25.413069
2019-10-30,25.955328
2019-10-31,25.840189
2019-11-01,25.660059
2019-11-02,23.556223
2019-11-03,24.318338
2019-11-04,25.105667
2019-11-05,25.230652
2019-11-06,24.988398
2019-11-07,24.598541
2019-11-08,24.741371
2019-11-09,24.48935
2019-11-10,24.113306
2019-11-11,24.512049
2019-11-12,24.171768
2019-11-13,23.51679
2019-11-14,22.802729
2019-11-15,22.287745
2019-11-16,22.602118
2019-11-17,22.191599
2019-11-18,22.056412
2019-11-19,22.451433
2019-11-20,21.347162
2019-11-21,21.984335
2019-11-22,22.593283
2019-11-23,22.601057
2019-11-24,22.67871
2019-11-25,22.669474
2019-11-26,22.563044
2019-11-27,23.071547
2019-11-28,23.23128
2019-11-29,22.843697
2019-11-30,22.50945
2020-06-01,33.297516
2020-06-02,28.973196
2020-06-03,25.907532
2020-06-04,25.522635
2020-06-05,27.522497
2020-06-06,28.374298
2020-06-07,29.067545
2020-06-08,29.822145
2020-06-09,30.723356
2020-06-10,29.806755
2020-06-11,29.888062
2020-06-12,28.725828
2020-06-13,29.406504
2020-06-14,28.435572
2020-06-15,28.602549
2020-06-16,29.290476
2020-06-17,28.160812
2020-06-18,29.541391
2020-06-19,29.114878
2020-06-20,28.856638
2020-06-21,29.413904
2020-06-22,29.071821
2020-06-23,28.172647
2020-06-24,27.894564
2020-06-25,29.743795
2020-06-26,28.815542
2020-06-27,28.634415
2020-06-28,30.012299
2020-06-29,29.212652
2020-06-30,29.965693
2020-07-01,30.312498
2020-07-02,29.738363
2020-07-03,27.905579
2020-07-04,29.009691
2020-07-05,26.910975
2020-07-06,26.547472
2020-07-07,27.940315
2020-07-08,28.690165
2020-07-09,28.78813
2020-07-10,28.563086
2020-07-11,28.710419
2020-07-12,27.70791
2020-07-13,28.939497
2020-07-14,28.62323
2020-07-15,27.137466
2020-07-16,27.319681
2020-07-17,27.99485
2020-07-18,29.30915
2020-07-19,28.709412
2020-07-20,28.645996
2020-07-21,28.862143
2020-07-22,29.21495
2020-07-23,27.905035
2020-07-24,27.19571
2020-07-25,26.905952
2020-07-26,28.221064
2020-07-27,28.679071
2020-07-28,28.826668
2020-07-29,27.63767
2020-07-30,27.933268
2020-07-31,28.705206
2020-08-01,28.774298
2020-08-02,29.549225
2020-08-03,27.882757
2020-08-04,27.962769
2020-08-05,26.989344
2020-08-06,27.719437
2020-08-07,26.194122
2020-08-08,26.893158
2020-08-09,25.97185
2020-08-10,26.961702
2020-08-11,26.6604
2020-08-12,25.445742
2020-08-13,24.243883
2020-08-14,24.869287
2020-08-15,24.868692
2020-08-16,25.330435
2020-08-17,25.21044
2020-08-18,25.23372
2020-08-19,25.346914
2020-08-20,25.489157
2020-08-21,25.455961
2020-08-22,24.280762
2020-08-23,24.15625
2020-08-24,25.695663
2020-08-25,26.183823
2020-08-26,26.508963
2020-08-27,26.427023
2020-08-28,25.816965
2020-08-29,24.550909
2020-08-30,24.576166
2020-08-31,26.012512
2020-09-01,26.331064
2020-09-02,26.871592
2020-09-03,26.972557
2020-09-04,28.106125
2020-09-05,28.324179
2020-09-06,28.109701
2020-09-07,28.26766
2020-09-08,28.620829
2020-09-09,28.798784
2020-09-10,27.79516
2020-09-11,26.284029
2020-09-12,27.732971
2020-09-13,27.681387
2020-09-14,27.002237
2020-09-15,27.045603
2020-09-16,27.472525
2020-09-17,28.030663
2020-09-18,27.335958
2020-09-19,27.122335
2020-09-20,27.813797
2020-09-21,28.140753
2020-09-22,27.558714
2020-09-23,25.043076
2020-09-24,27.10406
2020-09-25,27.798538
2020-09-26,25.863531
2020-09-27,26.416117
2020-09-28,26.631172
2020-09-29,26.579798
2020-09-30,26.732733
2020-10-01,27.480042
2020-10-02,28.116674
2020-10-03,27.89422
2020-10-04,27.843817
2020-10-05,27.086264
2020-10-06,26.668695
2020-10-07,27.241158
2020-10-08,26.902086
2020-10-09,27.667267
2020-10-10,27.483025
2020-10-11,26.839485
2020-10-12,27.962011
2020-10-13,27.894455
2020-10-14,29.352844
2020-10-15,28.893219
2020-10-16,28.268152
2020-10-17,28.577383
2020-10-18,28.143854
2020-10-19,27.72622
2020-10-20,27.259003
2020-10-21,27.13121
2020-10-22,26.744446
2020-10-23,25.942553
2020-10-24,25.052673
2020-10-25,24.917564
2020-10-26,24.919785
2020-10-27,24.727127
2020-10-28,24.788721
2020-10-29,24.548315
2020-10-30,24.614431
2020-10-31,23.917175
2020-11-01,23.482391
2020-11-02,23.392843
2020-11-03,23.339987
2020-11-04,22.90621
2020-11-05,22.822096
2020-11-06,22.672033
2020-11-07,22.376495
2020-11-08,21.981161
2020-11-09,21.839241
2020-11-10,21.191069
2020-11-11,20.630093
2020-11-12,21.734848
2020-11-13,23.968208
2020-11-14,24.709688
2020-11-15,25.241648
2020-11-16,25.517202
2020-11-17,25.247137
2020-11-18,24.998344
2020-11-19,24.013659
2020-11-20,21.998224
2020-11-21,19.982273
2020-11-22,20.130016
2020-11-23,21.854864
2020-11-24,22.650543
2020-11-25,22.542715
2020-11-26,21.911318
2020-11-27,20.189602
2020-11-28,20.469013
2020-11-29,22.369194
2020-11-30,23.165466
2021-06-01,31.999825
2021-06-02,31.46589
2021-06-03,31.033005
2021-06-04,29.902891
2021-06-05,29.931353
2021-06-06,28.896826
2021-06-07,29.284927
2021-06-08,30.285196
2021-06-09,30.204695
2021-06-10,30.216227
2021-06-11,29.925062
2021-06-12,30.596169
2021-06-13,31.165762
2021-06-14,31.0039
2021-06-15,30.66889
2021-06-16,30.365326
2021-06-17,28.922739
2021-06-18,28.2101
2021-06-19,28.356493
2021-06-20,26.285456
2021-06-21,27.079214
2021-06-22,27.533068
2021-06-23,26.830473
2021-06-24,25.978846
2021-06-25,27.629211
2021-06-26,27.548395
2021-06-27,27.748999
2021-06-28,27.995295
2021-06-29,29.075644
2021-06-30,29.394547
2021-07-01,28.9215
2021-07-02,29.298561
2021-07-03,29.967722
2021-07-04,29.537613
2021-07-05,29.48416
2021-07-06,30.08902
2021-07-07,30.739935
2021-07-08,30.088882
2021-07-09,28.804728
2021-07-10,28.374472
2021-07-11,27.694946
2021-07-12,28.980413
2021-07-13,28.869965
2021-07-14,27.989573
2021-07-15,28.882332
2021-07-16,29.252737
2021-07-17,29.756525
2021-07-18,27.924154
2021-07-19,27.160608
2021-07-20,26.286478
2021-07-21,26.452787
2021-07-22,27.013702
2021-07-23,25.877462
2021-07-24,25.39121
2021-07-25,24.31301
2021-07-26,24.850946
2021-07-27,24.4245
2021-07-28,25.052452
2021-07-29,24.19999
2021-07-30,25.135176
2021-07-31,25.142359
2021-08-01,25.107977
2021-08-02,24.063538
2021-08-03,24.702383
2021-08-04,25.33194
2021-08-05,25.049688
2021-08-06,24.685312
2021-08-07,25.030334
2021-08-08,26.251902
2021-08-09,26.54895
2021-08-10,26.721766
2021-08-11,26.51153
2021-08-12,26.530067
2021-08-13,26.506433
2021-08-14,26.492327
2021-08-15,26.751366
2021-08-16,27.60985
2021-08-17,26.712336
2021-08-18,24.642027
2021-08-19,23.96074
2021-08-20,24.929968
2021-08-21,25.135172
2021-08-22,25.695389
2021-08-23,26.126884
2021-08-24,26.468378
2021-08-25,26.336458
2021-08-26,26.212816
2021-08-27,26.551504
2021-08-28,26.84313
2021-08-29,26.458178
2021-08-30,26.033228
2021-08-31,26.295837
2021-09-01,26.265738
2021-09-02,26.415298
2021-09-03,27.339607
2021-09-04,26.923407
2021-09-05,26.202799
2021-09-06,27.385084
2021-09-07,27.592325
2021-09-08,26.66081
2021-09-09,25.691904
2021-09-10,25.874964
2021-09-11,26.022766
2021-09-12,26.359705
2021-09-13,27.181152
2021-09-14,26.381659
2021-09-15,25.301819
2021-09-16,25.241919
2021-09-17,25.512842
2021-09-18,24.880045
2021-09-19,25.833078
2021-09-20,25.490011
2021-09-21,25.55998
2021-09-22,26.20017
2021-09-23,26.445421
2021-09-24,26.599398
2021-09-25,25.540833
2021-09-26,24.834467
2021-09-27,26.783915
2021-09-28,26.701063
2021-09-29,26.006538
2021-09-30,27.271532
2021-10-01,26.79302
2021-10-02,26.446848
2021-10-03,26.528992
2021-10-04,27.710585
2021-10-05,28.068163
2021-10-06,28.093826
2021-10-07,28.349503
2021-10-08,28.361893
2021-10-09,27.600756
2021-10-10,27.39717
2021-10-11,27.160202
2021-10-12,27.37088
2021-10-13,27.785044
2021-10-14,26.675562
2021-10-15,25.216536
2021-10-16,26.997063
2021-10-17,24.959589
2021-10-18,25.727045
2021-10-19,24.523176
2021-10-20,24.691788
2021-10-21,24.290037
2021-10-22,24.537226
2021-10-23,24.236221
2021-10-24,24.038073
2021-10-25,24.252615
2021-10-26,24.06343
2021-10-27,23.578827
2021-10-28,22.47767
2021-10-29,22.020584
2021-10-30,21.638855
2021-10-31,21.505692
2021-11-01,21.767014
2021-11-02,21.60212
2021-11-03,22.060776
2021-11-04,22.197924
2021-11-05,22.432669
2021-11-06,22.067293
2021-11-07,22.153936
2021-11-08,22.712496
2021-11-09,22.273956
2021-11-10,22.095106
2021-11-11,21.386206
2021-11-12,21.26295
2021-11-13,22.100021
2021-11-14,22.337637
2021-11-15,22.20777
2021-11-16,21.997519
2021-11-17,23.838224
2021-11-18,24.045975
2021-11-19,24.074038
2021-11-20,24.249924
2021-11-21,25.298624
2021-11-22,25.62175
2021-11-23,25.14505
2021-11-24,24.154642
2021-11-25,23.848719
2021-11-26,23.220728
2021-11-27,22.462606
2021-11-28,21.820328
2021-11-29,21.241941
2021-11-30,21.55957
2022-06-01,33.90746
2022-06-02,34.37781
2022-06-03,34.597206
2022-06-04,34.72853
2022-06-05,34.89298
2022-06-06,34.67684
2022-06-07,34.291126
2022-06-08,33.932564
2022-06-09,33.65961
2022-06-10,33.685795
2022-06-11,31.203947
2022-06-12,27.746582
2022-06-13,29.626429
2022-06-14,31.154335
2022-06-15,30.728693
2022-06-16,30.561838
2022-06-17,30.596262
2022-06-18,30.555655
2022-06-19,29.601141
2022-06-20,29.230316
2022-06-21,29.236572
2022-06-22,28.748686
2022-06-23,28.688925
2022-06-24,29.34294
2022-06-25,31.178122
2022-06-26,30.282507
2022-06-27,29.453209
2022-06-28,28.898499
2022-06-29,29.28361
2022-06-30,27.528625
2022-07-01,27.907034
2022-07-02,27.304024
2022-07-03,27.194885
2022-07-04,27.280554
2022-07-05,25.998251
2022-07-06,27.03913
2022-07-07,26.457666
2022-07-08,25.960196
2022-07-09,26.680162
2022-07-10,25.68656
2022-07-11,25.327753
2022-07-12,25.16873
2022-07-13,24.934845
2022-07-14,25.91036
2022-07-15,25.26635
2022-07-16,27.381119
2022-07-17,26.962477
2022-07-18,24.82653
2022-07-19,23.901627
2022-07-20,25.576082
2022-07-21,26.447153
2022-07-22,26.685236
2022-07-23,25.249222
2022-07-24,24.311712
2022-07-25,24.625143
2022-07-26,25.107004
2022-07-27,26.057272
2022-07-28,26.64006
2022-07-29,27.211412
2022-07-30,27.290192
2022-07-31,27.063879
2022-08-01,26.852041
2022-08-02,26.916018
2022-08-03,27.56865
2022-08-04,27.088797
2022-08-05,27.009064
2022-08-06,27.603447
2022-08-07,26.746237
2022-08-08,26.847132
2022-08-09,26.48902
2022-08-10,24.860626
2022-08-11,25.4375
2022-08-12,25.759995
2022-08-13,26.125353
2022-08-14,26.15444
2022-08-15,24.277704
2022-08-16,23.853958
2022-08-17,25.596918
2022-08-18,26.045198
2022-08-19,26.234774
2022-08-20,25.614777
2022-08-21,25.570808
2022-08-22,23.737497
2022-08-23,24.593735
2022-08-24,25.806723
2022-08-25,26.266272
2022-08-26,26.687307
2022-08-27,26.654379
2022-08-28,26.839157
2022-08-29,26.736563
2022-08-30,27.58138
2022-08-31,28.261925
2022-09-01,26.046127
2022-09-02,27.624182
2022-09-03,28.793839
2022-09-04,26.860044
2022-09-05,26.560095
2022-09-06,27.472803
2022-09-07,28.105635
2022-09-08,28.736788
2022-09-09,28.921183
2022-09-10,27.587694
2022-09-11,27.564606
2022-09-12,26.76238
2022-09-13,25.878588
2022-09-14,25.046753
2022-09-15,24.874298
2022-09-16,24.863
2022-09-17,26.2574
2022-09-18,26.873468
2022-09-19,27.49882
2022-09-20,26.751295
2022-09-21,27.030258
2022-09-22,26.047419
2022-09-23,23.885958
2022-09-24,25.476906
2022-09-25,25.739103
2022-09-26,26.501188
2022-09-27,27.079092
2022-09-28,27.456324
2022-09-29,27.736444
2022-09-30,27.730726
2022-10-01,27.422867
2022-10-02,27.501486
2022-10-03,27.248924
2022-10-04,27.749306
2022-10-05,27.596863
2022-10-06,25.58915
2022-10-07,25.137323
2022-10-08,25.481827
2022-10-09,26.40904
2022-10-10,26.206032
2022-10-11,25.914337
2022-10-12,26.725138
2022-10-13,25.395914
2022-10-14,24.286285
2022-10-15,23.963995
2022-10-16,24.725458
2022-10-17,26.067072
2022-10-18,26.498808
2022-10-19,25.985971
2022-10-20,25.476578
2022-10-21,25.328796
2022-10-22,24.335947
2022-10-23,24.895987
2022-10-24,24.10936
2022-10-25,24.665934
2022-10-26,25.201933
2022-10-27,25.012732
2022-10-28,25.065695
2022-10-29,24.911444
2022-10-30,24.517693
2022-10-31,23.278849
2022-11-01,23.233149
2022-11-02,24.42546
2022-11-03,25.456879
2022-11-04,25.853605
2022-11-05,26.17037
2022-11-06,25.65461
2022-11-07,25.26602
2022-11-08,25.230286
2022-11-09,24.73623
2022-11-10,24.674726
2022-11-11,24.502367
2022-11-12,22.801826
2022-11-13,22.303902
2022-11-14,22.672152
2022-11-15,23.23993
2022-11-16,23.312683
2022-11-17,21.966888
2022-11-18,20.534952
2022-11-19,20.096445
2022-11-20,19.90037
2022-11-21,19.962713
2022-11-22,19.889164
2022-11-23,20.26334
2022-11-24,20.132486
2022-11-25,20.135916
2022-11-26,19.540154
2022-11-27,19.899748
2022-11-28,20.514376
2022-11-29,20.486368
2022-11-30,20.29841
