Time,Soil_water_l1
2001-06-01,23.448372
2001-06-02,23.359505
2001-06-03,23.55358
2001-06-04,24.154045
2001-06-05,24.594389
2001-06-06,24.740732
2001-06-07,27.223783
2001-06-08,36.062553
2001-06-09,39.410522
2001-06-10,38.637943
2001-06-11,37.58989
2001-06-12,37.969463
2001-06-13,37.00841
2001-06-14,39.66049
2001-06-15,43.726715
2001-06-16,44.65328
2001-06-17,48.72203
2001-06-18,48.15402
2001-06-19,46.449924
2001-06-20,43.699986
2001-06-21,41.493847
2001-06-22,39.621883
2001-06-23,38.15635
2001-06-24,36.27759
2001-06-25,34.52776
2001-06-26,32.91036
2001-06-27,31.72175
2001-06-28,30.418028
2001-06-29,29.447632
2001-06-30,32.32347
2001-07-01,37.698544
2001-07-02,43.48244
2001-07-03,42.888107
2001-07-04,43.474453
2001-07-05,41.589645
2001-07-06,39.9243
2001-07-07,38.453136
2001-07-08,40.416775
2001-07-09,43.156754
2001-07-10,46.697018
2001-07-11,46.327625
2001-07-12,44.202896
2001-07-13,43.421803
2001-07-14,42.40747
2001-07-15,41.68076
2001-07-16,42.08193
2001-07-17,41.951412
2001-07-18,44.90769
2001-07-19,46.615723
2001-07-20,45.422123
2001-07-21,46.907772
2001-07-22,48.037567
2001-07-23,47.977573
2001-07-24,47.807682
2001-07-25,45.58641
2001-07-26,44.00908
2001-07-27,43.263783
2001-07-28,42.929768
2001-07-29,41.965347
2001-07-30,41.035908
2001-07-31,40.393185
2001-08-01,39.650326
2001-08-02,40.86751
2001-08-03,39.650303
2001-08-04,43.189148
2001-08-05,47.483837
2001-08-06,48.056255
2001-08-07,47.542873
2001-08-08,46.924404
2001-08-09,46.928913
2001-08-10,47.321636
2001-08-11,48.42732
2001-08-12,47.98456
2001-08-13,47.429142
2001-08-14,47.837437
2001-08-15,48.658726
2001-08-16,48.337738
2001-08-17,47.53831
2001-08-18,45.81129
2001-08-19,44.34048
2001-08-20,44.38141
2001-08-21,43.99266
2001-08-22,44.122925
2001-08-23,43.50656
2001-08-24,44.378872
2001-08-25,44.31125
2001-08-26,43.151505
2001-08-27,42.00076
2001-08-28,40.525944
2001-08-29,39.245483
2001-08-30,38.088116
2001-08-31,36.839016
2001-09-01,36.4979
2001-09-02,35.844067
2001-09-03,34.81513
2001-09-04,33.93123
2001-09-05,33.455437
2001-09-06,32.703766
2001-09-07,32.269306
2001-09-08,31.289999
2001-09-09,30.274778
2001-09-10,29.031034
2001-09-11,27.567955
2001-09-12,26.631073
2001-09-13,26.076782
2001-09-14,25.70947
2001-09-15,25.840683
2001-09-16,28.027252
2001-09-17,30.256233
2001-09-18,30.41207
2001-09-19,30.090714
2001-09-20,30.003618
2001-09-21,29.313307
2001-09-22,27.990494
2001-09-23,26.78068
2001-09-24,26.07205
2001-09-25,25.844427
2001-09-26,25.449594
2001-09-27,24.882666
2001-09-28,24.417389
2001-09-29,23.771132
2001-09-30,22.97348
2001-10-01,25.961763
2001-10-02,29.85869
2001-10-03,30.844591
2001-10-04,33.930206
2001-10-05,36.345493
2001-10-06,38.604786
2001-10-07,36.878796
2001-10-08,34.5235
2001-10-09,36.11738
2001-10-10,41.001667
2001-10-11,44.911327
2001-10-12,42.133038
2001-10-13,40.18734
2001-10-14,37.955566
2001-10-15,35.423244
2001-10-16,32.836185
2001-10-17,30.97302
2001-10-18,29.2213
2001-10-19,27.81539
2001-10-20,26.696394
2001-10-21,25.95617
2001-10-22,25.438087
2001-10-23,24.756645
2001-10-24,24.225912
2001-10-25,24.010443
2001-10-26,23.832388
2001-10-27,23.674532
2001-10-28,23.376295
2001-10-29,23.342049
2001-10-30,23.570786
2001-10-31,23.662796
2001-11-01,23.739473
2001-11-02,23.783325
2001-11-03,23.80768
2001-11-04,23.682594
2001-11-05,23.45624
2001-11-06,23.216614
2001-11-07,23.280722
2001-11-08,23.37323
2001-11-09,23.430923
2001-11-10,23.459833
2001-11-11,23.511108
2001-11-12,23.583376
2001-11-13,23.511269
2001-11-14,23.695093
2001-11-15,23.710548
2001-11-16,23.339548
2001-11-17,23.00413
2001-11-18,22.995485
2001-11-19,23.282585
2001-11-20,23.473055
2001-11-21,23.515663
2001-11-22,23.646515
2001-11-23,23.64668
2001-11-24,23.60185
2001-11-25,23.749823
2001-11-26,23.806139
2001-11-27,23.928564
2001-11-28,24.042635
2001-11-29,23.982706
2001-11-30,24.02056
2002-06-01,23.781595
2002-06-02,24.120338
2002-06-03,24.53391
2002-06-04,25.860235
2002-06-05,27.026169
2002-06-06,26.381414
2002-06-07,24.691023
2002-06-08,23.29522
2002-06-09,22.827278
2002-06-10,23.990923
2002-06-11,24.856024
2002-06-12,25.751135
2002-06-13,28.015066
2002-06-14,30.791872
2002-06-15,31.131182
2002-06-16,29.848444
2002-06-17,28.334875
2002-06-18,28.4471
2002-06-19,28.02971
2002-06-20,28.878859
2002-06-21,31.426361
2002-06-22,31.57128
2002-06-23,32.03728
2002-06-24,41.147717
2002-06-25,45.935215
2002-06-26,47.752888
2002-06-27,46.721817
2002-06-28,47.817806
2002-06-29,48.244717
2002-06-30,46.672546
2002-07-01,44.05743
2002-07-02,42.25811
2002-07-03,40.77103
2002-07-04,39.544567
2002-07-05,38.24026
2002-07-06,36.60339
2002-07-07,35.03993
2002-07-08,33.78108
2002-07-09,32.577488
2002-07-10,31.48719
2002-07-11,30.678587
2002-07-12,29.76935
2002-07-13,28.495504
2002-07-14,27.913073
2002-07-15,27.129822
2002-07-16,27.147743
2002-07-17,26.79283
2002-07-18,33.945553
2002-07-19,43.75154
2002-07-20,42.412907
2002-07-21,43.2868
2002-07-22,41.018253
2002-07-23,39.567623
2002-07-24,38.0172
2002-07-25,37.360535
2002-07-26,36.678738
2002-07-27,35.470615
2002-07-28,34.26595
2002-07-29,33.07398
2002-07-30,31.98343
2002-07-31,30.943434
2002-08-01,36.75523
2002-08-02,45.711334
2002-08-03,47.086823
2002-08-04,47.348316
2002-08-05,48.04987
2002-08-06,48.43375
2002-08-07,48.418766
2002-08-08,48.36531
2002-08-09,46.96114
2002-08-10,45.813583
2002-08-11,45.295895
2002-08-12,45.377895
2002-08-13,45.134403
2002-08-14,44.37364
2002-08-15,43.636204
2002-08-16,47.680157
2002-08-17,48.711285
2002-08-18,48.39449
2002-08-19,48.186527
2002-08-20,48.014847
2002-08-21,45.7459
2002-08-22,44.72865
2002-08-23,46.854336
2002-08-24,48.563187
2002-08-25,47.987774
2002-08-26,46.29508
2002-08-27,44.680058
2002-08-28,43.73157
2002-08-29,43.71704
2002-08-30,48.297863
2002-08-31,48.424427
2002-09-01,48.188457
2002-09-02,48.485157
2002-09-03,48.70216
2002-09-04,48.74384
2002-09-05,48.075863
2002-09-06,46.34343
2002-09-07,44.681347
2002-09-08,43.42827
2002-09-09,42.370766
2002-09-10,41.322426
2002-09-11,39.940445
2002-09-12,38.51169
2002-09-13,37.22844
2002-09-14,35.980335
2002-09-15,34.655167
2002-09-16,33.400715
2002-09-17,32.733425
2002-09-18,33.51672
2002-09-19,34.75289
2002-09-20,34.572876
2002-09-21,33.66132
2002-09-22,32.525425
2002-09-23,31.401016
2002-09-24,30.61769
2002-09-25,29.937857
2002-09-26,29.389093
2002-09-27,28.706629
2002-09-28,27.830177
2002-09-29,26.90149
2002-09-30,26.063461
2002-10-01,25.386522
2002-10-02,24.867332
2002-10-03,24.410597
2002-10-04,23.955315
2002-10-05,23.567636
2002-10-06,23.14905
2002-10-07,22.83935
2002-10-08,22.94895
2002-10-09,23.02109
2002-10-10,22.96425
2002-10-11,22.86442
2002-10-12,22.864668
2002-10-13,23.219091
2002-10-14,23.26715
2002-10-15,22.915855
2002-10-16,23.666632
2002-10-17,24.01777
2002-10-18,23.495178
2002-10-19,22.757849
2002-10-20,22.377863
2002-10-21,22.296389
2002-10-22,22.22032
2002-10-23,22.282867
2002-10-24,22.229195
2002-10-25,22.397467
2002-10-26,22.53015
2002-10-27,22.629059
2002-10-28,22.768682
2002-10-29,22.916533
2002-10-30,22.92247
2002-10-31,22.833261
2002-11-01,22.81486
2002-11-02,22.726942
2002-11-03,22.893152
2002-11-04,23.084976
2002-11-05,23.090271
2002-11-06,24.319437
2002-11-07,24.958664
2002-11-08,24.679087
2002-11-09,24.254473
2002-11-10,24.01705
2002-11-11,24.197458
2002-11-12,24.070429
2002-11-13,23.86396
2002-11-14,23.66606
2002-11-15,23.394274
2002-11-16,23.301435
2002-11-17,23.081848
2002-11-18,22.753664
2002-11-19,22.556948
2002-11-20,22.467356
2002-11-21,22.279615
2002-11-22,22.247757
2002-11-23,22.341002
2002-11-24,22.519669
2002-11-25,22.840559
2002-11-26,22.751968
2002-11-27,22.612732
2002-11-28,22.513407
2002-11-29,22.545954
2002-11-30,22.847586
2003-06-01,20.876783
2003-06-02,20.634598
2003-06-03,20.654545
2003-06-04,20.628279
2003-06-05,20.519455
2003-06-06,20.475355
2003-06-07,20.450735
2003-06-08,20.41757
2003-06-09,20.364836
2003-06-10,20.322725
2003-06-11,20.326834
2003-06-12,20.446882
2003-06-13,21.04178
2003-06-14,23.359571
2003-06-15,30.77183
2003-06-16,34.924797
2003-06-17,34.70516
2003-06-18,35.599514
2003-06-19,39.976727
2003-06-20,44.878002
2003-06-21,47.252018
2003-06-22,48.79355
2003-06-23,47.817287
2003-06-24,46.147793
2003-06-25,45.709187
2003-06-26,45.684036
2003-06-27,44.079906
2003-06-28,43.738953
2003-06-29,44.949055
2003-06-30,43.247055
2003-07-01,42.82813
2003-07-02,46.566784
2003-07-03,45.745174
2003-07-04,46.48216
2003-07-05,47.540283
2003-07-06,47.378307
2003-07-07,47.27835
2003-07-08,46.740726
2003-07-09,46.364456
2003-07-10,45.256546
2003-07-11,45.894505
2003-07-12,46.041233
2003-07-13,45.280087
2003-07-14,46.015285
2003-07-15,47.38004
2003-07-16,48.40691
2003-07-17,47.534832
2003-07-18,46.829044
2003-07-19,46.155437
2003-07-20,46.279102
2003-07-21,47.130276
2003-07-22,47.258472
2003-07-23,48.91469
2003-07-24,48.338333
2003-07-25,47.601994
2003-07-26,46.70566
2003-07-27,48.831882
2003-07-28,48.154842
2003-07-29,46.46426
2003-07-30,45.254635
2003-07-31,44.119495
2003-08-01,43.14654
2003-08-02,43.449642
2003-08-03,45.175873
2003-08-04,47.5414
2003-08-05,47.49591
2003-08-06,46.306393
2003-08-07,46.381603
2003-08-08,46.886364
2003-08-09,47.001114
2003-08-10,47.332813
2003-08-11,47.685726
2003-08-12,47.94685
2003-08-13,47.201923
2003-08-14,47.165707
2003-08-15,46.111347
2003-08-16,45.0677
2003-08-17,44.227306
2003-08-18,43.29688
2003-08-19,43.22909
2003-08-20,43.35063
2003-08-21,42.444782
2003-08-22,41.91555
2003-08-23,47.971226
2003-08-24,48.95287
2003-08-25,47.221497
2003-08-26,46.316483
2003-08-27,46.22934
2003-08-28,46.91124
2003-08-29,47.463623
2003-08-30,47.706753
2003-08-31,47.507565
2003-09-01,46.960476
2003-09-02,47.31489
2003-09-03,47.572704
2003-09-04,46.916916
2003-09-05,47.08073
2003-09-06,45.939606
2003-09-07,44.617615
2003-09-08,43.225235
2003-09-09,42.146687
2003-09-10,41.40231
2003-09-11,40.90147
2003-09-12,40.020367
2003-09-13,39.499825
2003-09-14,39.188572
2003-09-15,45.40976
2003-09-16,44.208805
2003-09-17,43.608242
2003-09-18,44.610016
2003-09-19,46.368793
2003-09-20,47.631973
2003-09-21,48.41447
2003-09-22,48.001354
2003-09-23,48.465103
2003-09-24,47.89714
2003-09-25,47.919815
2003-09-26,47.46687
2003-09-27,47.349957
2003-09-28,48.4136
2003-09-29,47.662945
2003-09-30,46.098526
2003-10-01,44.5287
2003-10-02,42.839153
2003-10-03,41.301777
2003-10-04,39.722507
2003-10-05,38.206127
2003-10-06,37.19981
2003-10-07,36.166836
2003-10-08,35.02163
2003-10-09,33.77403
2003-10-10,32.48229
2003-10-11,31.274652
2003-10-12,30.201593
2003-10-13,29.166128
2003-10-14,28.29309
2003-10-15,27.521141
2003-10-16,26.575195
2003-10-17,25.825508
2003-10-18,25.17185
2003-10-19,24.84137
2003-10-20,24.54466
2003-10-21,24.387209
2003-10-22,24.284113
2003-10-23,24.34582
2003-10-24,24.03153
2003-10-25,23.81106
2003-10-26,23.687708
2003-10-27,23.565275
2003-10-28,23.250145
2003-10-29,23.133804
2003-10-30,23.100227
2003-10-31,23.114573
2003-11-01,23.02932
2003-11-02,23.022491
2003-11-03,23.158798
2003-11-04,23.05342
2003-11-05,23.062098
2003-11-06,23.034676
2003-11-07,23.060915
2003-11-08,23.15463
2003-11-09,23.181139
2003-11-10,23.243212
2003-11-11,23.186167
2003-11-12,23.26996
2003-11-13,23.218653
2003-11-14,23.121813
2003-11-15,23.254873
2003-11-16,23.138605
2003-11-17,23.000906
2003-11-18,22.91387
2003-11-19,22.79537
2003-11-20,22.796244
2003-11-21,22.648851
2003-11-22,22.641836
2003-11-23,22.599365
2003-11-24,22.552132
2003-11-25,22.735247
2003-11-26,22.95382
2003-11-27,22.744469
2003-11-28,22.567343
2003-11-29,22.585373
2003-11-30,22.436783
2004-06-01,20.417934
2004-06-02,20.463356
2004-06-03,20.495932
2004-06-04,20.454145
2004-06-05,20.498287
2004-06-06,20.716616
2004-06-07,23.45722
2004-06-08,35.149605
2004-06-09,41.398438
2004-06-10,42.126324
2004-06-11,42.87883
2004-06-12,44.32549
2004-06-13,42.870174
2004-06-14,46.6436
2004-06-15,47.996265
2004-06-16,47.672607
2004-06-17,46.51312
2004-06-18,45.40506
2004-06-19,42.734104
2004-06-20,40.734417
2004-06-21,38.677532
2004-06-22,36.773834
2004-06-23,34.863438
2004-06-24,33.471294
2004-06-25,32.856106
2004-06-26,32.017696
2004-06-27,31.490469
2004-06-28,30.838211
2004-06-29,29.719374
2004-06-30,29.117006
2004-07-01,28.7185
2004-07-02,28.637726
2004-07-03,28.67106
2004-07-04,36.25353
2004-07-05,43.174168
2004-07-06,43.055862
2004-07-07,42.421787
2004-07-08,41.683132
2004-07-09,38.911884
2004-07-10,37.054672
2004-07-11,35.405567
2004-07-12,33.755394
2004-07-13,31.505274
2004-07-14,29.806868
2004-07-15,28.65283
2004-07-16,34.548534
2004-07-17,47.27864
2004-07-18,45.85036
2004-07-19,45.229534
2004-07-20,42.83162
2004-07-21,41.374992
2004-07-22,39.517883
2004-07-23,37.603577
2004-07-24,36.076023
2004-07-25,38.449764
2004-07-26,46.044678
2004-07-27,47.938564
2004-07-28,48.335133
2004-07-29,48.6364
2004-07-30,48.880154
2004-07-31,49.12407
2004-08-01,48.559704
2004-08-02,48.275898
2004-08-03,48.296833
2004-08-04,47.661983
2004-08-05,48.62883
2004-08-06,48.51029
2004-08-07,47.71837
2004-08-08,47.203327
2004-08-09,47.391644
2004-08-10,48.382725
2004-08-11,48.687912
2004-08-12,48.78265
2004-08-13,47.09306
2004-08-14,48.745987
2004-08-15,48.91601
2004-08-16,48.33925
2004-08-17,47.118347
2004-08-18,45.980362
2004-08-19,45.938305
2004-08-20,46.299286
2004-08-21,46.696796
2004-08-22,48.94426
2004-08-23,48.89558
2004-08-24,48.818085
2004-08-25,47.74306
2004-08-26,45.560043
2004-08-27,44.323544
2004-08-28,43.246304
2004-08-29,42.138676
2004-08-30,41.46088
2004-08-31,41.520744
2004-09-01,40.880043
2004-09-02,39.648746
2004-09-03,38.34986
2004-09-04,37.302307
2004-09-05,37.65662
2004-09-06,38.064182
2004-09-07,36.438698
2004-09-08,34.500256
2004-09-09,32.900116
2004-09-10,32.220493
2004-09-11,31.926079
2004-09-12,31.364008
2004-09-13,30.594063
2004-09-14,29.816935
2004-09-15,29.33256
2004-09-16,28.445883
2004-09-17,28.988287
2004-09-18,29.720415
2004-09-19,29.44599
2004-09-20,29.276548
2004-09-21,28.416512
2004-09-22,27.555227
2004-09-23,28.241217
2004-09-24,32.145092
2004-09-25,34.708355
2004-09-26,34.01497
2004-09-27,32.478374
2004-09-28,30.608255
2004-09-29,30.245659
2004-09-30,30.558449
2004-10-01,31.644346
2004-10-02,35.462227
2004-10-03,38.096478
2004-10-04,38.628574
2004-10-05,40.25082
2004-10-06,41.549305
2004-10-07,39.984047
2004-10-08,36.93031
2004-10-09,34.781025
2004-10-10,34.309887
2004-10-11,36.175907
2004-10-12,35.91402
2004-10-13,34.054485
2004-10-14,32.016567
2004-10-15,30.152227
2004-10-16,28.668142
2004-10-17,27.376925
2004-10-18,26.317411
2004-10-19,25.636818
2004-10-20,25.187057
2004-10-21,24.922705
2004-10-22,24.719688
2004-10-23,24.53804
2004-10-24,24.424286
2004-10-25,24.53142
2004-10-26,24.553423
2004-10-27,24.507048
2004-10-28,24.23472
2004-10-29,24.270025
2004-10-30,24.256895
2004-10-31,24.247015
2004-11-01,24.282572
2004-11-02,24.196955
2004-11-03,24.259912
2004-11-04,24.08476
2004-11-05,23.78288
2004-11-06,23.60183
2004-11-07,23.605917
2004-11-08,23.468657
2004-11-09,23.189764
2004-11-10,24.499224
2004-11-11,25.903786
2004-11-12,26.211794
2004-11-13,26.187744
2004-11-14,25.722292
2004-11-15,25.36468
2004-11-16,25.036957
2004-11-17,24.740839
2004-11-18,24.482185
2004-11-19,24.201271
2004-11-20,23.975374
2004-11-21,23.884842
2004-11-22,23.735977
2004-11-23,23.378744
2004-11-24,23.258745
2004-11-25,23.13684
2004-11-26,23.050156
2004-11-27,23.115396
2004-11-28,23.014551
2004-11-29,23.208551
2004-11-30,23.416328
2005-06-01,21.398638
2005-06-02,21.004242
2005-06-03,20.758575
2005-06-04,20.563383
2005-06-05,20.405212
2005-06-06,20.345007
2005-06-07,20.315224
2005-06-08,20.33383
2005-06-09,22.421524
2005-06-10,24.60145
2005-06-11,24.684652
2005-06-12,24.021286
2005-06-13,24.06968
2005-06-14,24.949417
2005-06-15,24.484488
2005-06-16,23.557533
2005-06-17,22.992165
2005-06-18,23.502474
2005-06-19,26.243843
2005-06-20,25.882568
2005-06-21,25.158285
2005-06-22,24.781265
2005-06-23,25.427559
2005-06-24,34.636105
2005-06-25,39.663208
2005-06-26,40.89145
2005-06-27,45.230305
2005-06-28,44.50212
2005-06-29,45.05937
2005-06-30,45.334576
2005-07-01,46.486988
2005-07-02,46.87238
2005-07-03,45.860153
2005-07-04,45.243923
2005-07-05,45.345745
2005-07-06,44.115788
2005-07-07,42.719574
2005-07-08,44.11862
2005-07-09,45.976734
2005-07-10,44.00536
2005-07-11,42.78583
2005-07-12,44.815083
2005-07-13,43.60406
2005-07-14,42.362694
2005-07-15,44.684498
2005-07-16,44.124912
2005-07-17,42.131207
2005-07-18,40.299
2005-07-19,38.8537
2005-07-20,37.734592
2005-07-21,36.178085
2005-07-22,34.50639
2005-07-23,32.766068
2005-07-24,32.837727
2005-07-25,42.68741
2005-07-26,46.008194
2005-07-27,48.43115
2005-07-28,47.85298
2005-07-29,45.709797
2005-07-30,44.81413
2005-07-31,46.309452
2005-08-01,48.688847
2005-08-02,48.03429
2005-08-03,47.968136
2005-08-04,47.771282
2005-08-05,46.987446
2005-08-06,45.555325
2005-08-07,44.55545
2005-08-08,43.893616
2005-08-09,43.158894
2005-08-10,42.506413
2005-08-11,42.626118
2005-08-12,43.785328
2005-08-13,43.31668
2005-08-14,42.43402
2005-08-15,41.57854
2005-08-16,42.55964
2005-08-17,44.656788
2005-08-18,43.28864
2005-08-19,44.024143
2005-08-20,44.36957
2005-08-21,43.84755
2005-08-22,42.587723
2005-08-23,41.645237
2005-08-24,40.694035
2005-08-25,39.425007
2005-08-26,38.672375
2005-08-27,38.228687
2005-08-28,37.399036
2005-08-29,36.118916
2005-08-30,34.686367
2005-08-31,33.1449
2005-09-01,31.752647
2005-09-02,30.377356
2005-09-03,29.15233
2005-09-04,35.623547
2005-09-05,40.569855
2005-09-06,42.920506
2005-09-07,44.456135
2005-09-08,43.919098
2005-09-09,46.132473
2005-09-10,45.736362
2005-09-11,45.91624
2005-09-12,45.207348
2005-09-13,46.414978
2005-09-14,47.679585
2005-09-15,47.06999
2005-09-16,45.578373
2005-09-17,46.57256
2005-09-18,47.63927
2005-09-19,47.780567
2005-09-20,46.44367
2005-09-21,46.990585
2005-09-22,46.695644
2005-09-23,47.90825
2005-09-24,46.929623
2005-09-25,45.13435
2005-09-26,43.91502
2005-09-27,42.836796
2005-09-28,41.596138
2005-09-29,40.135727
2005-09-30,38.890663
2005-10-01,38.159164
2005-10-02,36.8862
2005-10-03,35.49113
2005-10-04,34.162487
2005-10-05,32.97909
2005-10-06,31.760687
2005-10-07,30.677628
2005-10-08,29.681366
2005-10-09,28.608591
2005-10-10,27.745604
2005-10-11,26.833319
2005-10-12,26.03372
2005-10-13,25.393099
2005-10-14,24.912268
2005-10-15,24.438795
2005-10-16,24.154892
2005-10-17,23.677872
2005-10-18,22.815603
2005-10-19,22.377058
2005-10-20,22.420752
2005-10-21,22.569906
2005-10-22,22.794245
2005-10-23,23.034805
2005-10-24,23.1001
2005-10-25,23.14617
2005-10-26,22.873056
2005-10-27,23.182112
2005-10-28,23.550133
2005-10-29,23.878305
2005-10-30,23.93561
2005-10-31,23.81021
2005-11-01,23.74557
2005-11-02,23.647614
2005-11-03,23.550928
2005-11-04,23.81411
2005-11-05,23.824587
2005-11-06,23.67115
2005-11-07,23.633337
2005-11-08,23.697052
2005-11-09,23.843958
2005-11-10,23.860098
2005-11-11,23.70632
2005-11-12,23.719551
2005-11-13,23.776152
2005-11-14,23.923445
2005-11-15,23.975203
2005-11-16,23.804098
2005-11-17,23.602613
2005-11-18,23.713812
2005-11-19,23.752441
2005-11-20,23.67414
2005-11-21,23.663055
2005-11-22,23.66033
2005-11-23,23.71476
2005-11-24,23.727018
2005-11-25,23.455564
2005-11-26,23.153358
2005-11-27,23.094841
2005-11-28,23.193703
2005-11-29,23.161116
2005-11-30,23.051506
2006-06-01,25.32026
2006-06-02,27.466467
2006-06-03,32.3249
2006-06-04,30.29991
2006-06-05,28.213457
2006-06-06,26.193865
2006-06-07,24.523565
2006-06-08,23.41388
2006-06-09,22.545588
2006-06-10,21.899729
2006-06-11,21.413393
2006-06-12,21.145569
2006-06-13,20.943375
2006-06-14,20.776184
2006-06-15,20.8069
2006-06-16,20.963022
2006-06-17,21.22291
2006-06-18,21.987692
2006-06-19,23.127922
2006-06-20,26.288748
2006-06-21,27.386002
2006-06-22,26.57406
2006-06-23,26.708626
2006-06-24,30.064737
2006-06-25,38.551044
2006-06-26,40.166565
2006-06-27,38.090168
2006-06-28,39.274788
2006-06-29,42.43154
2006-06-30,41.33908
2006-07-01,39.110287
2006-07-02,37.79423
2006-07-03,45.132557
2006-07-04,48.054623
2006-07-05,48.60475
2006-07-06,46.514904
2006-07-07,44.635517
2006-07-08,43.599636
2006-07-09,44.319378
2006-07-10,44.647293
2006-07-11,44.221577
2006-07-12,44.152744
2006-07-13,43.180958
2006-07-14,42.030262
2006-07-15,40.93848
2006-07-16,39.66577
2006-07-17,45.001766
2006-07-18,48.965485
2006-07-19,48.77612
2006-07-20,48.32216
2006-07-21,48.947998
2006-07-22,48.692745
2006-07-23,47.61163
2006-07-24,46.982178
2006-07-25,46.987225
2006-07-26,46.693203
2006-07-27,47.347416
2006-07-28,48.9419
2006-07-29,48.401
2006-07-30,47.810497
2006-07-31,48.663548
2006-08-01,48.39784
2006-08-02,47.089233
2006-08-03,48.139973
2006-08-04,48.635944
2006-08-05,48.329346
2006-08-06,48.572605
2006-08-07,48.858402
2006-08-08,48.832016
2006-08-09,48.596027
2006-08-10,48.89946
2006-08-11,48.060303
2006-08-12,47.5089
2006-08-13,46.580105
2006-08-14,48.751263
2006-08-15,48.601135
2006-08-16,47.9395
2006-08-17,47.71205
2006-08-18,48.91759
2006-08-19,47.486954
2006-08-20,46.070404
2006-08-21,46.36672
2006-08-22,45.057465
2006-08-23,44.187603
2006-08-24,44.449223
2006-08-25,45.479465
2006-08-26,44.475094
2006-08-27,44.70174
2006-08-28,44.572327
2006-08-29,43.813908
2006-08-30,42.834885
2006-08-31,48.52176
2006-09-01,48.209423
2006-09-02,46.34068
2006-09-03,45.46767
2006-09-04,45.44342
2006-09-05,46.987793
2006-09-06,48.54686
2006-09-07,46.237595
2006-09-08,44.48476
2006-09-09,43.086796
2006-09-10,41.87532
2006-09-11,41.271564
2006-09-12,41.527718
2006-09-13,43.063625
2006-09-14,46.25435
2006-09-15,47.314224
2006-09-16,46.568695
2006-09-17,45.94269
2006-09-18,46.421
2006-09-19,47.62778
2006-09-20,47.275776
2006-09-21,47.48532
2006-09-22,47.112988
2006-09-23,45.469326
2006-09-24,44.9906
2006-09-25,44.14812
2006-09-26,43.040417
2006-09-27,42.129505
2006-09-28,43.071026
2006-09-29,42.156876
2006-09-30,40.20725
2006-10-01,42.418934
2006-10-02,41.871334
2006-10-03,40.45039
2006-10-04,39.050022
2006-10-05,37.33308
2006-10-06,35.778824
2006-10-07,34.519436
2006-10-08,33.321087
2006-10-09,32.169266
2006-10-10,31.064333
2006-10-11,30.000765
2006-10-12,28.964325
2006-10-13,28.088255
2006-10-14,27.425507
2006-10-15,27.166313
2006-10-16,26.792444
2006-10-17,26.324348
2006-10-18,26.106554
2006-10-19,25.756271
2006-10-20,25.498056
2006-10-21,25.36452
2006-10-22,25.244352
2006-10-23,25.135042
2006-10-24,25.011541
2006-10-25,24.741747
2006-10-26,24.511162
2006-10-27,24.342108
2006-10-28,24.310005
2006-10-29,24.026388
2006-10-30,23.442644
2006-10-31,23.351511
2006-11-01,23.436913
2006-11-02,23.701767
2006-11-03,24.027794
2006-11-04,24.063528
2006-11-05,23.809021
2006-11-06,23.623503
2006-11-07,23.988121
2006-11-08,25.483194
2006-11-09,25.79811
2006-11-10,25.465172
2006-11-11,25.208166
2006-11-12,25.07559
2006-11-13,24.99552
2006-11-14,24.821024
2006-11-15,24.691801
2006-11-16,24.608429
2006-11-17,24.516052
2006-11-18,24.492098
2006-11-19,24.50807
2006-11-20,24.54918
2006-11-21,24.517914
2006-11-22,24.852762
2006-11-23,24.754623
2006-11-24,24.592499
2006-11-25,24.460794
2006-11-26,24.560946
2006-11-27,24.388357
2006-11-28,23.982397
2006-11-29,23.840515
2006-11-30,23.86435
2007-06-01,21.970001
2007-06-02,22.44786
2007-06-03,23.197947
2007-06-04,23.346327
2007-06-05,23.955917
2007-06-06,24.006151
2007-06-07,23.486275
2007-06-08,23.096571
2007-06-09,22.52888
2007-06-10,22.136528
2007-06-11,21.968588
2007-06-12,21.931318
2007-06-13,22.297842
2007-06-14,24.903265
2007-06-15,34.368206
2007-06-16,43.16119
2007-06-17,39.401546
2007-06-18,37.844345
2007-06-19,38.250324
2007-06-20,42.92403
2007-06-21,43.423813
2007-06-22,41.894863
2007-06-23,38.129925
2007-06-24,40.119602
2007-06-25,42.486774
2007-06-26,40.70394
2007-06-27,38.588528
2007-06-28,37.703625
2007-06-29,36.74434
2007-06-30,44.761906
2007-07-01,48.356678
2007-07-02,49.024414
2007-07-03,48.343307
2007-07-04,47.3842
2007-07-05,46.33428
2007-07-06,47.358395
2007-07-07,49.129654
2007-07-08,49.307816
2007-07-09,49.08745
2007-07-10,48.269695
2007-07-11,46.787106
2007-07-12,46.341522
2007-07-13,46.001728
2007-07-14,45.725983
2007-07-15,44.834988
2007-07-16,43.64584
2007-07-17,42.27921
2007-07-18,41.03291
2007-07-19,39.48021
2007-07-20,38.455807
2007-07-21,38.071117
2007-07-22,37.408985
2007-07-23,36.299335
2007-07-24,39.151466
2007-07-25,44.419754
2007-07-26,45.94873
2007-07-27,44.595764
2007-07-28,46.9805
2007-07-29,47.24251
2007-07-30,46.69852
2007-07-31,46.23894
2007-08-01,45.890656
2007-08-02,47.555164
2007-08-03,48.67244
2007-08-04,48.496334
2007-08-05,48.17358
2007-08-06,47.46719
2007-08-07,48.73161
2007-08-08,48.722065
2007-08-09,47.568005
2007-08-10,45.99124
2007-08-11,45.11905
2007-08-12,44.932415
2007-08-13,45.335922
2007-08-14,45.790783
2007-08-15,45.011242
2007-08-16,43.97875
2007-08-17,43.207138
2007-08-18,42.46178
2007-08-19,42.86475
2007-08-20,42.74264
2007-08-21,47.59723
2007-08-22,45.78211
2007-08-23,44.603
2007-08-24,43.040253
2007-08-25,41.7217
2007-08-26,44.903843
2007-08-27,47.90652
2007-08-28,48.472767
2007-08-29,48.432175
2007-08-30,47.339146
2007-08-31,46.727127
2007-09-01,47.11859
2007-09-02,47.946518
2007-09-03,48.046818
2007-09-04,47.023228
2007-09-05,46.771152
2007-09-06,48.76118
2007-09-07,48.276047
2007-09-08,46.8858
2007-09-09,45.11835
2007-09-10,43.56769
2007-09-11,42.22936
2007-09-12,41.14267
2007-09-13,40.496258
2007-09-14,39.981163
2007-09-15,38.87237
2007-09-16,37.471664
2007-09-17,36.312374
2007-09-18,38.85962
2007-09-19,45.513393
2007-09-20,47.13667
2007-09-21,47.786633
2007-09-22,47.16571
2007-09-23,46.28919
2007-09-24,44.879192
2007-09-25,43.90752
2007-09-26,45.29097
2007-09-27,47.196125
2007-09-28,47.522465
2007-09-29,45.311325
2007-09-30,43.492184
2007-10-01,41.89206
2007-10-02,40.31284
2007-10-03,38.688793
2007-10-04,36.906647
2007-10-05,35.177113
2007-10-06,33.494728
2007-10-07,31.94266
2007-10-08,30.426394
2007-10-09,29.164007
2007-10-10,28.188387
2007-10-11,27.327055
2007-10-12,26.74853
2007-10-13,26.238245
2007-10-14,25.84516
2007-10-15,25.603697
2007-10-16,25.338724
2007-10-17,25.112806
2007-10-18,25.009626
2007-10-19,24.982843
2007-10-20,24.956526
2007-10-21,24.810503
2007-10-22,24.495253
2007-10-23,24.43029
2007-10-24,24.335312
2007-10-25,24.009956
2007-10-26,23.790003
2007-10-27,23.836542
2007-10-28,23.858786
2007-10-29,23.724981
2007-10-30,23.755068
2007-10-31,23.728508
2007-11-01,23.853127
2007-11-02,25.427027
2007-11-03,25.39446
2007-11-04,24.976067
2007-11-05,24.681717
2007-11-06,24.280745
2007-11-07,24.05287
2007-11-08,23.987198
2007-11-09,23.878716
2007-11-10,23.925886
2007-11-11,23.899893
2007-11-12,24.02247
2007-11-13,23.845491
2007-11-14,23.892838
2007-11-15,24.1128
2007-11-16,24.137987
2007-11-17,24.193535
2007-11-18,23.983139
2007-11-19,23.940203
2007-11-20,24.125128
2007-11-21,24.28805
2007-11-22,24.37103
2007-11-23,24.227934
2007-11-24,24.157846
2007-11-25,24.191841
2007-11-26,24.209158
2007-11-27,24.122955
2007-11-28,23.90014
2007-11-29,23.861296
2007-11-30,23.7193
2008-06-01,21.510931
2008-06-02,21.638351
2008-06-03,22.124254
2008-06-04,22.417036
2008-06-05,22.339546
2008-06-06,24.067543
2008-06-07,27.03547
2008-06-08,28.86056
2008-06-09,29.457205
2008-06-10,35.65186
2008-06-11,42.577045
2008-06-12,44.424866
2008-06-13,41.531483
2008-06-14,39.581272
2008-06-15,39.72524
2008-06-16,37.41863
2008-06-17,36.718967
2008-06-18,35.444065
2008-06-19,34.030857
2008-06-20,36.09278
2008-06-21,34.50212
2008-06-22,32.239143
2008-06-23,30.315264
2008-06-24,28.716143
2008-06-25,28.372759
2008-06-26,35.533802
2008-06-27,36.950657
2008-06-28,39.410717
2008-06-29,43.97392
2008-06-30,42.17768
2008-07-01,41.652523
2008-07-02,39.997845
2008-07-03,39.824593
2008-07-04,40.098183
2008-07-05,38.371326
2008-07-06,36.940857
2008-07-07,38.041462
2008-07-08,44.602264
2008-07-09,47.67593
2008-07-10,49.162003
2008-07-11,48.756374
2008-07-12,47.423504
2008-07-13,46.078365
2008-07-14,45.38773
2008-07-15,44.03491
2008-07-16,42.493347
2008-07-17,41.246937
2008-07-18,39.814144
2008-07-19,38.79491
2008-07-20,37.619045
2008-07-21,36.270874
2008-07-22,34.88831
2008-07-23,33.466278
2008-07-24,32.80836
2008-07-25,34.76769
2008-07-26,40.491535
2008-07-27,48.563644
2008-07-28,47.902725
2008-07-29,47.980698
2008-07-30,48.073597
2008-07-31,48.288754
2008-08-01,48.335766
2008-08-02,47.68347
2008-08-03,46.224384
2008-08-04,47.14207
2008-08-05,48.165817
2008-08-06,47.869766
2008-08-07,47.15135
2008-08-08,47.554493
2008-08-09,48.169445
2008-08-10,48.910122
2008-08-11,48.636627
2008-08-12,47.739136
2008-08-13,47.30725
2008-08-14,46.323086
2008-08-15,45.82249
2008-08-16,44.865467
2008-08-17,44.14824
2008-08-18,43.46577
2008-08-19,42.677006
2008-08-20,42.22023
2008-08-21,41.91411
2008-08-22,41.051743
2008-08-23,40.154064
2008-08-24,41.356705
2008-08-25,46.57576
2008-08-26,47.83488
2008-08-27,46.453114
2008-08-28,44.989502
2008-08-29,43.522583
2008-08-30,42.156826
2008-08-31,40.837383
2008-09-01,39.497524
2008-09-02,39.75288
2008-09-03,41.209324
2008-09-04,43.742733
2008-09-05,45.673412
2008-09-06,47.275726
2008-09-07,46.192917
2008-09-08,47.26341
2008-09-09,47.80644
2008-09-10,47.45656
2008-09-11,47.93358
2008-09-12,47.677883
2008-09-13,47.60161
2008-09-14,46.722416
2008-09-15,47.17805
2008-09-16,46.580067
2008-09-17,45.48904
2008-09-18,44.664673
2008-09-19,46.841244
2008-09-20,47.81941
2008-09-21,46.3378
2008-09-22,45.168854
2008-09-23,43.67595
2008-09-24,42.458805
2008-09-25,41.17646
2008-09-26,39.786358
2008-09-27,38.33046
2008-09-28,37.212284
2008-09-29,36.025837
2008-09-30,34.852566
2008-10-01,34.017666
2008-10-02,35.013165
2008-10-03,35.866367
2008-10-04,34.968998
2008-10-05,35.90947
2008-10-06,36.07242
2008-10-07,36.901028
2008-10-08,39.747807
2008-10-09,38.616943
2008-10-10,36.68691
2008-10-11,34.719784
2008-10-12,33.07575
2008-10-13,31.471832
2008-10-14,29.938736
2008-10-15,28.645027
2008-10-16,27.697992
2008-10-17,27.09745
2008-10-18,26.428253
2008-10-19,25.877436
2008-10-20,25.529615
2008-10-21,25.211302
2008-10-22,24.96216
2008-10-23,24.838348
2008-10-24,24.602438
2008-10-25,24.416086
2008-10-26,24.109587
2008-10-27,24.014109
2008-10-28,24.104006
2008-10-29,24.04593
2008-10-30,23.974358
2008-10-31,23.779444
2008-11-01,23.592855
2008-11-02,23.812075
2008-11-03,23.947546
2008-11-04,23.93872
2008-11-05,23.805374
2008-11-06,23.744919
2008-11-07,23.58052
2008-11-08,23.379282
2008-11-09,23.48272
2008-11-10,23.514246
2008-11-11,23.656084
2008-11-12,23.651106
2008-11-13,23.746939
2008-11-14,23.829414
2008-11-15,23.85386
2008-11-16,23.749949
2008-11-17,23.491684
2008-11-18,24.006727
2008-11-19,26.224518
2008-11-20,27.888395
2008-11-21,27.371649
2008-11-22,26.655134
2008-11-23,25.963446
2008-11-24,25.531076
2008-11-25,25.070093
2008-11-26,24.681915
2008-11-27,24.189577
2008-11-28,23.974022
2008-11-29,23.273355
2008-11-30,22.93878
2009-06-01,21.419424
2009-06-02,21.499931
2009-06-03,21.196703
2009-06-04,21.098587
2009-06-05,21.116346
2009-06-06,21.136683
2009-06-07,21.20284
2009-06-08,20.869688
2009-06-09,20.750555
2009-06-10,20.857323
2009-06-11,20.956173
2009-06-12,21.045433
2009-06-13,21.021957
2009-06-14,21.296162
2009-06-15,21.476807
2009-06-16,21.753824
2009-06-17,21.91458
2009-06-18,21.81855
2009-06-19,22.042868
2009-06-20,23.024254
2009-06-21,24.633795
2009-06-22,25.449242
2009-06-23,27.139061
2009-06-24,27.336258
2009-06-25,28.220879
2009-06-26,28.295176
2009-06-27,28.50297
2009-06-28,29.364769
2009-06-29,35.639194
2009-06-30,34.917053
2009-07-01,32.5306
2009-07-02,35.52892
2009-07-03,43.328594
2009-07-04,43.43671
2009-07-05,43.000355
2009-07-06,40.47098
2009-07-07,37.32339
2009-07-08,38.23968
2009-07-09,45.937565
2009-07-10,48.093052
2009-07-11,46.27875
2009-07-12,46.01758
2009-07-13,46.90999
2009-07-14,48.09457
2009-07-15,48.347733
2009-07-16,48.732037
2009-07-17,47.20142
2009-07-18,46.123474
2009-07-19,46.373547
2009-07-20,48.002182
2009-07-21,48.948116
2009-07-22,48.73775
2009-07-23,48.4732
2009-07-24,46.408558
2009-07-25,46.83167
2009-07-26,47.861263
2009-07-27,46.56706
2009-07-28,45.637314
2009-07-29,45.027695
2009-07-30,44.248158
2009-07-31,43.37352
2009-08-01,42.533485
2009-08-02,41.58605
2009-08-03,40.757267
2009-08-04,40.10147
2009-08-05,39.960476
2009-08-06,39.950138
2009-08-07,40.26917
2009-08-08,40.029057
2009-08-09,39.580456
2009-08-10,38.587475
2009-08-11,38.73347
2009-08-12,44.000317
2009-08-13,42.225727
2009-08-14,40.70861
2009-08-15,40.545547
2009-08-16,41.03226
2009-08-17,39.33936
2009-08-18,38.127407
2009-08-19,36.887447
2009-08-20,39.651432
2009-08-21,40.966858
2009-08-22,39.568172
2009-08-23,38.294544
2009-08-24,36.96967
2009-08-25,39.325977
2009-08-26,48.40756
2009-08-27,48.271984
2009-08-28,48.98543
2009-08-29,48.51097
2009-08-30,46.91487
2009-08-31,45.830444
2009-09-01,45.840393
2009-09-02,47.71738
2009-09-03,48.821186
2009-09-04,48.378815
2009-09-05,47.68133
2009-09-06,46.173138
2009-09-07,44.947662
2009-09-08,43.427902
2009-09-09,45.86765
2009-09-10,44.945953
2009-09-11,43.254166
2009-09-12,41.697067
2009-09-13,40.26653
2009-09-14,38.81854
2009-09-15,37.350513
2009-09-16,36.038975
2009-09-17,34.75089
2009-09-18,33.50729
2009-09-19,32.498035
2009-09-20,31.235207
2009-09-21,30.092722
2009-09-22,28.9261
2009-09-23,27.867683
2009-09-24,27.089523
2009-09-25,26.27991
2009-09-26,25.611938
2009-09-27,24.965845
2009-09-28,24.563467
2009-09-29,24.125847
2009-09-30,24.020697
2009-10-01,23.727066
2009-10-02,23.308676
2009-10-03,25.581675
2009-10-04,41.31106
2009-10-05,48.448456
2009-10-06,46.2182
2009-10-07,43.750713
2009-10-08,41.861416
2009-10-09,40.267292
2009-10-10,38.77457
2009-10-11,37.231197
2009-10-12,35.697964
2009-10-13,34.234188
2009-10-14,32.72026
2009-10-15,31.143023
2009-10-16,29.641287
2009-10-17,28.365538
2009-10-18,27.238417
2009-10-19,26.250319
2009-10-20,25.517202
2009-10-21,24.910599
2009-10-22,24.611181
2009-10-23,24.330496
2009-10-24,23.97277
2009-10-25,23.848534
2009-10-26,23.682718
2009-10-27,23.586237
2009-10-28,23.406763
2009-10-29,23.152098
2009-10-30,23.322395
2009-10-31,23.514795
2009-11-01,23.500643
2009-11-02,23.219675
2009-11-03,22.994972
2009-11-04,23.014694
2009-11-05,22.967901
2009-11-06,23.086014
2009-11-07,23.111853
2009-11-08,23.06552
2009-11-09,23.173975
2009-11-10,24.404259
2009-11-11,35.486805
2009-11-12,45.45212
2009-11-13,43.721478
2009-11-14,43.169098
2009-11-15,44.49518
2009-11-16,48.49512
2009-11-17,45.831043
2009-11-18,43.91206
2009-11-19,42.067547
2009-11-20,40.43587
2009-11-21,39.00517
2009-11-22,37.63222
2009-11-23,36.27939
2009-11-24,35.113354
2009-11-25,34.130234
2009-11-26,33.2226
2009-11-27,32.07861
2009-11-28,30.955847
2009-11-29,29.978683
2009-11-30,29.237276
2010-06-01,20.820486
2010-06-02,21.627075
2010-06-03,22.100046
2010-06-04,22.066385
2010-06-05,21.961603
2010-06-06,21.927702
2010-06-07,22.107775
2010-06-08,22.087145
2010-06-09,21.94187
2010-06-10,21.913969
2010-06-11,21.781616
2010-06-12,22.043085
2010-06-13,22.555307
2010-06-14,23.413282
2010-06-15,27.16472
2010-06-16,44.651337
2010-06-17,40.06534
2010-06-18,36.66979
2010-06-19,33.54339
2010-06-20,31.263784
2010-06-21,29.971815
2010-06-22,28.707365
2010-06-23,27.598043
2010-06-24,27.283592
2010-06-25,26.85768
2010-06-26,30.588194
2010-06-27,41.06734
2010-06-28,40.375328
2010-06-29,37.390167
2010-06-30,35.231087
2010-07-01,34.198956
2010-07-02,40.424408
2010-07-03,46.965366
2010-07-04,48.14079
2010-07-05,46.552063
2010-07-06,45.576443
2010-07-07,45.098713
2010-07-08,46.198704
2010-07-09,44.500534
2010-07-10,43.194508
2010-07-11,42.987595
2010-07-12,41.46494
2010-07-13,40.64729
2010-07-14,39.675827
2010-07-15,41.231266
2010-07-16,48.23671
2010-07-17,47.25204
2010-07-18,46.142307
2010-07-19,44.108624
2010-07-20,42.42811
2010-07-21,43.65009
2010-07-22,44.370037
2010-07-23,44.788242
2010-07-24,45.020176
2010-07-25,47.14974
2010-07-26,48.62518
2010-07-27,47.204533
2010-07-28,45.068935
2010-07-29,43.25275
2010-07-30,45.989944
2010-07-31,48.46249
2010-08-01,48.61638
2010-08-02,48.84715
2010-08-03,48.003887
2010-08-04,47.97531
2010-08-05,46.105606
2010-08-06,47.940567
2010-08-07,48.62747
2010-08-08,48.116375
2010-08-09,47.33005
2010-08-10,46.05997
2010-08-11,46.142563
2010-08-12,47.116226
2010-08-13,48.211956
2010-08-14,47.532093
2010-08-15,48.026775
2010-08-16,47.86699
2010-08-17,46.28644
2010-08-18,45.83629
2010-08-19,46.698532
2010-08-20,47.54816
2010-08-21,47.719913
2010-08-22,46.002995
2010-08-23,44.782684
2010-08-24,44.74879
2010-08-25,45.89322
2010-08-26,48.1346
2010-08-27,47.70451
2010-08-28,48.089893
2010-08-29,47.94958
2010-08-30,48.362183
2010-08-31,48.04771
2010-09-01,46.833828
2010-09-02,45.634525
2010-09-03,45.196045
2010-09-04,46.73495
2010-09-05,47.966938
2010-09-06,48.01959
2010-09-07,48.036957
2010-09-08,48.55794
2010-09-09,48.2059
2010-09-10,46.647587
2010-09-11,45.05423
2010-09-12,43.816418
2010-09-13,42.82495
2010-09-14,43.632477
2010-09-15,45.040333
2010-09-16,44.697674
2010-09-17,43.15968
2010-09-18,41.515278
2010-09-19,40.56548
2010-09-20,39.54582
2010-09-21,37.95044
2010-09-22,36.210712
2010-09-23,34.983036
2010-09-24,34.29361
2010-09-25,33.34827
2010-09-26,32.042797
2010-09-27,30.251429
2010-09-28,28.73055
2010-09-29,27.831991
2010-09-30,26.850647
2010-10-01,25.794594
2010-10-02,24.77865
2010-10-03,24.079544
2010-10-04,23.495445
2010-10-05,22.867533
2010-10-06,22.25116
2010-10-07,21.890017
2010-10-08,21.709425
2010-10-09,21.626177
2010-10-10,21.668495
2010-10-11,21.880262
2010-10-12,22.703499
2010-10-13,23.783667
2010-10-14,23.937841
2010-10-15,23.58335
2010-10-16,23.30632
2010-10-17,26.609892
2010-10-18,30.81751
2010-10-19,31.578672
2010-10-20,35.767693
2010-10-21,37.956036
2010-10-22,35.24721
2010-10-23,32.97645
2010-10-24,30.94856
2010-10-25,29.591978
2010-10-26,28.620255
2010-10-27,27.659042
2010-10-28,26.843964
2010-10-29,26.164751
2010-10-30,25.865427
2010-10-31,25.520407
2010-11-01,25.138945
2010-11-02,24.788145
2010-11-03,24.414246
2010-11-04,24.021307
2010-11-05,23.638733
2010-11-06,23.503328
2010-11-07,23.46164
2010-11-08,23.651964
2010-11-09,23.928085
2010-11-10,23.849388
2010-11-11,26.268301
2010-11-12,31.05144
2010-11-13,31.938833
2010-11-14,31.95108
2010-11-15,33.785652
2010-11-16,35.81514
2010-11-17,33.9981
2010-11-18,32.708866
2010-11-19,32.74135
2010-11-20,31.438316
2010-11-21,30.00493
2010-11-22,30.05201
2010-11-23,30.742262
2010-11-24,31.915625
2010-11-25,35.310802
2010-11-26,35.39361
2010-11-27,35.78137
2010-11-28,35.5919
2010-11-29,34.2593
2010-11-30,32.81368
2011-06-01,21.69995
2011-06-02,22.48477
2011-06-03,23.506544
2011-06-04,23.541046
2011-06-05,24.062902
2011-06-06,24.202135
2011-06-07,24.78173
2011-06-08,26.199835
2011-06-09,26.711967
2011-06-10,26.546814
2011-06-11,25.979143
2011-06-12,24.924812
2011-06-13,24.090319
2011-06-14,23.77334
2011-06-15,24.134636
2011-06-16,24.134377
2011-06-17,24.009941
2011-06-18,24.107857
2011-06-19,24.035202
2011-06-20,23.843513
2011-06-21,24.498077
2011-06-22,26.913591
2011-06-23,35.03462
2011-06-24,45.20169
2011-06-25,43.400852
2011-06-26,43.736515
2011-06-27,41.31911
2011-06-28,45.911533
2011-06-29,46.75951
2011-06-30,43.8181
2011-07-01,41.51317
2011-07-02,39.866165
2011-07-03,38.329067
2011-07-04,36.49252
2011-07-05,37.55572
2011-07-06,47.579533
2011-07-07,47.34714
2011-07-08,48.423447
2011-07-09,48.310345
2011-07-10,48.080856
2011-07-11,48.20016
2011-07-12,47.060135
2011-07-13,47.808807
2011-07-14,47.447514
2011-07-15,46.961033
2011-07-16,47.260574
2011-07-17,47.650127
2011-07-18,47.407207
2011-07-19,48.2007
2011-07-20,46.6857
2011-07-21,45.659374
2011-07-22,45.788727
2011-07-23,48.9696
2011-07-24,48.48795
2011-07-25,47.621994
2011-07-26,47.13171
2011-07-27,47.66037
2011-07-28,47.51538
2011-07-29,47.610123
2011-07-30,47.883575
2011-07-31,47.75203
2011-08-01,47.34468
2011-08-02,47.136616
2011-08-03,47.86553
2011-08-04,48.28801
2011-08-05,47.682896
2011-08-06,47.50914
2011-08-07,48.07175
2011-08-08,48.990005
2011-08-09,48.952225
2011-08-10,47.312817
2011-08-11,46.48833
2011-08-12,47.672287
2011-08-13,48.66266
2011-08-14,47.990967
2011-08-15,46.710358
2011-08-16,46.146732
2011-08-17,45.74799
2011-08-18,46.66299
2011-08-19,47.020115
2011-08-20,48.243332
2011-08-21,47.91402
2011-08-22,46.677494
2011-08-23,46.701267
2011-08-24,48.259983
2011-08-25,48.81183
2011-08-26,48.80688
2011-08-27,48.366505
2011-08-28,48.323517
2011-08-29,48.331177
2011-08-30,47.956528
2011-08-31,48.15895
2011-09-01,48.369034
2011-09-02,48.79254
2011-09-03,48.086594
2011-09-04,48.384212
2011-09-05,46.82458
2011-09-06,45.96085
2011-09-07,45.089687
2011-09-08,44.57474
2011-09-09,44.249485
2011-09-10,46.417633
2011-09-11,48.773182
2011-09-12,47.42329
2011-09-13,45.656147
2011-09-14,44.77328
2011-09-15,45.3203
2011-09-16,46.75638
2011-09-17,45.528538
2011-09-18,44.316616
2011-09-19,43.913696
2011-09-20,42.782246
2011-09-21,41.78652
2011-09-22,40.82511
2011-09-23,40.1209
2011-09-24,39.52763
2011-09-25,38.671135
2011-09-26,38.04002
2011-09-27,37.130787
2011-09-28,35.932556
2011-09-29,34.72351
2011-09-30,33.414196
2011-10-01,31.995543
2011-10-02,30.42576
2011-10-03,29.097206
2011-10-04,27.796488
2011-10-05,26.828476
2011-10-06,26.174929
2011-10-07,25.543371
2011-10-08,25.212255
2011-10-09,24.81288
2011-10-10,24.554941
2011-10-11,24.316332
2011-10-12,24.202879
2011-10-13,23.929129
2011-10-14,23.551413
2011-10-15,23.654245
2011-10-16,24.158583
2011-10-17,24.319143
2011-10-18,24.252455
2011-10-19,24.160769
2011-10-20,24.012217
2011-10-21,23.943457
2011-10-22,24.074793
2011-10-23,23.953707
2011-10-24,23.842491
2011-10-25,24.052109
2011-10-26,24.071459
2011-10-27,24.059706
2011-10-28,24.087328
2011-10-29,24.042252
2011-10-30,24.160896
2011-10-31,24.172266
2011-11-01,24.214243
2011-11-02,23.823576
2011-11-03,23.573019
2011-11-04,23.44454
2011-11-05,23.183252
2011-11-06,23.389687
2011-11-07,23.289848
2011-11-08,23.334314
2011-11-09,23.350334
2011-11-10,23.283602
2011-11-11,23.16314
2011-11-12,23.080229
2011-11-13,23.027506
2011-11-14,22.98615
2011-11-15,23.22544
2011-11-16,23.371908
2011-11-17,23.362082
2011-11-18,23.544235
2011-11-19,23.318588
2011-11-20,23.10169
2011-11-21,23.137405
2011-11-22,23.163797
2011-11-23,23.060652
2011-11-24,22.968636
2011-11-25,23.164637
2011-11-26,23.250635
2011-11-27,23.318483
2011-11-28,23.519274
2011-11-29,23.538055
2011-11-30,23.811846
2012-06-01,20.919676
2012-06-02,20.754988
2012-06-03,20.728062
2012-06-04,20.646269
2012-06-05,20.669512
2012-06-06,20.970295
2012-06-07,21.93043
2012-06-08,22.645004
2012-06-09,22.844942
2012-06-10,23.206198
2012-06-11,23.24449
2012-06-12,24.326822
2012-06-13,29.477972
2012-06-14,32.678947
2012-06-15,30.867662
2012-06-16,31.568626
2012-06-17,33.889614
2012-06-18,31.658653
2012-06-19,29.45712
2012-06-20,27.996965
2012-06-21,26.437569
2012-06-22,25.211718
2012-06-23,24.341087
2012-06-24,24.00839
2012-06-25,23.697975
2012-06-26,22.995323
2012-06-27,22.710085
2012-06-28,22.94885
2012-06-29,23.803839
2012-06-30,25.875612
2012-07-01,27.86506
2012-07-02,34.178127
2012-07-03,40.710506
2012-07-04,47.759308
2012-07-05,47.29038
2012-07-06,46.89612
2012-07-07,47.4956
2012-07-08,46.590275
2012-07-09,47.521473
2012-07-10,48.339207
2012-07-11,46.34609
2012-07-12,44.599396
2012-07-13,43.550945
2012-07-14,43.79134
2012-07-15,42.406975
2012-07-16,41.23273
2012-07-17,42.59418
2012-07-18,41.245564
2012-07-19,40.797028
2012-07-20,39.790546
2012-07-21,39.620388
2012-07-22,47.719223
2012-07-23,49.003735
2012-07-24,48.03119
2012-07-25,46.70769
2012-07-26,46.435543
2012-07-27,48.836746
2012-07-28,49.008587
2012-07-29,48.880585
2012-07-30,48.918835
2012-07-31,48.489902
2012-08-01,47.554638
2012-08-02,46.187485
2012-08-03,45.118114
2012-08-04,44.97278
2012-08-05,45.035282
2012-08-06,46.719543
2012-08-07,48.66032
2012-08-08,47.948242
2012-08-09,48.563236
2012-08-10,48.5957
2012-08-11,49.1226
2012-08-12,48.982967
2012-08-13,48.661602
2012-08-14,47.996433
2012-08-15,47.81189
2012-08-16,45.917667
2012-08-17,45.584637
2012-08-18,46.2532
2012-08-19,46.656483
2012-08-20,48.20398
2012-08-21,48.38976
2012-08-22,48.409565
2012-08-23,46.677204
2012-08-24,45.924313
2012-08-25,45.147125
2012-08-26,47.36578
2012-08-27,48.416683
2012-08-28,48.027996
2012-08-29,47.80305
2012-08-30,47.83124
2012-08-31,48.243282
2012-09-01,47.60262
2012-09-02,46.711
2012-09-03,48.408855
2012-09-04,48.039837
2012-09-05,48.464138
2012-09-06,48.769596
2012-09-07,48.22732
2012-09-08,46.085384
2012-09-09,44.8327
2012-09-10,45.020676
2012-09-11,47.91511
2012-09-12,46.210587
2012-09-13,45.62102
2012-09-14,45.242588
2012-09-15,44.607777
2012-09-16,43.51244
2012-09-17,42.918133
2012-09-18,41.856228
2012-09-19,40.97687
2012-09-20,41.956795
2012-09-21,42.690525
2012-09-22,43.196136
2012-09-23,42.749462
2012-09-24,44.34674
2012-09-25,44.30781
2012-09-26,43.783474
2012-09-27,42.344654
2012-09-28,40.32427
2012-09-29,38.383038
2012-09-30,36.57569
2012-10-01,35.259464
2012-10-02,34.314392
2012-10-03,32.90465
2012-10-04,31.76919
2012-10-05,31.29331
2012-10-06,30.346937
2012-10-07,29.341515
2012-10-08,28.398378
2012-10-09,27.925028
2012-10-10,27.280151
2012-10-11,26.579718
2012-10-12,26.043238
2012-10-13,25.65229
2012-10-14,25.496675
2012-10-15,25.23947
2012-10-16,25.154747
2012-10-17,25.088709
2012-10-18,24.719488
2012-10-19,24.638695
2012-10-20,24.475044
2012-10-21,24.302094
2012-10-22,24.18209
2012-10-23,24.108858
2012-10-24,24.136452
2012-10-25,23.926222
2012-10-26,24.022757
2012-10-27,24.028091
2012-10-28,23.997068
2012-10-29,24.085327
2012-10-30,24.127886
2012-10-31,24.118208
2012-11-01,23.993782
2012-11-02,23.735052
2012-11-03,23.46256
2012-11-04,23.328936
2012-11-05,23.536383
2012-11-06,23.604942
2012-11-07,23.721464
2012-11-08,24.023783
2012-11-09,24.121193
2012-11-10,24.182177
2012-11-11,24.07686
2012-11-12,24.210508
2012-11-13,24.175142
2012-11-14,24.140913
2012-11-15,24.273438
2012-11-16,24.174515
2012-11-17,24.11909
2012-11-18,24.186363
2012-11-19,24.054428
2012-11-20,23.944475
2012-11-21,24.000475
2012-11-22,24.285318
2012-11-23,24.207365
2012-11-24,24.194838
2012-11-25,24.213531
2012-11-26,24.174616
2012-11-27,24.202515
2012-11-28,24.054506
2012-11-29,24.117056
2012-11-30,24.092356
2013-06-01,23.594301
2013-06-02,25.034094
2013-06-03,25.605568
2013-06-04,26.675293
2013-06-05,27.434883
2013-06-06,29.338484
2013-06-07,30.538391
2013-06-08,33.771442
2013-06-09,37.770782
2013-06-10,38.58962
2013-06-11,39.22848
2013-06-12,39.018494
2013-06-13,37.08576
2013-06-14,43.552113
2013-06-15,47.62953
2013-06-16,48.992844
2013-06-17,48.709164
2013-06-18,47.35127
2013-06-19,46.898388
2013-06-20,44.644115
2013-06-21,43.23076
2013-06-22,43.558353
2013-06-23,43.52524
2013-06-24,44.85385
2013-06-25,48.401672
2013-06-26,48.950684
2013-06-27,48.352276
2013-06-28,46.570892
2013-06-29,45.56975
2013-06-30,44.73772
2013-07-01,44.63034
2013-07-02,45.7477
2013-07-03,49.059128
2013-07-04,48.87442
2013-07-05,48.584354
2013-07-06,47.8632
2013-07-07,46.78873
2013-07-08,46.925648
2013-07-09,46.138332
2013-07-10,47.026077
2013-07-11,47.638126
2013-07-12,48.729847
2013-07-13,48.362965
2013-07-14,48.18366
2013-07-15,48.350567
2013-07-16,48.675533
2013-07-17,48.92023
2013-07-18,48.3992
2013-07-19,47.78708
2013-07-20,47.281174
2013-07-21,47.011898
2013-07-22,47.798126
2013-07-23,48.733383
2013-07-24,48.286846
2013-07-25,48.20323
2013-07-26,48.96217
2013-07-27,48.897358
2013-07-28,49.06143
2013-07-29,48.365192
2013-07-30,47.904194
2013-07-31,48.817776
2013-08-01,48.980053
2013-08-02,48.62412
2013-08-03,47.018112
2013-08-04,46.60802
2013-08-05,45.630413
2013-08-06,47.399708
2013-08-07,48.541916
2013-08-08,48.772964
2013-08-09,48.911335
2013-08-10,48.327663
2013-08-11,47.17204
2013-08-12,47.994827
2013-08-13,48.673176
2013-08-14,47.111065
2013-08-15,45.873585
2013-08-16,45.37147
2013-08-17,45.870697
2013-08-18,45.692654
2013-08-19,45.506104
2013-08-20,48.642498
2013-08-21,48.18541
2013-08-22,48.010906
2013-08-23,48.877308
2013-08-24,48.643967
2013-08-25,48.1461
2013-08-26,47.49438
2013-08-27,46.389164
2013-08-28,45.45346
2013-08-29,44.918716
2013-08-30,44.196655
2013-08-31,43.604404
2013-09-01,42.708668
2013-09-02,41.857185
2013-09-03,41.29559
2013-09-04,40.582462
2013-09-05,40.20164
2013-09-06,39.776783
2013-09-07,39.102566
2013-09-08,38.00985
2013-09-09,36.32628
2013-09-10,34.649147
2013-09-11,33.022015
2013-09-12,31.549194
2013-09-13,31.062906
2013-09-14,30.612272
2013-09-15,29.997618
2013-09-16,29.573776
2013-09-17,29.163948
2013-09-18,28.080137
2013-09-19,26.826668
2013-09-20,27.407045
2013-09-21,48.19391
2013-09-22,48.342926
2013-09-23,47.60622
2013-09-24,48.066357
2013-09-25,46.487247
2013-09-26,44.328564
2013-09-27,42.90407
2013-09-28,41.465336
2013-09-29,41.084805
2013-09-30,43.008835
2013-10-01,44.203762
2013-10-02,44.57638
2013-10-03,44.834972
2013-10-04,44.281357
2013-10-05,43.455105
2013-10-06,45.929886
2013-10-07,45.91721
2013-10-08,46.565685
2013-10-09,47.11447
2013-10-10,46.54376
2013-10-11,45.614933
2013-10-12,44.73721
2013-10-13,43.48863
2013-10-14,42.17058
2013-10-15,41.037083
2013-10-16,39.24778
2013-10-17,37.611755
2013-10-18,36.189392
2013-10-19,34.713665
2013-10-20,33.29722
2013-10-21,32.245716
2013-10-22,31.060953
2013-10-23,29.805199
2013-10-24,29.045395
2013-10-25,28.399696
2013-10-26,27.941488
2013-10-27,27.368902
2013-10-28,26.796316
2013-10-29,26.495302
2013-10-30,26.2064
2013-10-31,25.932487
2013-11-01,25.577179
2013-11-02,25.278748
2013-11-03,25.005037
2013-11-04,24.733162
2013-11-05,24.552122
2013-11-06,24.665016
2013-11-07,24.732012
2013-11-08,24.717554
2013-11-09,24.839277
2013-11-10,24.755388
2013-11-11,24.75112
2013-11-12,24.68165
2013-11-13,24.556002
2013-11-14,24.410286
2013-11-15,24.27742
2013-11-16,24.24901
2013-11-17,24.14367
2013-11-18,24.17173
2013-11-19,24.514221
2013-11-20,24.611193
2013-11-21,24.5679
2013-11-22,24.389425
2013-11-23,24.127851
2013-11-24,24.030157
2013-11-25,23.927454
2013-11-26,24.016165
2013-11-27,24.044
2013-11-28,24.074171
2013-11-29,24.309647
2013-11-30,24.285707
2014-06-01,21.199537
2014-06-02,21.462135
2014-06-03,21.63317
2014-06-04,21.654703
2014-06-05,21.74191
2014-06-06,22.842508
2014-06-07,23.492647
2014-06-08,23.186005
2014-06-09,22.508018
2014-06-10,22.326616
2014-06-11,23.621664
2014-06-12,25.275925
2014-06-13,24.6825
2014-06-14,24.182335
2014-06-15,23.978714
2014-06-16,23.903494
2014-06-17,24.047134
2014-06-18,24.23179
2014-06-19,23.871218
2014-06-20,23.478065
2014-06-21,22.887451
2014-06-22,22.65696
2014-06-23,22.674704
2014-06-24,22.425085
2014-06-25,22.3007
2014-06-26,22.011292
2014-06-27,22.001097
2014-06-28,21.91443
2014-06-29,21.76188
2014-06-30,21.628265
2014-07-01,21.396002
2014-07-02,21.350618
2014-07-03,21.566645
2014-07-04,21.635155
2014-07-05,21.76166
2014-07-06,21.939356
2014-07-07,22.182573
2014-07-08,22.355665
2014-07-09,23.513466
2014-07-10,25.167519
2014-07-11,25.345604
2014-07-12,30.35068
2014-07-13,34.727345
2014-07-14,40.890465
2014-07-15,45.822918
2014-07-16,49.08952
2014-07-17,47.271805
2014-07-18,46.758846
2014-07-19,47.909786
2014-07-20,45.724335
2014-07-21,45.532513
2014-07-22,48.105778
2014-07-23,48.943523
2014-07-24,48.607533
2014-07-25,47.641285
2014-07-26,46.886166
2014-07-27,47.609707
2014-07-28,48.612732
2014-07-29,47.982967
2014-07-30,46.843212
2014-07-31,46.91949
2014-08-01,46.51532
2014-08-02,45.76359
2014-08-03,47.16247
2014-08-04,48.071903
2014-08-05,48.48782
2014-08-06,48.727016
2014-08-07,47.36948
2014-08-08,46.05231
2014-08-09,44.830673
2014-08-10,44.368103
2014-08-11,45.83051
2014-08-12,46.32014
2014-08-13,44.43011
2014-08-14,43.85083
2014-08-15,43.641575
2014-08-16,43.179752
2014-08-17,42.376064
2014-08-18,41.25906
2014-08-19,40.247356
2014-08-20,39.658447
2014-08-21,39.45113
2014-08-22,41.176044
2014-08-23,44.81459
2014-08-24,44.470943
2014-08-25,45.89328
2014-08-26,45.83257
2014-08-27,44.534847
2014-08-28,44.93898
2014-08-29,46.80278
2014-08-30,48.469776
2014-08-31,48.373917
2014-09-01,48.265766
2014-09-02,48.7018
2014-09-03,48.341446
2014-09-04,47.481808
2014-09-05,47.419712
2014-09-06,45.480682
2014-09-07,47.19989
2014-09-08,48.697586
2014-09-09,48.49325
2014-09-10,47.20549
2014-09-11,46.05866
2014-09-12,47.226727
2014-09-13,47.154068
2014-09-14,46.6438
2014-09-15,45.715332
2014-09-16,44.455402
2014-09-17,43.419735
2014-09-18,42.564507
2014-09-19,41.4265
2014-09-20,40.168736
2014-09-21,38.762615
2014-09-22,37.75513
2014-09-23,36.558865
2014-09-24,35.28904
2014-09-25,34.371758
2014-09-26,33.583073
2014-09-27,33.162083
2014-09-28,32.668705
2014-09-29,32.1253
2014-09-30,31.563951
2014-10-01,30.641886
2014-10-02,29.655691
2014-10-03,28.600624
2014-10-04,27.857214
2014-10-05,27.195168
2014-10-06,26.536882
2014-10-07,26.177397
2014-10-08,26.622068
2014-10-09,27.07136
2014-10-10,26.521933
2014-10-11,25.596449
2014-10-12,24.965445
2014-10-13,24.412598
2014-10-14,24.193403
2014-10-15,23.88775
2014-10-16,23.772392
2014-10-17,24.069265
2014-10-18,24.358162
2014-10-19,24.34249
2014-10-20,24.219856
2014-10-21,24.147743
2014-10-22,23.778078
2014-10-23,23.639374
2014-10-24,23.935
2014-10-25,24.359064
2014-10-26,24.381662
2014-10-27,24.307074
2014-10-28,24.115267
2014-10-29,23.990265
2014-10-30,23.804686
2014-10-31,23.566957
2014-11-01,23.008795
2014-11-02,22.84263
2014-11-03,22.898207
2014-11-04,23.099426
2014-11-05,23.348001
2014-11-06,23.362692
2014-11-07,23.184814
2014-11-08,23.03168
2014-11-09,23.13968
2014-11-10,23.096937
2014-11-11,22.957306
2014-11-12,25.88857
2014-11-13,28.157236
2014-11-14,27.277712
2014-11-15,30.285957
2014-11-16,32.474247
2014-11-17,31.064497
2014-11-18,29.245718
2014-11-19,27.812101
2014-11-20,26.981804
2014-11-21,26.391851
2014-11-22,25.846514
2014-11-23,25.489103
2014-11-24,25.190496
2014-11-25,24.879133
2014-11-26,24.702288
2014-11-27,24.66725
2014-11-28,24.538713
2014-11-29,24.472555
2014-11-30,24.421148
2015-06-01,21.035017
2015-06-02,21.14003
2015-06-03,21.300634
2015-06-04,21.066086
2015-06-05,20.948486
2015-06-06,20.926367
2015-06-07,21.040619
2015-06-08,22.380884
2015-06-09,24.427904
2015-06-10,25.64485
2015-06-11,29.030031
2015-06-12,41.844265
2015-06-13,43.35663
2015-06-14,42.8827
2015-06-15,41.346962
2015-06-16,41.096653
2015-06-17,40.559673
2015-06-18,39.693913
2015-06-19,41.346443
2015-06-20,42.15038
2015-06-21,43.157276
2015-06-22,44.7903
2015-06-23,42.483685
2015-06-24,46.600582
2015-06-25,46.25642
2015-06-26,43.63725
2015-06-27,41.33431
2015-06-28,39.120296
2015-06-29,37.03574
2015-06-30,35.112774
2015-07-01,33.691235
2015-07-02,32.08781
2015-07-03,30.371834
2015-07-04,29.075468
2015-07-05,28.321894
2015-07-06,28.012278
2015-07-07,28.092363
2015-07-08,27.966173
2015-07-09,28.069849
2015-07-10,27.500938
2015-07-11,26.758387
2015-07-12,26.207008
2015-07-13,25.676077
2015-07-14,25.443285
2015-07-15,25.027113
2015-07-16,24.752485
2015-07-17,25.541243
2015-07-18,36.439312
2015-07-19,47.31441
2015-07-20,47.9317
2015-07-21,48.957123
2015-07-22,48.42925
2015-07-23,48.07649
2015-07-24,48.127758
2015-07-25,48.837387
2015-07-26,48.950558
2015-07-27,48.801838
2015-07-28,48.309475
2015-07-29,48.209286
2015-07-30,46.722942
2015-07-31,45.672028
2015-08-01,44.941223
2015-08-02,45.17703
2015-08-03,44.148174
2015-08-04,47.299587
2015-08-05,48.503586
2015-08-06,47.358715
2015-08-07,46.321796
2015-08-08,46.53452
2015-08-09,47.83108
2015-08-10,46.929455
2015-08-11,46.05937
2015-08-12,47.906742
2015-08-13,48.15864
2015-08-14,47.669388
2015-08-15,47.019165
2015-08-16,46.90561
2015-08-17,46.828526
2015-08-18,46.821774
2015-08-19,45.35698
2015-08-20,44.009853
2015-08-21,43.28221
2015-08-22,42.286526
2015-08-23,41.46398
2015-08-24,41.10342
2015-08-25,40.708233
2015-08-26,40.109455
2015-08-27,39.08637
2015-08-28,38.389267
2015-08-29,40.26196
2015-08-30,41.583107
2015-08-31,42.565636
2015-09-01,42.116695
2015-09-02,40.905758
2015-09-03,39.31571
2015-09-04,37.822384
2015-09-05,36.536686
2015-09-06,35.31339
2015-09-07,33.925827
2015-09-08,32.852306
2015-09-09,32.510986
2015-09-10,33.568745
2015-09-11,32.709995
2015-09-12,31.34875
2015-09-13,30.608065
2015-09-14,32.390865
2015-09-15,34.49348
2015-09-16,33.66441
2015-09-17,35.456158
2015-09-18,44.46445
2015-09-19,42.612934
2015-09-20,40.74531
2015-09-21,39.618603
2015-09-22,42.568798
2015-09-23,39.928066
2015-09-24,37.64678
2015-09-25,35.5387
2015-09-26,33.75356
2015-09-27,32.26878
2015-09-28,30.922737
2015-09-29,29.778856
2015-09-30,28.600266
2015-10-01,27.467676
2015-10-02,26.704782
2015-10-03,25.809677
2015-10-04,25.299452
2015-10-05,24.7562
2015-10-06,24.339735
2015-10-07,23.989462
2015-10-08,23.746254
2015-10-09,23.545576
2015-10-10,23.16009
2015-10-11,22.906332
2015-10-12,22.777655
2015-10-13,22.63545
2015-10-14,22.622454
2015-10-15,22.81676
2015-10-16,23.042467
2015-10-17,23.044968
2015-10-18,22.910027
2015-10-19,22.918333
2015-10-20,22.943779
2015-10-21,23.05287
2015-10-22,22.97917
2015-10-23,22.778849
2015-10-24,22.767214
2015-10-25,22.854856
2015-10-26,23.671648
2015-10-27,31.241455
2015-10-28,32.34884
2015-10-29,30.894669
2015-10-30,29.709795
2015-10-31,28.543139
2015-11-01,27.4954
2015-11-02,26.58371
2015-11-03,25.860018
2015-11-04,25.200415
2015-11-05,24.842613
2015-11-06,24.42602
2015-11-07,24.238045
2015-11-08,24.113417
2015-11-09,24.250206
2015-11-10,24.32428
2015-11-11,24.255295
2015-11-12,24.257204
2015-11-13,24.13325
2015-11-14,24.123873
2015-11-15,24.236717
2015-11-16,24.30763
2015-11-17,24.517725
2015-11-18,24.343931
2015-11-19,24.250893
2015-11-20,23.965384
2015-11-21,23.819273
2015-11-22,23.85826
2015-11-23,24.504229
2015-11-24,24.731913
2015-11-25,24.428492
2015-11-26,24.33959
2015-11-27,24.609262
2015-11-28,25.073751
2015-11-29,25.240004
2015-11-30,25.138624
2016-06-01,21.632223
2016-06-02,21.45887
2016-06-03,21.500433
2016-06-04,21.732386
2016-06-05,21.588943
2016-06-06,21.554232
2016-06-07,21.78945
2016-06-08,22.10353
2016-06-09,22.546164
2016-06-10,22.327768
2016-06-11,22.02146
2016-06-12,22.029722
2016-06-13,21.8106
2016-06-14,21.819717
2016-06-15,21.476456
2016-06-16,21.417612
2016-06-17,21.943037
2016-06-18,29.05498
2016-06-19,37.18165
2016-06-20,41.41231
2016-06-21,43.135757
2016-06-22,43.128788
2016-06-23,42.69621
2016-06-24,43.947247
2016-06-25,42.302486
2016-06-26,39.917873
2016-06-27,37.987583
2016-06-28,39.842503
2016-06-29,44.844685
2016-06-30,42.663754
2016-07-01,40.40584
2016-07-02,41.810894
2016-07-03,44.278473
2016-07-04,46.85033
2016-07-05,44.453136
2016-07-06,42.19951
2016-07-07,42.30189
2016-07-08,44.173008
2016-07-09,48.479435
2016-07-10,49.121227
2016-07-11,49.182728
2016-07-12,48.924057
2016-07-13,47.02419
2016-07-14,45.475018
2016-07-15,45.22607
2016-07-16,46.056713
2016-07-17,46.823288
2016-07-18,46.92085
2016-07-19,45.664333
2016-07-20,44.470078
2016-07-21,43.67996
2016-07-22,43.51907
2016-07-23,44.331882
2016-07-24,48.387604
2016-07-25,47.585617
2016-07-26,48.450714
2016-07-27,48.942318
2016-07-28,48.48636
2016-07-29,47.601124
2016-07-30,47.40735
2016-07-31,48.40614
2016-08-01,48.69276
2016-08-02,48.878193
2016-08-03,48.879383
2016-08-04,48.4312
2016-08-05,48.183796
2016-08-06,48.89102
2016-08-07,48.58649
2016-08-08,48.702908
2016-08-09,48.23029
2016-08-10,48.259003
2016-08-11,47.32631
2016-08-12,46.13902
2016-08-13,46.208664
2016-08-14,45.381763
2016-08-15,44.51422
2016-08-16,43.43652
2016-08-17,42.62808
2016-08-18,42.158955
2016-08-19,44.736908
2016-08-20,49.029263
2016-08-21,48.30347
2016-08-22,47.64446
2016-08-23,47.71993
2016-08-24,47.45093
2016-08-25,45.76762
2016-08-26,45.161453
2016-08-27,47.42336
2016-08-28,46.95847
2016-08-29,45.91435
2016-08-30,46.213806
2016-08-31,47.722973
2016-09-01,48.32136
2016-09-02,47.54314
2016-09-03,46.075603
2016-09-04,44.911957
2016-09-05,43.56509
2016-09-06,42.365765
2016-09-07,42.200703
2016-09-08,41.718052
2016-09-09,40.967
2016-09-10,39.680885
2016-09-11,38.937496
2016-09-12,37.890263
2016-09-13,36.614594
2016-09-14,35.89854
2016-09-15,38.007053
2016-09-16,44.476345
2016-09-17,46.20383
2016-09-18,47.304424
2016-09-19,47.704304
2016-09-20,46.29158
2016-09-21,46.911037
2016-09-22,47.925518
2016-09-23,45.824535
2016-09-24,44.01475
2016-09-25,43.056896
2016-09-26,42.392185
2016-09-27,41.04321
2016-09-28,39.68825
2016-09-29,38.20852
2016-09-30,38.11349
2016-10-01,44.28505
2016-10-02,45.736637
2016-10-03,46.096294
2016-10-04,45.822308
2016-10-05,46.56696
2016-10-06,46.413727
2016-10-07,45.471462
2016-10-08,46.16838
2016-10-09,44.511448
2016-10-10,43.013325
2016-10-11,41.219193
2016-10-12,39.525177
2016-10-13,38.006947
2016-10-14,37.041
2016-10-15,36.064167
2016-10-16,34.742184
2016-10-17,33.51914
2016-10-18,32.373043
2016-10-19,31.151152
2016-10-20,30.213219
2016-10-21,29.021439
2016-10-22,28.131113
2016-10-23,27.528284
2016-10-24,26.840212
2016-10-25,26.494537
2016-10-26,25.995728
2016-10-27,25.65077
2016-10-28,25.463442
2016-10-29,25.245277
2016-10-30,25.143724
2016-10-31,25.006332
2016-11-01,24.88185
2016-11-02,24.773573
2016-11-03,24.537046
2016-11-04,24.445192
2016-11-05,24.45954
2016-11-06,24.343285
2016-11-07,24.187738
2016-11-08,24.265053
2016-11-09,24.524637
2016-11-10,24.613014
2016-11-11,24.462814
2016-11-12,24.304321
2016-11-13,24.331785
2016-11-14,24.346952
2016-11-15,24.413795
2016-11-16,24.357553
2016-11-17,24.199148
2016-11-18,24.278028
2016-11-19,24.099024
2016-11-20,24.08121
2016-11-21,24.276724
2016-11-22,24.285866
2016-11-23,24.289896
2016-11-24,23.902605
2016-11-25,23.872446
2016-11-26,24.04053
2016-11-27,24.127504
2016-11-28,24.220268
2016-11-29,24.043135
2016-11-30,24.00725
2017-06-01,24.537603
2017-06-02,25.984282
2017-06-03,25.077133
2017-06-04,24.627527
2017-06-05,24.667915
2017-06-06,24.458292
2017-06-07,25.585768
2017-06-08,32.4947
2017-06-09,37.71887
2017-06-10,38.22439
2017-06-11,37.652683
2017-06-12,35.14745
2017-06-13,34.578396
2017-06-14,34.71021
2017-06-15,33.40358
2017-06-16,31.70536
2017-06-17,29.421957
2017-06-18,27.465363
2017-06-19,26.139215
2017-06-20,24.978792
2017-06-21,24.681158
2017-06-22,26.35856
2017-06-23,32.498917
2017-06-24,37.447853
2017-06-25,40.555027
2017-06-26,42.775967
2017-06-27,41.57572
2017-06-28,39.523117
2017-06-29,38.55555
2017-06-30,37.373928
2017-07-01,39.758526
2017-07-02,44.309147
2017-07-03,42.885986
2017-07-04,43.354786
2017-07-05,41.05968
2017-07-06,38.856434
2017-07-07,36.929626
2017-07-08,35.230762
2017-07-09,34.076603
2017-07-10,34.328533
2017-07-11,34.21812
2017-07-12,38.207233
2017-07-13,47.84109
2017-07-14,48.619884
2017-07-15,47.82944
2017-07-16,46.59395
2017-07-17,46.88591
2017-07-18,47.0221
2017-07-19,47.493168
2017-07-20,48.81328
2017-07-21,48.48691
2017-07-22,48.478897
2017-07-23,47.943985
2017-07-24,47.186596
2017-07-25,47.74405
2017-07-26,48.288803
2017-07-27,48.58992
2017-07-28,48.64493
2017-07-29,47.113483
2017-07-30,45.85245
2017-07-31,44.847
2017-08-01,44.527435
2017-08-02,43.988712
2017-08-03,43.514248
2017-08-04,42.57539
2017-08-05,41.33939
2017-08-06,41.285202
2017-08-07,40.87461
2017-08-08,46.753986
2017-08-09,45.6533
2017-08-10,44.325256
2017-08-11,43.299374
2017-08-12,42.68172
2017-08-13,42.81789
2017-08-14,42.244377
2017-08-15,41.965107
2017-08-16,40.98485
2017-08-17,39.725063
2017-08-18,39.33298
2017-08-19,44.63069
2017-08-20,47.807987
2017-08-21,47.82097
2017-08-22,47.083614
2017-08-23,46.32739
2017-08-24,47.202198
2017-08-25,48.16161
2017-08-26,48.443424
2017-08-27,48.76175
2017-08-28,48.363724
2017-08-29,48.49647
2017-08-30,47.799175
2017-08-31,46.20419
2017-09-01,45.17212
2017-09-02,44.331104
2017-09-03,45.78213
2017-09-04,45.476307
2017-09-05,44.75967
2017-09-06,43.3996
2017-09-07,41.828438
2017-09-08,40.671062
2017-09-09,42.38099
2017-09-10,44.13558
2017-09-11,44.97554
2017-09-12,46.961987
2017-09-13,47.16571
2017-09-14,46.72337
2017-09-15,48.57059
2017-09-16,48.53212
2017-09-17,47.813725
2017-09-18,48.14217
2017-09-19,46.05187
2017-09-20,45.073315
2017-09-21,47.554707
2017-09-22,46.905033
2017-09-23,45.148487
2017-09-24,43.38232
2017-09-25,41.820473
2017-09-26,40.37126
2017-09-27,38.912533
2017-09-28,37.627926
2017-09-29,36.250378
2017-09-30,34.764294
2017-10-01,33.28874
2017-10-02,31.877295
2017-10-03,30.712204
2017-10-04,29.248747
2017-10-05,28.119102
2017-10-06,27.378325
2017-10-07,26.840746
2017-10-08,26.495605
2017-10-09,27.74175
2017-10-10,33.94724
2017-10-11,35.67639
2017-10-12,33.927254
2017-10-13,33.98489
2017-10-14,32.974808
2017-10-15,31.33194
2017-10-16,29.72904
2017-10-17,28.244522
2017-10-18,27.020239
2017-10-19,26.141897
2017-10-20,25.492485
2017-10-21,24.749193
2017-10-22,24.242973
2017-10-23,24.044487
2017-10-24,23.90358
2017-10-25,23.84552
2017-10-26,23.510202
2017-10-27,23.465166
2017-10-28,23.414629
2017-10-29,23.492079
2017-10-30,23.739363
2017-10-31,23.719772
2017-11-01,23.72129
2017-11-02,23.407135
2017-11-03,23.334196
2017-11-04,23.436968
2017-11-05,23.446274
2017-11-06,23.446472
2017-11-07,23.109655
2017-11-08,22.99399
2017-11-09,23.310312
2017-11-10,23.684847
2017-11-11,24.008566
2017-11-12,23.990602
2017-11-13,24.073244
2017-11-14,24.02165
2017-11-15,24.18975
2017-11-16,24.418015
2017-11-17,24.266075
2017-11-18,24.012297
2017-11-19,23.90065
2017-11-20,24.118593
2017-11-21,23.838844
2017-11-22,23.575384
2017-11-23,23.536728
2017-11-24,23.593124
2017-11-25,23.69336
2017-11-26,23.580551
2017-11-27,23.63706
2017-11-28,23.744146
2017-11-29,23.802565
2017-11-30,23.758476
2018-06-01,20.527847
2018-06-02,21.263994
2018-06-03,22.557167
2018-06-04,23.194483
2018-06-05,23.802725
2018-06-06,24.86001
2018-06-07,24.900137
2018-06-08,24.437195
2018-06-09,24.31038
2018-06-10,24.321123
2018-06-11,24.293242
2018-06-12,23.908737
2018-06-13,23.306335
2018-06-14,22.889046
2018-06-15,22.289572
2018-06-16,22.138842
2018-06-17,22.492609
2018-06-18,22.50595
2018-06-19,24.182167
2018-06-20,28.145548
2018-06-21,33.65437
2018-06-22,36.54522
2018-06-23,36.816525
2018-06-24,41.189915
2018-06-25,44.749695
2018-06-26,47.62701
2018-06-27,46.788624
2018-06-28,47.2485
2018-06-29,46.129852
2018-06-30,43.544205
2018-07-01,40.961063
2018-07-02,39.7213
2018-07-03,42.495754
2018-07-04,45.39342
2018-07-05,46.003876
2018-07-06,43.795383
2018-07-07,47.63122
2018-07-08,46.580273
2018-07-09,46.526455
2018-07-10,48.748005
2018-07-11,48.897537
2018-07-12,48.531155
2018-07-13,47.86723
2018-07-14,47.922855
2018-07-15,48.2702
2018-07-16,47.566956
2018-07-17,47.265102
2018-07-18,47.566906
2018-07-19,47.13498
2018-07-20,47.38973
2018-07-21,47.341553
2018-07-22,48.0042
2018-07-23,48.87187
2018-07-24,47.951385
2018-07-25,47.16875
2018-07-26,46.45332
2018-07-27,45.85237
2018-07-28,44.92117
2018-07-29,43.53114
2018-07-30,42.96726
2018-07-31,42.145794
2018-08-01,41.28195
2018-08-02,40.57182
2018-08-03,40.135494
2018-08-04,39.728764
2018-08-05,38.983315
2018-08-06,38.504498
2018-08-07,38.553173
2018-08-08,45.200993
2018-08-09,46.86731
2018-08-10,45.614582
2018-08-11,45.69775
2018-08-12,44.89256
2018-08-13,44.539265
2018-08-14,43.716633
2018-08-15,45.104176
2018-08-16,47.406647
2018-08-17,48.531063
2018-08-18,47.565456
2018-08-19,47.024105
2018-08-20,48.36522
2018-08-21,49.114643
2018-08-22,48.970016
2018-08-23,48.120304
2018-08-24,46.467655
2018-08-25,46.156956
2018-08-26,46.065063
2018-08-27,46.84663
2018-08-28,48.131474
2018-08-29,48.544247
2018-08-30,46.774593
2018-08-31,46.628464
2018-09-01,46.19409
2018-09-02,45.442364
2018-09-03,45.01093
2018-09-04,44.273075
2018-09-05,43.479675
2018-09-06,42.179867
2018-09-07,44.822437
2018-09-08,44.753284
2018-09-09,43.78046
2018-09-10,42.37685
2018-09-11,41.324993
2018-09-12,40.465473
2018-09-13,40.214413
2018-09-14,40.145668
2018-09-15,39.281353
2018-09-16,38.424458
2018-09-17,37.185516
2018-09-18,36.032116
2018-09-19,35.073223
2018-09-20,33.712353
2018-09-21,35.00169
2018-09-22,48.20846
2018-09-23,47.566853
2018-09-24,45.27637
2018-09-25,44.092968
2018-09-26,42.6843
2018-09-27,41.006203
2018-09-28,39.431335
2018-09-29,37.91004
2018-09-30,36.443344
2018-10-01,35.09699
2018-10-02,33.801174
2018-10-03,32.61201
2018-10-04,31.858498
2018-10-05,31.13088
2018-10-06,30.518341
2018-10-07,29.789984
2018-10-08,29.046555
2018-10-09,28.1923
2018-10-10,27.35201
2018-10-11,26.65167
2018-10-12,26.010286
2018-10-13,25.349123
2018-10-14,24.744667
2018-10-15,24.437546
2018-10-16,23.926834
2018-10-17,23.646223
2018-10-18,23.400846
2018-10-19,23.19694
2018-10-20,23.101904
2018-10-21,23.132921
2018-10-22,23.336164
2018-10-23,23.411268
2018-10-24,23.544027
2018-10-25,23.556656
2018-10-26,23.496964
2018-10-27,23.792234
2018-10-28,23.752213
2018-10-29,23.607557
2018-10-30,23.631735
2018-10-31,23.36061
2018-11-01,23.334555
2018-11-02,23.426058
2018-11-03,23.58246
2018-11-04,23.742775
2018-11-05,23.81121
2018-11-06,24.096296
2018-11-07,24.31144
2018-11-08,24.43738
2018-11-09,24.376656
2018-11-10,24.2436
2018-11-11,24.42003
2018-11-12,24.358137
2018-11-13,24.372429
2018-11-14,24.058191
2018-11-15,24.083344
2018-11-16,24.163744
2018-11-17,24.09141
2018-11-18,24.110367
2018-11-19,23.974096
2018-11-20,24.068771
2018-11-21,23.869286
2018-11-22,23.769438
2018-11-23,23.861883
2018-11-24,23.877518
2018-11-25,24.005493
2018-11-26,24.062128
2018-11-27,24.036049
2018-11-28,24.113379
2018-11-29,24.180613
2018-11-30,24.20429
2019-06-01,20.511595
2019-06-02,21.353056
2019-06-03,21.895742
2019-06-04,21.837448
2019-06-05,21.624369
2019-06-06,21.619003
2019-06-07,22.07689
2019-06-08,22.313105
2019-06-09,22.116995
2019-06-10,21.888975
2019-06-11,21.64173
2019-06-12,21.997805
2019-06-13,22.607458
2019-06-14,22.411425
2019-06-15,22.176348
2019-06-16,22.307913
2019-06-17,22.379877
2019-06-18,22.63427
2019-06-19,26.463541
2019-06-20,26.17584
2019-06-21,25.923948
2019-06-22,29.894464
2019-06-23,32.48872
2019-06-24,33.229263
2019-06-25,38.562786
2019-06-26,38.07162
2019-06-27,40.71838
2019-06-28,39.92494
2019-06-29,41.18707
2019-06-30,44.18224
2019-07-01,44.034206
2019-07-02,44.55682
2019-07-03,48.946518
2019-07-04,48.817867
2019-07-05,48.430058
2019-07-06,48.9523
2019-07-07,48.524
2019-07-08,47.67464
2019-07-09,45.68909
2019-07-10,44.248886
2019-07-11,42.877094
2019-07-12,41.811604
2019-07-13,40.569397
2019-07-14,39.212376
2019-07-15,37.75716
2019-07-16,36.28861
2019-07-17,34.565937
2019-07-18,33.401093
2019-07-19,32.20226
2019-07-20,39.20732
2019-07-21,44.093098
2019-07-22,42.11296
2019-07-23,39.17812
2019-07-24,37.76571
2019-07-25,42.121426
2019-07-26,46.60864
2019-07-27,48.539272
2019-07-28,48.537457
2019-07-29,47.593338
2019-07-30,48.690296
2019-07-31,48.398853
2019-08-01,48.4331
2019-08-02,48.142864
2019-08-03,48.56213
2019-08-04,48.359066
2019-08-05,47.949554
2019-08-06,47.7263
2019-08-07,49.01858
2019-08-08,48.989918
2019-08-09,48.676376
2019-08-10,46.721344
2019-08-11,45.6964
2019-08-12,44.936356
2019-08-13,45.340664
2019-08-14,48.626278
2019-08-15,48.634968
2019-08-16,47.688854
2019-08-17,46.189198
2019-08-18,46.060055
2019-08-19,46.671482
2019-08-20,46.2227
2019-08-21,45.626617
2019-08-22,44.678844
2019-08-23,44.451336
2019-08-24,46.55248
2019-08-25,48.91182
2019-08-26,49.21236
2019-08-27,48.336605
2019-08-28,48.091595
2019-08-29,47.009995
2019-08-30,47.2439
2019-08-31,48.008926
2019-09-01,47.875683
2019-09-02,47.121822
2019-09-03,47.469147
2019-09-04,48.552753
2019-09-05,48.363773
2019-09-06,47.92587
2019-09-07,47.451176
2019-09-08,48.6126
2019-09-09,48.922375
2019-09-10,48.743702
2019-09-11,48.2132
2019-09-12,48.63966
2019-09-13,48.93263
2019-09-14,48.74676
2019-09-15,48.2531
2019-09-16,47.83906
2019-09-17,46.897305
2019-09-18,47.272457
2019-09-19,48.1004
2019-09-20,48.030003
2019-09-21,47.963634
2019-09-22,47.704315
2019-09-23,47.711308
2019-09-24,47.324768
2019-09-25,47.68658
2019-09-26,48.51581
2019-09-27,48.693405
2019-09-28,47.98122
2019-09-29,47.16595
2019-09-30,46.961807
2019-10-01,47.411373
2019-10-02,46.22579
2019-10-03,45.45576
2019-10-04,44.660645
2019-10-05,45.096645
2019-10-06,45.367504
2019-10-07,45.1607
2019-10-08,43.830902
2019-10-09,42.420616
2019-10-10,41.377754
2019-10-11,40.33048
2019-10-12,38.928593
2019-10-13,37.44559
2019-10-14,36.114582
2019-10-15,34.94571
2019-10-16,33.551357
2019-10-17,32.21408
2019-10-18,31.36103
2019-10-19,33.985912
2019-10-20,35.556633
2019-10-21,34.38933
2019-10-22,34.8225
2019-10-23,37.7852
2019-10-24,36.916714
2019-10-25,35.9503
2019-10-26,38.737034
2019-10-27,44.848484
2019-10-28,45.31072
2019-10-29,45.523235
2019-10-30,44.258545
2019-10-31,43.304367
2019-11-01,41.92721
2019-11-02,44.385803
2019-11-03,44.56418
2019-11-04,42.922867
2019-11-05,41.378815
2019-11-06,40.925636
2019-11-07,41.345585
2019-11-08,43.134075
2019-11-09,41.123837
2019-11-10,39.408062
2019-11-11,37.894806
2019-11-12,36.71806
2019-11-13,35.668777
2019-11-14,34.487293
2019-11-15,33.432346
2019-11-16,32.619953
2019-11-17,31.630285
2019-11-18,30.976799
2019-11-19,30.355753
2019-11-20,29.996908
2019-11-21,29.6261
2019-11-22,29.132048
2019-11-23,28.850868
2019-11-24,28.337542
2019-11-25,27.997467
2019-11-26,27.63858
2019-11-27,27.385002
2019-11-28,27.28045
2019-11-29,27.033646
2019-11-30,26.951895
2020-06-01,20.524366
2020-06-02,20.78296
2020-06-03,27.49414
2020-06-04,40.639233
2020-06-05,37.49152
2020-06-06,38.18471
2020-06-07,37.630325
2020-06-08,35.821003
2020-06-09,33.452877
2020-06-10,32.251358
2020-06-11,35.6523
2020-06-12,39.48723
2020-06-13,38.45735
2020-06-14,40.908527
2020-06-15,45.358967
2020-06-16,41.474068
2020-06-17,40.130276
2020-06-18,37.852055
2020-06-19,35.781986
2020-06-20,34.33003
2020-06-21,33.016766
2020-06-22,32.77283
2020-06-23,38.40051
2020-06-24,40.845318
2020-06-25,38.414272
2020-06-26,40.609715
2020-06-27,39.504314
2020-06-28,37.45621
2020-06-29,36.700474
2020-06-30,37.185738
2020-07-01,36.357147
2020-07-02,34.570282
2020-07-03,37.66825
2020-07-04,41.20825
2020-07-05,43.320724
2020-07-06,46.332333
2020-07-07,45.200592
2020-07-08,43.32245
2020-07-09,41.979404
2020-07-10,40.51411
2020-07-11,39.49449
2020-07-12,39.7498
2020-07-13,38.72707
2020-07-14,39.01639
2020-07-15,45.2756
2020-07-16,46.747482
2020-07-17,44.76205
2020-07-18,42.72614
2020-07-19,41.0991
2020-07-20,40.08771
2020-07-21,38.943043
2020-07-22,36.94273
2020-07-23,36.916748
2020-07-24,40.726868
2020-07-25,44.140606
2020-07-26,42.693966
2020-07-27,40.43142
2020-07-28,39.423187
2020-07-29,41.727104
2020-07-30,44.531384
2020-07-31,43.81435
2020-08-01,41.755116
2020-08-02,39.703056
2020-08-03,40.054226
2020-08-04,40.20687
2020-08-05,45.14133
2020-08-06,45.749546
2020-08-07,47.875675
2020-08-08,46.699997
2020-08-09,48.52081
2020-08-10,46.481556
2020-08-11,45.397324
2020-08-12,47.95755
2020-08-13,48.999924
2020-08-14,47.737957
2020-08-15,47.534725
2020-08-16,47.602783
2020-08-17,48.22757
2020-08-18,48.649082
2020-08-19,47.831303
2020-08-20,48.059917
2020-08-21,48.574463
2020-08-22,49.17258
2020-08-23,48.91121
2020-08-24,47.434284
2020-08-25,46.03279
2020-08-26,44.97079
2020-08-27,45.26073
2020-08-28,47.04462
2020-08-29,48.7336
2020-08-30,48.208664
2020-08-31,46.465866
2020-09-01,45.132736
2020-09-02,44.26651
2020-09-03,43.552425
2020-09-04,42.226994
2020-09-05,40.85944
2020-09-06,40.24757
2020-09-07,39.38927
2020-09-08,38.463146
2020-09-09,37.48775
2020-09-10,38.55291
2020-09-11,44.4913
2020-09-12,44.651154
2020-09-13,45.726994
2020-09-14,45.611126
2020-09-15,45.625164
2020-09-16,45.58695
2020-09-17,45.849133
2020-09-18,46.770355
2020-09-19,46.292423
2020-09-20,46.797684
2020-09-21,46.69293
2020-09-22,47.896084
2020-09-23,48.468365
2020-09-24,46.74165
2020-09-25,45.3066
2020-09-26,46.08301
2020-09-27,44.47839
2020-09-28,42.92818
2020-09-29,41.819626
2020-09-30,41.02542
2020-10-01,39.934643
2020-10-02,38.37922
2020-10-03,36.629444
2020-10-04,35.153107
2020-10-05,33.808346
2020-10-06,32.70242
2020-10-07,31.54244
2020-10-08,30.55223
2020-10-09,29.752853
2020-10-10,28.91128
2020-10-11,28.224669
2020-10-12,27.478188
2020-10-13,27.070618
2020-10-14,26.557234
2020-10-15,26.126266
2020-10-16,27.02788
2020-10-17,28.488358
2020-10-18,28.901863
2020-10-19,30.293413
2020-10-20,34.113483
2020-10-21,36.056515
2020-10-22,34.358562
2020-10-23,32.71957
2020-10-24,30.896715
2020-10-25,29.700056
2020-10-26,28.684767
2020-10-27,27.79291
2020-10-28,27.386284
2020-10-29,26.831816
2020-10-30,26.52359
2020-10-31,26.400957
2020-11-01,26.083473
2020-11-02,25.868437
2020-11-03,25.722443
2020-11-04,25.574049
2020-11-05,25.510635
2020-11-06,25.253073
2020-11-07,25.01163
2020-11-08,24.74569
2020-11-09,24.70832
2020-11-10,24.629686
2020-11-11,24.658775
2020-11-12,24.63289
2020-11-13,24.188965
2020-11-14,24.104248
2020-11-15,24.03801
2020-11-16,24.227198
2020-11-17,24.512762
2020-11-18,24.52424
2020-11-19,24.619469
2020-11-20,24.579895
2020-11-21,24.72058
2020-11-22,24.874397
2020-11-23,24.622564
2020-11-24,24.551804
2020-11-25,24.41799
2020-11-26,24.553988
2020-11-27,24.637543
2020-11-28,24.588844
2020-11-29,24.31695
2020-11-30,23.966131
2021-06-01,24.930155
2021-06-02,24.734331
2021-06-03,24.581884
2021-06-04,25.302546
2021-06-05,26.107712
2021-06-06,32.20785
2021-06-07,36.462708
2021-06-08,33.799255
2021-06-09,31.735239
2021-06-10,29.917961
2021-06-11,28.613806
2021-06-12,27.84144
2021-06-13,27.001211
2021-06-14,26.141893
2021-06-15,25.727854
2021-06-16,25.288506
2021-06-17,26.089844
2021-06-18,27.804129
2021-06-19,29.253561
2021-06-20,35.055992
2021-06-21,35.85976
2021-06-22,35.2872
2021-06-23,38.259357
2021-06-24,43.874317
2021-06-25,42.410927
2021-06-26,40.935966
2021-06-27,41.568493
2021-06-28,42.55572
2021-06-29,40.11015
2021-06-30,37.954014
2021-07-01,36.283127
2021-07-02,34.768524
2021-07-03,32.786236
2021-07-04,31.151278
2021-07-05,30.494276
2021-07-06,29.514284
2021-07-07,28.468004
2021-07-08,27.551826
2021-07-09,28.933344
2021-07-10,34.920147
2021-07-11,43.73767
2021-07-12,42.368816
2021-07-13,41.747353
2021-07-14,43.306805
2021-07-15,42.223633
2021-07-16,40.04527
2021-07-17,38.291206
2021-07-18,37.158237
2021-07-19,40.311802
2021-07-20,42.676548
2021-07-21,43.120686
2021-07-22,41.772068
2021-07-23,45.195423
2021-07-24,47.162426
2021-07-25,49.30067
2021-07-26,48.21803
2021-07-27,48.594532
2021-07-28,47.445297
2021-07-29,47.998493
2021-07-30,47.4709
2021-07-31,46.39123
2021-08-01,46.12993
2021-08-02,47.74168
2021-08-03,47.083206
2021-08-04,47.015812
2021-08-05,48.12263
2021-08-06,48.38268
2021-08-07,47.831654
2021-08-08,47.116776
2021-08-09,46.80731
2021-08-10,45.36305
2021-08-11,44.487453
2021-08-12,43.85615
2021-08-13,43.194443
2021-08-14,42.460323
2021-08-15,42.116013
2021-08-16,40.96394
2021-08-17,43.772568
2021-08-18,48.501514
2021-08-19,47.77931
2021-08-20,47.051544
2021-08-21,47.82223
2021-08-22,46.987736
2021-08-23,45.93042
2021-08-24,44.909924
2021-08-25,44.207874
2021-08-26,43.391586
2021-08-27,42.722916
2021-08-28,42.0024
2021-08-29,44.084568
2021-08-30,48.19632
2021-08-31,48.05533
2021-09-01,47.950092
2021-09-02,47.662918
2021-09-03,46.0085
2021-09-04,45.487926
2021-09-05,47.80514
2021-09-06,46.59643
2021-09-07,47.576992
2021-09-08,48.049595
2021-09-09,48.167316
2021-09-10,47.665295
2021-09-11,47.776012
2021-09-12,47.21326
2021-09-13,47.02069
2021-09-14,47.782917
2021-09-15,47.856968
2021-09-16,47.65334
2021-09-17,46.99042
2021-09-18,47.37889
2021-09-19,46.669724
2021-09-20,47.64761
2021-09-21,48.112514
2021-09-22,47.6028
2021-09-23,46.979557
2021-09-24,46.87923
2021-09-25,47.83848
2021-09-26,48.602467
2021-09-27,47.993458
2021-09-28,47.67293
2021-09-29,46.98171
2021-09-30,45.85591
2021-10-01,46.377148
2021-10-02,46.457455
2021-10-03,45.824738
2021-10-04,44.740643
2021-10-05,44.00115
2021-10-06,44.454926
2021-10-07,43.576824
2021-10-08,42.271767
2021-10-09,41.110195
2021-10-10,40.148724
2021-10-11,39.322132
2021-10-12,38.326084
2021-10-13,36.896564
2021-10-14,35.35664
2021-10-15,33.738083
2021-10-16,32.692036
2021-10-17,41.421085
2021-10-18,44.961575
2021-10-19,42.01919
2021-10-20,40.023693
2021-10-21,38.331898
2021-10-22,36.754868
2021-10-23,35.317738
2021-10-24,34.373127
2021-10-25,33.567852
2021-10-26,32.95531
2021-10-27,32.145786
2021-10-28,30.906973
2021-10-29,29.877441
2021-10-30,28.957968
2021-10-31,28.242876
2021-11-01,27.411993
2021-11-02,26.750174
2021-11-03,26.320242
2021-11-04,25.897392
2021-11-05,25.425919
2021-11-06,25.043127
2021-11-07,24.718801
2021-11-08,24.290838
2021-11-09,24.072329
2021-11-10,23.862083
2021-11-11,23.769035
2021-11-12,23.512186
2021-11-13,23.328932
2021-11-14,23.107126
2021-11-15,23.030497
2021-11-16,23.13989
2021-11-17,22.888672
2021-11-18,24.128403
2021-11-19,25.674795
2021-11-20,25.45431
2021-11-21,25.081247
2021-11-22,24.69311
2021-11-23,24.226187
2021-11-24,24.189148
2021-11-25,23.994644
2021-11-26,23.70836
2021-11-27,23.585867
2021-11-28,23.49425
2021-11-29,23.45204
2021-11-30,23.727684
2022-06-01,20.730017
2022-06-02,20.897764
2022-06-03,20.689075
2022-06-04,20.375029
2022-06-05,20.304205
2022-06-06,20.231915
2022-06-07,20.132362
2022-06-08,20.15502
2022-06-09,20.211798
2022-06-10,20.24269
2022-06-11,21.533958
2022-06-12,31.993721
2022-06-13,32.057568
2022-06-14,29.707975
2022-06-15,28.009201
2022-06-16,26.967405
2022-06-17,26.772429
2022-06-18,26.321907
2022-06-19,26.966722
2022-06-20,29.017492
2022-06-21,31.593416
2022-06-22,33.257584
2022-06-23,34.88393
2022-06-24,39.224266
2022-06-25,35.6033
2022-06-26,33.159206
2022-06-27,33.319233
2022-06-28,33.375355
2022-06-29,34.273888
2022-06-30,37.67317
2022-07-01,39.980236
2022-07-02,43.060215
2022-07-03,43.417953
2022-07-04,43.480427
2022-07-05,47.263027
2022-07-06,47.489735
2022-07-07,48.13342
2022-07-08,48.499573
2022-07-09,47.580082
2022-07-10,47.780956
2022-07-11,48.6132
2022-07-12,48.137817
2022-07-13,48.765026
2022-07-14,48.45928
2022-07-15,48.267853
2022-07-16,46.52776
2022-07-17,47.073803
2022-07-18,49.004414
2022-07-19,48.475544
2022-07-20,46.870464
2022-07-21,45.43205
2022-07-22,44.729446
2022-07-23,48.05485
2022-07-24,47.869537
2022-07-25,48.374466
2022-07-26,48.112446
2022-07-27,47.93388
2022-07-28,47.272747
2022-07-29,46.0042
2022-07-30,45.506886
2022-07-31,44.41065
2022-08-01,43.495167
2022-08-02,44.23889
2022-08-03,44.96754
2022-08-04,47.357967
2022-08-05,48.004795
2022-08-06,47.20531
2022-08-07,47.292004
2022-08-08,48.077908
2022-08-09,48.40976
2022-08-10,48.939697
2022-08-11,48.09663
2022-08-12,47.09135
2022-08-13,46.38289
2022-08-14,46.30708
2022-08-15,48.734848
2022-08-16,48.940018
2022-08-17,47.1369
2022-08-18,45.90059
2022-08-19,45.130116
2022-08-20,44.749508
2022-08-21,45.759617
2022-08-22,48.684063
2022-08-23,47.71957
2022-08-24,46.26863
2022-08-25,44.884388
2022-08-26,43.907795
2022-08-27,42.550957
2022-08-28,41.542656
2022-08-29,41.504814
2022-08-30,43.6725
2022-08-31,44.782978
2022-09-01,46.966305
2022-09-02,45.978733
2022-09-03,44.36795
2022-09-04,44.743145
2022-09-05,44.522854
2022-09-06,42.92668
2022-09-07,43.971523
2022-09-08,45.078083
2022-09-09,44.888046
2022-09-10,45.868576
2022-09-11,46.83478
2022-09-12,47.781693
2022-09-13,48.30543
2022-09-14,48.56714
2022-09-15,48.890285
2022-09-16,47.869602
2022-09-17,46.195858
2022-09-18,44.46419
2022-09-19,42.98219
2022-09-20,42.234608
2022-09-21,41.005676
2022-09-22,40.49895
2022-09-23,44.673306
2022-09-24,42.58348
2022-09-25,41.28367
2022-09-26,39.94183
2022-09-27,38.84042
2022-09-28,39.35268
2022-09-29,39.10107
2022-09-30,37.647827
2022-10-01,36.320755
2022-10-02,34.98715
2022-10-03,33.53709
2022-10-04,32.343838
2022-10-05,32.18058
2022-10-06,40.295193
2022-10-07,45.833584
2022-10-08,45.809307
2022-10-09,43.970592
2022-10-10,44.446716
2022-10-11,45.620785
2022-10-12,43.054165
2022-10-13,40.651424
2022-10-14,38.539097
2022-10-15,36.567657
2022-10-16,34.76488
2022-10-17,33.366627
2022-10-18,32.643112
2022-10-19,31.891924
2022-10-20,30.567266
2022-10-21,29.580755
2022-10-22,28.327795
2022-10-23,27.427368
2022-10-24,26.737192
2022-10-25,26.146706
2022-10-26,25.525583
2022-10-27,25.054564
2022-10-28,24.649796
2022-10-29,24.267792
2022-10-30,23.9572
2022-10-31,23.703661
2022-11-01,23.541647
2022-11-02,23.411875
2022-11-03,23.27318
2022-11-04,23.173195
2022-11-05,23.156454
2022-11-06,23.118935
2022-11-07,23.29019
2022-11-08,23.62488
2022-11-09,23.672754
2022-11-10,23.492456
2022-11-11,23.43281
2022-11-12,23.285599
2022-11-13,23.378172
2022-11-14,23.395897
2022-11-15,23.377434
2022-11-16,23.317495
2022-11-17,23.237877
2022-11-18,23.334032
2022-11-19,23.386183
2022-11-20,23.324997
2022-11-21,23.298164
2022-11-22,23.387688
2022-11-23,23.537401
2022-11-24,23.732855
2022-11-25,23.645706
2022-11-26,23.675964
2022-11-27,23.628824
2022-11-28,23.602287
2022-11-29,23.584295
2022-11-30,23.599548
