Time,Soil_temp_l1
2000-06-01,33.406986
2000-06-02,34.584484
2000-06-03,33.618217
2000-06-04,33.011135
2000-06-05,32.550938
2000-06-06,32.829178
2000-06-07,31.452112
2000-06-08,29.201769
2000-06-09,30.421272
2000-06-10,31.085764
2000-06-11,31.720484
2000-06-12,31.6818
2000-06-13,31.362349
2000-06-14,31.33544
2000-06-15,31.16542
2000-06-16,32.103626
2000-06-17,32.416203
2000-06-18,32.866337
2000-06-19,32.14775
2000-06-20,30.704767
2000-06-21,30.177795
2000-06-22,30.97786
2000-06-23,31.698553
2000-06-24,32.16557
2000-06-25,32.738647
2000-06-26,33.074738
2000-06-27,33.24864
2000-06-28,32.82953
2000-06-29,31.537008
2000-06-30,30.663801
2000-07-01,29.717237
2000-07-02,28.776785
2000-07-03,28.125574
2000-07-04,29.178492
2000-07-05,29.92399
2000-07-06,30.181803
2000-07-07,29.006964
2000-07-08,28.070135
2000-07-09,26.468903
2000-07-10,26.865097
2000-07-11,26.588587
2000-07-12,26.00445
2000-07-13,25.288233
2000-07-14,25.769247
2000-07-15,25.863756
2000-07-16,25.702286
2000-07-17,25.68013
2000-07-18,25.817429
2000-07-19,26.152634
2000-07-20,24.991386
2000-07-21,25.782537
2000-07-22,25.814497
2000-07-23,26.316696
2000-07-24,26.349854
2000-07-25,26.919928
2000-07-26,27.208046
2000-07-27,26.839355
2000-07-28,26.705912
2000-07-29,26.025543
2000-07-30,26.397074
2000-07-31,27.160784
2000-08-01,27.20162
2000-08-02,27.3935
2000-08-03,27.6766
2000-08-04,28.227106
2000-08-05,28.658213
2000-08-06,29.19996
2000-08-07,29.38764
2000-08-08,29.619398
2000-08-09,29.252176
2000-08-10,27.430063
2000-08-11,27.506683
2000-08-12,26.783762
2000-08-13,26.144472
2000-08-14,26.766321
2000-08-15,26.384506
2000-08-16,26.744453
2000-08-17,26.81389
2000-08-18,27.342844
2000-08-19,26.434904
2000-08-20,25.064178
2000-08-21,25.356852
2000-08-22,26.234228
2000-08-23,27.830256
2000-08-24,28.662474
2000-08-25,29.08344
2000-08-26,29.112091
2000-08-27,27.509115
2000-08-28,27.346786
2000-08-29,26.955734
2000-08-30,26.806974
2000-08-31,26.566437
2000-09-01,26.360537
2000-09-02,26.773722
2000-09-03,26.714401
2000-09-04,26.33938
2000-09-05,25.02773
2000-09-06,24.555437
2000-09-07,25.502607
2000-09-08,25.90206
2000-09-09,25.948929
2000-09-10,25.810415
2000-09-11,26.105566
2000-09-12,26.523726
2000-09-13,27.205175
2000-09-14,28.10563
2000-09-15,28.780119
2000-09-16,29.160097
2000-09-17,29.339941
2000-09-18,29.456223
2000-09-19,29.768509
2000-09-20,30.299858
2000-09-21,31.199762
2000-09-22,31.602898
2000-09-23,31.769907
2000-09-24,31.317307
2000-09-25,30.826803
2000-09-26,30.886286
2000-09-27,31.077188
2000-09-28,31.490274
2000-09-29,31.489159
2000-09-30,31.547647
2000-10-01,30.809336
2000-10-02,30.978973
2000-10-03,30.81778
2000-10-04,31.042982
2000-10-05,31.559645
2000-10-06,32.163113
2000-10-07,31.786474
2000-10-08,31.64869
2000-10-09,31.514292
2000-10-10,31.408625
2000-10-11,31.56603
2000-10-12,31.449015
2000-10-13,30.972692
2000-10-14,30.920141
2000-10-15,30.146029
2000-10-16,28.701447
2000-10-17,28.22532
2000-10-18,28.25032
2000-10-19,28.611567
2000-10-20,29.152033
2000-10-21,29.488947
2000-10-22,29.377241
2000-10-23,29.371195
2000-10-24,28.975739
2000-10-25,29.229065
2000-10-26,28.737198
2000-10-27,27.89917
2000-10-28,26.925652
2000-10-29,27.21424
2000-10-30,27.624456
2000-10-31,27.78015
2000-11-01,27.511587
2000-11-02,27.400978
2000-11-03,27.171412
2000-11-04,27.432764
2000-11-05,27.468933
2000-11-06,26.983582
2000-11-07,26.615496
2000-11-08,26.518799
2000-11-09,26.838598
2000-11-10,27.223906
2000-11-11,27.319742
2000-11-12,26.907637
2000-11-13,26.85084
2000-11-14,26.888214
2000-11-15,26.846033
2000-11-16,26.028152
2000-11-17,25.373072
2000-11-18,25.157114
2000-11-19,24.968002
2000-11-20,23.577316
2000-11-21,23.588995
2000-11-22,24.107376
2000-11-23,25.22889
2000-11-24,25.83949
2000-11-25,25.209778
2000-11-26,24.53276
2000-11-27,24.441706
2000-11-28,23.998877
2000-11-29,23.106863
2000-11-30,22.342392
2001-06-01,34.36294
2001-06-02,34.04456
2001-06-03,33.86202
2001-06-04,33.490734
2001-06-05,33.250244
2001-06-06,33.518845
2001-06-07,33.843994
2001-06-08,33.002872
2001-06-09,31.304596
2001-06-10,31.38485
2001-06-11,32.25427
2001-06-12,31.349617
2001-06-13,29.890602
2001-06-14,27.965155
2001-06-15,26.864655
2001-06-16,26.11435
2001-06-17,25.653046
2001-06-18,26.062983
2001-06-19,27.619322
2001-06-20,28.605621
2001-06-21,28.853418
2001-06-22,28.872368
2001-06-23,29.090082
2001-06-24,29.80088
2001-06-25,29.58493
2001-06-26,29.379602
2001-06-27,29.668184
2001-06-28,29.905922
2001-06-29,29.473969
2001-06-30,27.11646
2001-07-01,26.186813
2001-07-02,25.748955
2001-07-03,26.12713
2001-07-04,26.907867
2001-07-05,27.737572
2001-07-06,28.34111
2001-07-07,28.955017
2001-07-08,28.855677
2001-07-09,28.095423
2001-07-10,26.349325
2001-07-11,26.408155
2001-07-12,26.862543
2001-07-13,26.501503
2001-07-14,26.707293
2001-07-15,26.833235
2001-07-16,26.248865
2001-07-17,25.93505
2001-07-18,26.465185
2001-07-19,26.27353
2001-07-20,26.498362
2001-07-21,25.526064
2001-07-22,25.460505
2001-07-23,26.178247
2001-07-24,26.34767
2001-07-25,26.87263
2001-07-26,27.390676
2001-07-27,27.37589
2001-07-28,27.309645
2001-07-29,27.173853
2001-07-30,26.773203
2001-07-31,27.411112
2001-08-01,27.537598
2001-08-02,27.163483
2001-08-03,27.881247
2001-08-04,28.011694
2001-08-05,27.00007
2001-08-06,27.102743
2001-08-07,26.562609
2001-08-08,26.962626
2001-08-09,27.323471
2001-08-10,27.177588
2001-08-11,27.223867
2001-08-12,26.142601
2001-08-13,26.553595
2001-08-14,26.22687
2001-08-15,26.233946
2001-08-16,25.04274
2001-08-17,24.87818
2001-08-18,25.811722
2001-08-19,26.116465
2001-08-20,25.824652
2001-08-21,26.054548
2001-08-22,26.538778
2001-08-23,26.496347
2001-08-24,26.359152
2001-08-25,26.709677
2001-08-26,26.905737
2001-08-27,26.477875
2001-08-28,26.704264
2001-08-29,26.482038
2001-08-30,26.548615
2001-08-31,26.66983
2001-09-01,26.954107
2001-09-02,27.0636
2001-09-03,27.559061
2001-09-04,27.040186
2001-09-05,26.73527
2001-09-06,27.331055
2001-09-07,27.463959
2001-09-08,28.396204
2001-09-09,28.580862
2001-09-10,28.742426
2001-09-11,28.595087
2001-09-12,28.449524
2001-09-13,28.508232
2001-09-14,28.945631
2001-09-15,29.19924
2001-09-16,29.322662
2001-09-17,29.008963
2001-09-18,29.168228
2001-09-19,29.223135
2001-09-20,29.04715
2001-09-21,29.59072
2001-09-22,30.079737
2001-09-23,30.536753
2001-09-24,30.522402
2001-09-25,30.43604
2001-09-26,30.404963
2001-09-27,30.052397
2001-09-28,29.89762
2001-09-29,29.84818
2001-09-30,30.300043
2001-10-01,30.200165
2001-10-02,29.65827
2001-10-03,29.296206
2001-10-04,28.98639
2001-10-05,28.81733
2001-10-06,28.904146
2001-10-07,28.714914
2001-10-08,29.612326
2001-10-09,29.836578
2001-10-10,28.603577
2001-10-11,27.688583
2001-10-12,27.81482
2001-10-13,28.4121
2001-10-14,28.676474
2001-10-15,28.008194
2001-10-16,26.671127
2001-10-17,26.280054
2001-10-18,25.813583
2001-10-19,26.110804
2001-10-20,26.248877
2001-10-21,26.93194
2001-10-22,27.25889
2001-10-23,27.514694
2001-10-24,27.163153
2001-10-25,27.15113
2001-10-26,27.282104
2001-10-27,27.582201
2001-10-28,27.707886
2001-10-29,27.697975
2001-10-30,27.248934
2001-10-31,27.46527
2001-11-01,27.30163
2001-11-02,27.383162
2001-11-03,27.460962
2001-11-04,27.434023
2001-11-05,27.713264
2001-11-06,27.609495
2001-11-07,27.27799
2001-11-08,26.77655
2001-11-09,25.655935
2001-11-10,24.478449
2001-11-11,23.98461
2001-11-12,23.680014
2001-11-13,23.467215
2001-11-14,23.380789
2001-11-15,23.756348
2001-11-16,25.195145
2001-11-17,26.413834
2001-11-18,26.835524
2001-11-19,26.192606
2001-11-20,24.734156
2001-11-21,23.842733
2001-11-22,23.321472
2001-11-23,23.332952
2001-11-24,22.885794
2001-11-25,22.495346
2001-11-26,21.841438
2001-11-27,21.53826
2001-11-28,21.341171
2001-11-29,21.22682
2001-11-30,20.647152
2002-06-01,34.770283
2002-06-02,34.714077
2002-06-03,34.69259
2002-06-04,33.95366
2002-06-05,33.60998
2002-06-06,34.211933
2002-06-07,34.445557
2002-06-08,35.273518
2002-06-09,36.23836
2002-06-10,35.788757
2002-06-11,36.154938
2002-06-12,35.2907
2002-06-13,34.824543
2002-06-14,33.02202
2002-06-15,33.1869
2002-06-16,34.179478
2002-06-17,33.775738
2002-06-18,32.227238
2002-06-19,32.86456
2002-06-20,32.40189
2002-06-21,31.071182
2002-06-22,31.19874
2002-06-23,31.086761
2002-06-24,28.605112
2002-06-25,28.415327
2002-06-26,28.25149
2002-06-27,28.037565
2002-06-28,26.807394
2002-06-29,26.343668
2002-06-30,27.723852
2002-07-01,28.448252
2002-07-02,28.897497
2002-07-03,28.957458
2002-07-04,28.85642
2002-07-05,29.235306
2002-07-06,29.336115
2002-07-07,29.281122
2002-07-08,29.16036
2002-07-09,29.269377
2002-07-10,29.526587
2002-07-11,29.505463
2002-07-12,29.927826
2002-07-13,30.211557
2002-07-14,30.207785
2002-07-15,30.331144
2002-07-16,30.098755
2002-07-17,30.10582
2002-07-18,28.02302
2002-07-19,26.454628
2002-07-20,26.744646
2002-07-21,25.835693
2002-07-22,27.10853
2002-07-23,27.731726
2002-07-24,28.25657
2002-07-25,27.792633
2002-07-26,27.790743
2002-07-27,27.915632
2002-07-28,28.118097
2002-07-29,28.305845
2002-07-30,28.525263
2002-07-31,29.229485
2002-08-01,27.055717
2002-08-02,27.350327
2002-08-03,26.517508
2002-08-04,26.716986
2002-08-05,25.7851
2002-08-06,25.690094
2002-08-07,26.078947
2002-08-08,25.583345
2002-08-09,25.386187
2002-08-10,26.04885
2002-08-11,25.977442
2002-08-12,25.735937
2002-08-13,25.618324
2002-08-14,26.038324
2002-08-15,25.904356
2002-08-16,24.660975
2002-08-17,24.286524
2002-08-18,24.314032
2002-08-19,24.581053
2002-08-20,24.954947
2002-08-21,25.553604
2002-08-22,26.14395
2002-08-23,26.192823
2002-08-24,25.89795
2002-08-25,25.149658
2002-08-26,25.743204
2002-08-27,26.04453
2002-08-28,25.71615
2002-08-29,25.830053
2002-08-30,25.09791
2002-08-31,25.35327
2002-09-01,26.045578
2002-09-02,26.717646
2002-09-03,25.73094
2002-09-04,24.987284
2002-09-05,25.531553
2002-09-06,26.02301
2002-09-07,25.73855
2002-09-08,24.83992
2002-09-09,25.188639
2002-09-10,25.540445
2002-09-11,26.373255
2002-09-12,26.304785
2002-09-13,25.759409
2002-09-14,25.842499
2002-09-15,26.10119
2002-09-16,26.024889
2002-09-17,25.939363
2002-09-18,26.396585
2002-09-19,26.439814
2002-09-20,27.043737
2002-09-21,27.372538
2002-09-22,27.678848
2002-09-23,27.934618
2002-09-24,27.529795
2002-09-25,27.400259
2002-09-26,27.668852
2002-09-27,28.020899
2002-09-28,27.975687
2002-09-29,27.776178
2002-09-30,27.584295
2002-10-01,27.695913
2002-10-02,27.711264
2002-10-03,27.798807
2002-10-04,27.81925
2002-10-05,28.226334
2002-10-06,28.419779
2002-10-07,28.642395
2002-10-08,28.388329
2002-10-09,28.480085
2002-10-10,28.327204
2002-10-11,27.99909
2002-10-12,27.91659
2002-10-13,27.947441
2002-10-14,27.915243
2002-10-15,27.962326
2002-10-16,26.974161
2002-10-17,27.361982
2002-10-18,28.041407
2002-10-19,27.881386
2002-10-20,27.791464
2002-10-21,28.157242
2002-10-22,27.899529
2002-10-23,27.432304
2002-10-24,27.015678
2002-10-25,26.71351
2002-10-26,25.817932
2002-10-27,25.584518
2002-10-28,25.807043
2002-10-29,25.457129
2002-10-30,25.633316
2002-10-31,26.068533
2002-11-01,26.601273
2002-11-02,26.24708
2002-11-03,25.743134
2002-11-04,26.030798
2002-11-05,25.92199
2002-11-06,25.257284
2002-11-07,24.544348
2002-11-08,24.910583
2002-11-09,24.94059
2002-11-10,25.105484
2002-11-11,24.049948
2002-11-12,24.210192
2002-11-13,24.850042
2002-11-14,24.382605
2002-11-15,24.459337
2002-11-16,24.272787
2002-11-17,23.599716
2002-11-18,23.266626
2002-11-19,23.510813
2002-11-20,23.70726
2002-11-21,23.721558
2002-11-22,23.946291
2002-11-23,23.832762
2002-11-24,23.927057
2002-11-25,24.61067
2002-11-26,24.618917
2002-11-27,24.774454
2002-11-28,24.416227
2002-11-29,23.772085
2002-11-30,22.115234
2003-06-01,37.875713
2003-06-02,38.538998
2003-06-03,37.980648
2003-06-04,37.724957
2003-06-05,36.517925
2003-06-06,36.017426
2003-06-07,35.707672
2003-06-08,35.902134
2003-06-09,36.26509
2003-06-10,36.495262
2003-06-11,36.276398
2003-06-12,36.203117
2003-06-13,36.00056
2003-06-14,35.62292
2003-06-15,34.44797
2003-06-16,33.3643
2003-06-17,31.805449
2003-06-18,31.288279
2003-06-19,28.759054
2003-06-20,27.667665
2003-06-21,27.693695
2003-06-22,26.718086
2003-06-23,27.357801
2003-06-24,27.955774
2003-06-25,28.135239
2003-06-26,27.809494
2003-06-27,29.112875
2003-06-28,28.640732
2003-06-29,28.220839
2003-06-30,28.83645
2003-07-01,28.790373
2003-07-02,27.833685
2003-07-03,29.143791
2003-07-04,28.851051
2003-07-05,28.316841
2003-07-06,28.63675
2003-07-07,27.933249
2003-07-08,27.66825
2003-07-09,28.02844
2003-07-10,28.151407
2003-07-11,27.818499
2003-07-12,27.821264
2003-07-13,28.343882
2003-07-14,28.91926
2003-07-15,27.71572
2003-07-16,26.95043
2003-07-17,28.083374
2003-07-18,28.081673
2003-07-19,28.32733
2003-07-20,27.883583
2003-07-21,27.1757
2003-07-22,27.16664
2003-07-23,25.951681
2003-07-24,26.084135
2003-07-25,26.04416
2003-07-26,27.295507
2003-07-27,25.660353
2003-07-28,25.277405
2003-07-29,26.489166
2003-07-30,26.963343
2003-07-31,27.048346
2003-08-01,27.099792
2003-08-02,26.930573
2003-08-03,25.92024
2003-08-04,25.679377
2003-08-05,26.16536
2003-08-06,27.600729
2003-08-07,27.988281
2003-08-08,28.114832
2003-08-09,27.354364
2003-08-10,27.011597
2003-08-11,26.855148
2003-08-12,26.318289
2003-08-13,26.62832
2003-08-14,26.271677
2003-08-15,26.561853
2003-08-16,26.542631
2003-08-17,26.5979
2003-08-18,26.839357
2003-08-19,26.91575
2003-08-20,27.062922
2003-08-21,27.544825
2003-08-22,27.689646
2003-08-23,26.505762
2003-08-24,24.918755
2003-08-25,25.135706
2003-08-26,25.707865
2003-08-27,25.82807
2003-08-28,25.69493
2003-08-29,26.112534
2003-08-30,25.32969
2003-08-31,25.27627
2003-09-01,25.57637
2003-09-02,25.00944
2003-09-03,25.231913
2003-09-04,25.738916
2003-09-05,25.709543
2003-09-06,25.981756
2003-09-07,25.973307
2003-09-08,26.061487
2003-09-09,25.774902
2003-09-10,26.024698
2003-09-11,26.134356
2003-09-12,26.04283
2003-09-13,26.203272
2003-09-14,26.094477
2003-09-15,24.793467
2003-09-16,25.240728
2003-09-17,25.732931
2003-09-18,25.89353
2003-09-19,26.041712
2003-09-20,25.807539
2003-09-21,25.197533
2003-09-22,25.762396
2003-09-23,25.745079
2003-09-24,26.175207
2003-09-25,26.564484
2003-09-26,27.04701
2003-09-27,27.171202
2003-09-28,26.010193
2003-09-29,26.133936
2003-09-30,26.87568
2003-10-01,27.162378
2003-10-02,26.880419
2003-10-03,26.609884
2003-10-04,25.210854
2003-10-05,24.77627
2003-10-06,25.63845
2003-10-07,26.617203
2003-10-08,26.586197
2003-10-09,26.932037
2003-10-10,26.609514
2003-10-11,26.489462
2003-10-12,25.854254
2003-10-13,25.233133
2003-10-14,25.043524
2003-10-15,24.91452
2003-10-16,24.433386
2003-10-17,24.58639
2003-10-18,25.651945
2003-10-19,25.875854
2003-10-20,25.678284
2003-10-21,24.141752
2003-10-22,24.02691
2003-10-23,24.5307
2003-10-24,23.83931
2003-10-25,23.4479
2003-10-26,23.555237
2003-10-27,24.185448
2003-10-28,24.768364
2003-10-29,26.05683
2003-10-30,27.230042
2003-10-31,27.515429
2003-11-01,26.868643
2003-11-02,26.976616
2003-11-03,27.165888
2003-11-04,26.725199
2003-11-05,26.14842
2003-11-06,26.037397
2003-11-07,25.723053
2003-11-08,25.525986
2003-11-09,25.55104
2003-11-10,25.271149
2003-11-11,24.459412
2003-11-12,23.826517
2003-11-13,23.501566
2003-11-14,23.463308
2003-11-15,23.515139
2003-11-16,23.732452
2003-11-17,24.377077
2003-11-18,25.079239
2003-11-19,24.911676
2003-11-20,24.950417
2003-11-21,24.611185
2003-11-22,24.175568
2003-11-23,24.227411
2003-11-24,24.385523
2003-11-25,24.348421
2003-11-26,24.550064
2003-11-27,25.013306
2003-11-28,25.086767
2003-11-29,24.940695
2003-11-30,24.314127
2004-06-01,37.15563
2004-06-02,36.881092
2004-06-03,36.776524
2004-06-04,36.273148
2004-06-05,36.043087
2004-06-06,35.758293
2004-06-07,35.21574
2004-06-08,33.35014
2004-06-09,30.975983
2004-06-10,31.669558
2004-06-11,31.727503
2004-06-12,30.297926
2004-06-13,31.049835
2004-06-14,30.394867
2004-06-15,28.902618
2004-06-16,27.849054
2004-06-17,28.34344
2004-06-18,28.117208
2004-06-19,29.34957
2004-06-20,29.49559
2004-06-21,29.916655
2004-06-22,29.844152
2004-06-23,29.83541
2004-06-24,30.013437
2004-06-25,29.81088
2004-06-26,30.188692
2004-06-27,30.223959
2004-06-28,30.549873
2004-06-29,30.522024
2004-06-30,30.601313
2004-07-01,30.392027
2004-07-02,30.13285
2004-07-03,30.547525
2004-07-04,29.434267
2004-07-05,28.908396
2004-07-06,28.404787
2004-07-07,27.958078
2004-07-08,27.77093
2004-07-09,28.791231
2004-07-10,29.023445
2004-07-11,29.71369
2004-07-12,30.026693
2004-07-13,30.309732
2004-07-14,30.423487
2004-07-15,30.77192
2004-07-16,29.998428
2004-07-17,26.98731
2004-07-18,27.53305
2004-07-19,27.872183
2004-07-20,28.88385
2004-07-21,28.819008
2004-07-22,29.02836
2004-07-23,29.416664
2004-07-24,29.051764
2004-07-25,27.615679
2004-07-26,25.78483
2004-07-27,25.074461
2004-07-28,25.413727
2004-07-29,26.38494
2004-07-30,25.357431
2004-07-31,24.052542
2004-08-01,24.787764
2004-08-02,25.874537
2004-08-03,25.96959
2004-08-04,27.807999
2004-08-05,26.741735
2004-08-06,25.540047
2004-08-07,25.636587
2004-08-08,25.544878
2004-08-09,25.16271
2004-08-10,24.598518
2004-08-11,24.570795
2004-08-12,24.231157
2004-08-13,25.092218
2004-08-14,24.314507
2004-08-15,24.183115
2004-08-16,24.01918
2004-08-17,25.700293
2004-08-18,26.167414
2004-08-19,26.330317
2004-08-20,26.175255
2004-08-21,25.954245
2004-08-22,25.059027
2004-08-23,24.160294
2004-08-24,24.16329
2004-08-25,24.948156
2004-08-26,25.814087
2004-08-27,25.8497
2004-08-28,26.081644
2004-08-29,26.354029
2004-08-30,26.275126
2004-08-31,26.137695
2004-09-01,26.404322
2004-09-02,27.149323
2004-09-03,27.312357
2004-09-04,27.659388
2004-09-05,27.506548
2004-09-06,27.927504
2004-09-07,28.8532
2004-09-08,29.046106
2004-09-09,28.502275
2004-09-10,27.205637
2004-09-11,26.722277
2004-09-12,27.386435
2004-09-13,27.697119
2004-09-14,27.929468
2004-09-15,27.747078
2004-09-16,27.973719
2004-09-17,28.390924
2004-09-18,28.593313
2004-09-19,29.041534
2004-09-20,28.751474
2004-09-21,29.003815
2004-09-22,29.178831
2004-09-23,29.508005
2004-09-24,29.308823
2004-09-25,28.653265
2004-09-26,29.19076
2004-09-27,29.553396
2004-09-28,29.915512
2004-09-29,29.935148
2004-09-30,29.397978
2004-10-01,29.65124
2004-10-02,28.761261
2004-10-03,28.956457
2004-10-04,28.580702
2004-10-05,28.38355
2004-10-06,28.062597
2004-10-07,27.734034
2004-10-08,27.749496
2004-10-09,28.19132
2004-10-10,28.363419
2004-10-11,27.614075
2004-10-12,27.053246
2004-10-13,27.262186
2004-10-14,26.823715
2004-10-15,25.968615
2004-10-16,25.757454
2004-10-17,25.722979
2004-10-18,25.555166
2004-10-19,25.925848
2004-10-20,26.021616
2004-10-21,26.20353
2004-10-22,26.382225
2004-10-23,26.450363
2004-10-24,26.546457
2004-10-25,26.393555
2004-10-26,26.154821
2004-10-27,26.09928
2004-10-28,25.828485
2004-10-29,25.374903
2004-10-30,25.360064
2004-10-31,25.452524
2004-11-01,25.212473
2004-11-02,25.078432
2004-11-03,25.316797
2004-11-04,25.011995
2004-11-05,23.744776
2004-11-06,23.511583
2004-11-07,24.17547
2004-11-08,24.721735
2004-11-09,25.780615
2004-11-10,26.48498
2004-11-11,26.885902
2004-11-12,26.585413
2004-11-13,26.277964
2004-11-14,26.478874
2004-11-15,25.817896
2004-11-16,25.114943
2004-11-17,25.142862
2004-11-18,24.287338
2004-11-19,24.385279
2004-11-20,24.44046
2004-11-21,24.22886
2004-11-22,24.148996
2004-11-23,24.024668
2004-11-24,23.730982
2004-11-25,23.866669
2004-11-26,23.811264
2004-11-27,23.870626
2004-11-28,23.911749
2004-11-29,22.843546
2004-11-30,21.879557
2005-06-01,37.95835
2005-06-02,37.796825
2005-06-03,37.009735
2005-06-04,36.562313
2005-06-05,37.074753
2005-06-06,37.13149
2005-06-07,36.55408
2005-06-08,36.648697
2005-06-09,35.859978
2005-06-10,35.522945
2005-06-11,36.137917
2005-06-12,36.043346
2005-06-13,35.438576
2005-06-14,35.045788
2005-06-15,35.765812
2005-06-16,36.174824
2005-06-17,36.44966
2005-06-18,36.4993
2005-06-19,35.558353
2005-06-20,35.41064
2005-06-21,35.039284
2005-06-22,34.909073
2005-06-23,33.2177
2005-06-24,30.932703
2005-06-25,30.175781
2005-06-26,28.792578
2005-06-27,27.562378
2005-06-28,27.583717
2005-06-29,27.526993
2005-06-30,27.784798
2005-07-01,27.017141
2005-07-02,26.649668
2005-07-03,26.740112
2005-07-04,27.06524
2005-07-05,27.115442
2005-07-06,28.066177
2005-07-07,28.547363
2005-07-08,27.850794
2005-07-09,27.86828
2005-07-10,28.512512
2005-07-11,28.193258
2005-07-12,27.326468
2005-07-13,28.223097
2005-07-14,28.065042
2005-07-15,27.528183
2005-07-16,27.973078
2005-07-17,28.108679
2005-07-18,29.399466
2005-07-19,29.957205
2005-07-20,29.437464
2005-07-21,29.514702
2005-07-22,29.478003
2005-07-23,29.950592
2005-07-24,29.523367
2005-07-25,27.001116
2005-07-26,27.06186
2005-07-27,26.083364
2005-07-28,25.343344
2005-07-29,26.262781
2005-07-30,27.085154
2005-07-31,26.308176
2005-08-01,25.624817
2005-08-02,25.77337
2005-08-03,25.267172
2005-08-04,25.443232
2005-08-05,25.409561
2005-08-06,25.821121
2005-08-07,26.316175
2005-08-08,26.674566
2005-08-09,26.808874
2005-08-10,26.869883
2005-08-11,26.664038
2005-08-12,26.656372
2005-08-13,27.488089
2005-08-14,27.242065
2005-08-15,27.677208
2005-08-16,26.31141
2005-08-17,26.518103
2005-08-18,27.151499
2005-08-19,26.169312
2005-08-20,26.214697
2005-08-21,26.489878
2005-08-22,26.796814
2005-08-23,26.41028
2005-08-24,26.465406
2005-08-25,26.590246
2005-08-26,26.411331
2005-08-27,26.88031
2005-08-28,27.408188
2005-08-29,28.079712
2005-08-30,28.538347
2005-08-31,28.440832
2005-09-01,28.855207
2005-09-02,29.316736
2005-09-03,29.829712
2005-09-04,28.657324
2005-09-05,29.041967
2005-09-06,28.51539
2005-09-07,27.447104
2005-09-08,28.869797
2005-09-09,28.87941
2005-09-10,28.69867
2005-09-11,27.57812
2005-09-12,28.200285
2005-09-13,27.895422
2005-09-14,26.646048
2005-09-15,26.181376
2005-09-16,25.958555
2005-09-17,25.54014
2005-09-18,24.799652
2005-09-19,25.493225
2005-09-20,27.508528
2005-09-21,27.539366
2005-09-22,27.04864
2005-09-23,26.026184
2005-09-24,24.994883
2005-09-25,25.806498
2005-09-26,25.507334
2005-09-27,25.605692
2005-09-28,25.94166
2005-09-29,26.40368
2005-09-30,27.061514
2005-10-01,27.608068
2005-10-02,27.32308
2005-10-03,27.101389
2005-10-04,26.896017
2005-10-05,26.749456
2005-10-06,26.82634
2005-10-07,26.270836
2005-10-08,26.150377
2005-10-09,26.20082
2005-10-10,26.45667
2005-10-11,26.631247
2005-10-12,26.660812
2005-10-13,27.045141
2005-10-14,26.670822
2005-10-15,26.413687
2005-10-16,26.98406
2005-10-17,27.89293
2005-10-18,27.572067
2005-10-19,26.81219
2005-10-20,26.287872
2005-10-21,25.855865
2005-10-22,25.226568
2005-10-23,25.913427
2005-10-24,26.313791
2005-10-25,26.627884
2005-10-26,26.793625
2005-10-27,25.448446
2005-10-28,24.727827
2005-10-29,24.172333
2005-10-30,23.322134
2005-10-31,23.356339
2005-11-01,23.498627
2005-11-02,23.538124
2005-11-03,23.646347
2005-11-04,23.567606
2005-11-05,23.155489
2005-11-06,23.039831
2005-11-07,23.200705
2005-11-08,22.74912
2005-11-09,21.905073
2005-11-10,22.00873
2005-11-11,22.086647
2005-11-12,22.379923
2005-11-13,22.681738
2005-11-14,22.371262
2005-11-15,22.227074
2005-11-16,22.430426
2005-11-17,23.003593
2005-11-18,22.601633
2005-11-19,22.392616
2005-11-20,22.188402
2005-11-21,21.79718
2005-11-22,21.603056
2005-11-23,21.520655
2005-11-24,21.759985
2005-11-25,21.877548
2005-11-26,22.213099
2005-11-27,22.613565
2005-11-28,22.451826
2005-11-29,22.448137
2005-11-30,22.672403
2006-06-01,33.92396
2006-06-02,30.48323
2006-06-03,29.93379
2006-06-04,31.169817
2006-06-05,31.951166
2006-06-06,32.39598
2006-06-07,32.90613
2006-06-08,33.63806
2006-06-09,34.124897
2006-06-10,34.36906
2006-06-11,33.995617
2006-06-12,33.56708
2006-06-13,33.69167
2006-06-14,34.344208
2006-06-15,34.75254
2006-06-16,34.837708
2006-06-17,35.109657
2006-06-18,34.663837
2006-06-19,32.88936
2006-06-20,33.11779
2006-06-21,34.005505
2006-06-22,34.742115
2006-06-23,33.94991
2006-06-24,32.527683
2006-06-25,31.64328
2006-06-26,32.036144
2006-06-27,31.12126
2006-06-28,29.929115
2006-06-29,28.27926
2006-06-30,28.754745
2006-07-01,29.669287
2006-07-02,30.088165
2006-07-03,29.425165
2006-07-04,29.420008
2006-07-05,26.881372
2006-07-06,26.89641
2006-07-07,27.809685
2006-07-08,28.13591
2006-07-09,27.17011
2006-07-10,27.544296
2006-07-11,27.18953
2006-07-12,26.9201
2006-07-13,27.525177
2006-07-14,27.877974
2006-07-15,28.367483
2006-07-16,28.498945
2006-07-17,26.427958
2006-07-18,25.428812
2006-07-19,25.138357
2006-07-20,25.116186
2006-07-21,24.668344
2006-07-22,24.838247
2006-07-23,26.10919
2006-07-24,26.798414
2006-07-25,26.729273
2006-07-26,26.951456
2006-07-27,26.157381
2006-07-28,24.721994
2006-07-29,24.708838
2006-07-30,24.845686
2006-07-31,24.492727
2006-08-01,24.706217
2006-08-02,25.276236
2006-08-03,25.353155
2006-08-04,25.586807
2006-08-05,26.058838
2006-08-06,25.63035
2006-08-07,24.807184
2006-08-08,24.494455
2006-08-09,24.865026
2006-08-10,24.640928
2006-08-11,25.276281
2006-08-12,26.239813
2006-08-13,26.38942
2006-08-14,24.874994
2006-08-15,24.579
2006-08-16,25.515654
2006-08-17,26.449259
2006-08-18,24.537613
2006-08-19,25.345007
2006-08-20,26.01951
2006-08-21,25.8888
2006-08-22,26.253601
2006-08-23,26.256048
2006-08-24,25.226974
2006-08-25,25.992334
2006-08-26,25.972712
2006-08-27,25.649393
2006-08-28,25.807505
2006-08-29,26.02855
2006-08-30,26.149
2006-08-31,24.12001
2006-09-01,23.955534
2006-09-02,25.638693
2006-09-03,26.13791
2006-09-04,26.97
2006-09-05,27.194618
2006-09-06,24.817839
2006-09-07,26.09526
2006-09-08,26.96605
2006-09-09,27.604437
2006-09-10,28.146677
2006-09-11,28.508234
2006-09-12,28.366068
2006-09-13,27.933441
2006-09-14,27.746363
2006-09-15,27.423523
2006-09-16,28.078232
2006-09-17,28.56305
2006-09-18,28.31674
2006-09-19,27.623032
2006-09-20,27.307358
2006-09-21,26.788744
2006-09-22,27.152603
2006-09-23,27.462845
2006-09-24,27.635931
2006-09-25,27.603888
2006-09-26,27.314224
2006-09-27,27.253054
2006-09-28,27.354055
2006-09-29,27.790293
2006-09-30,27.215454
2006-10-01,26.947525
2006-10-02,27.810654
2006-10-03,28.313345
2006-10-04,28.64
2006-10-05,28.44938
2006-10-06,27.946772
2006-10-07,27.101828
2006-10-08,26.786215
2006-10-09,26.512558
2006-10-10,26.55776
2006-10-11,26.697823
2006-10-12,26.856842
2006-10-13,26.839218
2006-10-14,26.876257
2006-10-15,26.738098
2006-10-16,26.88326
2006-10-17,27.171515
2006-10-18,27.020248
2006-10-19,26.827377
2006-10-20,26.470865
2006-10-21,26.65764
2006-10-22,26.510473
2006-10-23,26.194082
2006-10-24,25.761414
2006-10-25,25.280443
2006-10-26,25.556137
2006-10-27,25.467493
2006-10-28,25.06726
2006-10-29,25.558218
2006-10-30,26.025663
2006-10-31,25.692125
2006-11-01,25.760351
2006-11-02,26.177362
2006-11-03,26.1026
2006-11-04,25.850128
2006-11-05,25.898775
2006-11-06,25.649038
2006-11-07,25.278662
2006-11-08,24.030485
2006-11-09,23.740725
2006-11-10,23.684603
2006-11-11,23.17367
2006-11-12,23.089157
2006-11-13,23.273476
2006-11-14,23.432974
2006-11-15,23.20243
2006-11-16,22.834341
2006-11-17,22.53122
2006-11-18,22.192053
2006-11-19,22.25617
2006-11-20,22.552322
2006-11-21,22.941545
2006-11-22,22.517397
2006-11-23,23.17665
2006-11-24,22.652342
2006-11-25,22.173162
2006-11-26,21.321444
2006-11-27,21.591743
2006-11-28,22.914827
2006-11-29,23.267029
2006-11-30,23.072607
2007-06-01,37.43596
2007-06-02,36.26019
2007-06-03,34.9334
2007-06-04,34.8738
2007-06-05,34.67145
2007-06-06,35.377216
2007-06-07,35.747593
2007-06-08,36.44241
2007-06-09,36.000828
2007-06-10,35.81982
2007-06-11,35.847
2007-06-12,36.099277
2007-06-13,35.803593
2007-06-14,34.218678
2007-06-15,30.943365
2007-06-16,31.200525
2007-06-17,32.144505
2007-06-18,31.840647
2007-06-19,31.542727
2007-06-20,30.932299
2007-06-21,31.638403
2007-06-22,32.70076
2007-06-23,31.418512
2007-06-24,29.048868
2007-06-25,27.906675
2007-06-26,29.638186
2007-06-27,29.632708
2007-06-28,29.132402
2007-06-29,30.715338
2007-06-30,28.844734
2007-07-01,27.426895
2007-07-02,25.766409
2007-07-03,25.681732
2007-07-04,26.0977
2007-07-05,27.02503
2007-07-06,27.06156
2007-07-07,25.578379
2007-07-08,24.981453
2007-07-09,24.457062
2007-07-10,25.202261
2007-07-11,26.867775
2007-07-12,27.492529
2007-07-13,27.777826
2007-07-14,27.683372
2007-07-15,27.853607
2007-07-16,28.126692
2007-07-17,27.960459
2007-07-18,28.22524
2007-07-19,28.525446
2007-07-20,28.13891
2007-07-21,27.983452
2007-07-22,28.680748
2007-07-23,29.602007
2007-07-24,29.473307
2007-07-25,28.833563
2007-07-26,28.178778
2007-07-27,27.637037
2007-07-28,27.020685
2007-07-29,26.804306
2007-07-30,27.48467
2007-07-31,28.369593
2007-08-01,28.046183
2007-08-02,27.215097
2007-08-03,26.583155
2007-08-04,26.432745
2007-08-05,26.549204
2007-08-06,26.408224
2007-08-07,26.06318
2007-08-08,25.2992
2007-08-09,25.922653
2007-08-10,26.540213
2007-08-11,26.22925
2007-08-12,26.515787
2007-08-13,26.07187
2007-08-14,25.189758
2007-08-15,25.55247
2007-08-16,26.313757
2007-08-17,26.590836
2007-08-18,26.387543
2007-08-19,26.898361
2007-08-20,26.823837
2007-08-21,25.23761
2007-08-22,26.344673
2007-08-23,26.922094
2007-08-24,27.226633
2007-08-25,28.12425
2007-08-26,27.553732
2007-08-27,26.76486
2007-08-28,26.624193
2007-08-29,26.55615
2007-08-30,26.959703
2007-08-31,27.32102
2007-09-01,27.149374
2007-09-02,27.17945
2007-09-03,26.908365
2007-09-04,27.21668
2007-09-05,27.630676
2007-09-06,26.018732
2007-09-07,26.281355
2007-09-08,26.763596
2007-09-09,27.104757
2007-09-10,27.181204
2007-09-11,27.495123
2007-09-12,27.658508
2007-09-13,27.82823
2007-09-14,27.663351
2007-09-15,27.230408
2007-09-16,27.120924
2007-09-17,27.806496
2007-09-18,28.33403
2007-09-19,28.186869
2007-09-20,26.990341
2007-09-21,27.169678
2007-09-22,27.685127
2007-09-23,27.922483
2007-09-24,27.50531
2007-09-25,26.495386
2007-09-26,27.230185
2007-09-27,27.310577
2007-09-28,26.485031
2007-09-29,27.293058
2007-09-30,27.021484
2007-10-01,26.686556
2007-10-02,26.477386
2007-10-03,26.325037
2007-10-04,26.121038
2007-10-05,26.24054
2007-10-06,25.993063
2007-10-07,25.5754
2007-10-08,25.456106
2007-10-09,25.881998
2007-10-10,25.881058
2007-10-11,26.616926
2007-10-12,26.290045
2007-10-13,25.534906
2007-10-14,24.946638
2007-10-15,24.567972
2007-10-16,24.893875
2007-10-17,25.221079
2007-10-18,24.959478
2007-10-19,24.660109
2007-10-20,24.672064
2007-10-21,24.593666
2007-10-22,24.731878
2007-10-23,24.19251
2007-10-24,24.752625
2007-10-25,24.97714
2007-10-26,24.655518
2007-10-27,24.906061
2007-10-28,25.096975
2007-10-29,25.209417
2007-10-30,25.033297
2007-10-31,25.931616
2007-11-01,27.451197
2007-11-02,27.51235
2007-11-03,27.298258
2007-11-04,27.90114
2007-11-05,27.759644
2007-11-06,26.875032
2007-11-07,26.44324
2007-11-08,26.530298
2007-11-09,26.263006
2007-11-10,25.927908
2007-11-11,25.676466
2007-11-12,25.778498
2007-11-13,25.52742
2007-11-14,25.115149
2007-11-15,24.33764
2007-11-16,23.420801
2007-11-17,22.671515
2007-11-18,22.209625
2007-11-19,22.196688
2007-11-20,21.093746
2007-11-21,20.969152
2007-11-22,21.148058
2007-11-23,21.34971
2007-11-24,21.29065
2007-11-25,21.017471
2007-11-26,20.700947
2007-11-27,20.574629
2007-11-28,20.690203
2007-11-29,21.506777
2007-11-30,21.965124
2008-06-01,35.28009
2008-06-02,35.259296
2008-06-03,35.125797
2008-06-04,35.56766
2008-06-05,34.81537
2008-06-06,33.408413
2008-06-07,32.13059
2008-06-08,33.085747
2008-06-09,32.340908
2008-06-10,30.297628
2008-06-11,28.44442
2008-06-12,27.882555
2008-06-13,28.304146
2008-06-14,28.22683
2008-06-15,28.523422
2008-06-16,29.575058
2008-06-17,28.677912
2008-06-18,28.999779
2008-06-19,28.044165
2008-06-20,27.25776
2008-06-21,28.946218
2008-06-22,30.162546
2008-06-23,30.614182
2008-06-24,30.190268
2008-06-25,29.85877
2008-06-26,28.61566
2008-06-27,28.902664
2008-06-28,27.519266
2008-06-29,27.344553
2008-06-30,28.069784
2008-07-01,28.05748
2008-07-02,27.915552
2008-07-03,27.71879
2008-07-04,27.465982
2008-07-05,28.103638
2008-07-06,28.22149
2008-07-07,27.388407
2008-07-08,26.482855
2008-07-09,25.623116
2008-07-10,24.979446
2008-07-11,24.639368
2008-07-12,25.828592
2008-07-13,26.435865
2008-07-14,26.495947
2008-07-15,27.169891
2008-07-16,27.697235
2008-07-17,27.594864
2008-07-18,27.859573
2008-07-19,27.800089
2008-07-20,28.177782
2008-07-21,28.225103
2008-07-22,28.56102
2008-07-23,28.575045
2008-07-24,28.648504
2008-07-25,28.393839
2008-07-26,27.798569
2008-07-27,25.975554
2008-07-28,26.713669
2008-07-29,26.50097
2008-07-30,25.812256
2008-07-31,25.740578
2008-08-01,25.650154
2008-08-02,26.366858
2008-08-03,26.527487
2008-08-04,26.390017
2008-08-05,25.965195
2008-08-06,25.628225
2008-08-07,25.89266
2008-08-08,25.60395
2008-08-09,25.60258
2008-08-10,25.143011
2008-08-11,25.662415
2008-08-12,25.648912
2008-08-13,25.685892
2008-08-14,25.72468
2008-08-15,26.134277
2008-08-16,25.90365
2008-08-17,25.931427
2008-08-18,25.868326
2008-08-19,25.839762
2008-08-20,25.66629
2008-08-21,25.564184
2008-08-22,25.934494
2008-08-23,26.43598
2008-08-24,27.247591
2008-08-25,26.383947
2008-08-26,26.073135
2008-08-27,25.559408
2008-08-28,26.251562
2008-08-29,26.772074
2008-08-30,26.717667
2008-08-31,27.437494
2008-09-01,28.211014
2008-09-02,28.599802
2008-09-03,28.8302
2008-09-04,28.395996
2008-09-05,27.48321
2008-09-06,27.182327
2008-09-07,27.651224
2008-09-08,27.03737
2008-09-09,26.65153
2008-09-10,26.808533
2008-09-11,26.988869
2008-09-12,27.488165
2008-09-13,27.052597
2008-09-14,26.77568
2008-09-15,26.070673
2008-09-16,26.070005
2008-09-17,25.999186
2008-09-18,25.691061
2008-09-19,26.012625
2008-09-20,25.704657
2008-09-21,26.982386
2008-09-22,26.124008
2008-09-23,26.122461
2008-09-24,26.768677
2008-09-25,26.852186
2008-09-26,26.05393
2008-09-27,25.786728
2008-09-28,25.335129
2008-09-29,25.611437
2008-09-30,26.254873
2008-10-01,27.301079
2008-10-02,27.748466
2008-10-03,28.432714
2008-10-04,28.082045
2008-10-05,27.633154
2008-10-06,27.711115
2008-10-07,27.493248
2008-10-08,27.131433
2008-10-09,27.939438
2008-10-10,27.803595
2008-10-11,27.64038
2008-10-12,27.310095
2008-10-13,26.992514
2008-10-14,26.819487
2008-10-15,27.43457
2008-10-16,27.437948
2008-10-17,26.791977
2008-10-18,27.071001
2008-10-19,26.554718
2008-10-20,26.193033
2008-10-21,25.553717
2008-10-22,25.25051
2008-10-23,25.30013
2008-10-24,25.301687
2008-10-25,25.146515
2008-10-26,25.447922
2008-10-27,25.410215
2008-10-28,25.48789
2008-10-29,25.714525
2008-10-30,26.11315
2008-10-31,25.953201
2008-11-01,25.64715
2008-11-02,25.07876
2008-11-03,25.01592
2008-11-04,25.289846
2008-11-05,25.08132
2008-11-06,24.659838
2008-11-07,24.385504
2008-11-08,24.363176
2008-11-09,24.161749
2008-11-10,24.125694
2008-11-11,24.01681
2008-11-12,24.043646
2008-11-13,24.344358
2008-11-14,25.131384
2008-11-15,24.921951
2008-11-16,24.704262
2008-11-17,25.739828
2008-11-18,26.064278
2008-11-19,26.131912
2008-11-20,25.582094
2008-11-21,24.005674
2008-11-22,23.077545
2008-11-23,22.216223
2008-11-24,21.700796
2008-11-25,21.679413
2008-11-26,21.655893
2008-11-27,21.460253
2008-11-28,21.612875
2008-11-29,22.636908
2008-11-30,23.777527
2009-06-01,34.757328
2009-06-02,35.144653
2009-06-03,35.39244
2009-06-04,35.7905
2009-06-05,35.74347
2009-06-06,35.683743
2009-06-07,35.73431
2009-06-08,35.60328
2009-06-09,35.968903
2009-06-10,36.02022
2009-06-11,35.909557
2009-06-12,35.379944
2009-06-13,35.572445
2009-06-14,35.29295
2009-06-15,35.008762
2009-06-16,34.822903
2009-06-17,35.86404
2009-06-18,35.816875
2009-06-19,36.393555
2009-06-20,35.874615
2009-06-21,34.324024
2009-06-22,34.298733
2009-06-23,33.498554
2009-06-24,33.9732
2009-06-25,33.525192
2009-06-26,32.705616
2009-06-27,31.582357
2009-06-28,30.51748
2009-06-29,29.677042
2009-06-30,30.36172
2009-07-01,31.64676
2009-07-02,30.722687
2009-07-03,30.387075
2009-07-04,30.23842
2009-07-05,29.874512
2009-07-06,30.593573
2009-07-07,31.185461
2009-07-08,29.224482
2009-07-09,27.796005
2009-07-10,27.220549
2009-07-11,27.88006
2009-07-12,28.489077
2009-07-13,27.999756
2009-07-14,27.508642
2009-07-15,27.13288
2009-07-16,26.25383
2009-07-17,26.63725
2009-07-18,26.849518
2009-07-19,27.19058
2009-07-20,26.581093
2009-07-21,25.51219
2009-07-22,25.36467
2009-07-23,25.133886
2009-07-24,26.305063
2009-07-25,26.770811
2009-07-26,26.145853
2009-07-27,26.535797
2009-07-28,26.704107
2009-07-29,26.893265
2009-07-30,27.379816
2009-07-31,27.453333
2009-08-01,27.224813
2009-08-02,27.25634
2009-08-03,27.479284
2009-08-04,27.47702
2009-08-05,26.95371
2009-08-06,26.875353
2009-08-07,27.078356
2009-08-08,27.415155
2009-08-09,27.411573
2009-08-10,27.541666
2009-08-11,27.987173
2009-08-12,26.613775
2009-08-13,26.996498
2009-08-14,27.173384
2009-08-15,26.949514
2009-08-16,26.878176
2009-08-17,27.489145
2009-08-18,27.821915
2009-08-19,28.54278
2009-08-20,28.688248
2009-08-21,28.231636
2009-08-22,28.055336
2009-08-23,28.264421
2009-08-24,28.38794
2009-08-25,27.89267
2009-08-26,26.046762
2009-08-27,26.121618
2009-08-28,25.426086
2009-08-29,24.753954
2009-08-30,26.518684
2009-08-31,27.167795
2009-09-01,27.772673
2009-09-02,27.035482
2009-09-03,25.868704
2009-09-04,25.936691
2009-09-05,26.708061
2009-09-06,27.010126
2009-09-07,27.62443
2009-09-08,27.828117
2009-09-09,26.584677
2009-09-10,26.474525
2009-09-11,27.00627
2009-09-12,27.544449
2009-09-13,28.286367
2009-09-14,28.398504
2009-09-15,27.920563
2009-09-16,27.60612
2009-09-17,28.074057
2009-09-18,28.291208
2009-09-19,28.641485
2009-09-20,28.96969
2009-09-21,28.921951
2009-09-22,29.171446
2009-09-23,29.30252
2009-09-24,29.25591
2009-09-25,29.20942
2009-09-26,29.15518
2009-09-27,29.306509
2009-09-28,29.670141
2009-09-29,30.16025
2009-09-30,30.313232
2009-10-01,30.43902
2009-10-02,30.953104
2009-10-03,29.268972
2009-10-04,27.483988
2009-10-05,25.583906
2009-10-06,26.82894
2009-10-07,27.070658
2009-10-08,26.420282
2009-10-09,25.96638
2009-10-10,26.189672
2009-10-11,26.030909
2009-10-12,26.229376
2009-10-13,26.167662
2009-10-14,26.266748
2009-10-15,26.156557
2009-10-16,25.797464
2009-10-17,25.550528
2009-10-18,25.367247
2009-10-19,25.38553
2009-10-20,25.077963
2009-10-21,24.772415
2009-10-22,24.639069
2009-10-23,24.509964
2009-10-24,24.448996
2009-10-25,24.514414
2009-10-26,23.755188
2009-10-27,23.598108
2009-10-28,24.684036
2009-10-29,25.299059
2009-10-30,24.825144
2009-10-31,24.565973
2009-11-01,24.776712
2009-11-02,25.146189
2009-11-03,25.379028
2009-11-04,25.369421
2009-11-05,25.105606
2009-11-06,25.682508
2009-11-07,26.169443
2009-11-08,26.483734
2009-11-09,25.737097
2009-11-10,24.387522
2009-11-11,21.593977
2009-11-12,20.881124
2009-11-13,23.323227
2009-11-14,25.353043
2009-11-15,24.529419
2009-11-16,22.774048
2009-11-17,23.319962
2009-11-18,22.724176
2009-11-19,21.6038
2009-11-20,19.794668
2009-11-21,19.45577
2009-11-22,19.215002
2009-11-23,19.593851
2009-11-24,20.377207
2009-11-25,21.491613
2009-11-26,21.902298
2009-11-27,21.842932
2009-11-28,21.374413
2009-11-29,20.875927
2009-11-30,20.350626
2010-06-01,37.073395
2010-06-02,36.2829
2010-06-03,34.74466
2010-06-04,36.23407
2010-06-05,36.192524
2010-06-06,35.964672
2010-06-07,34.031376
2010-06-08,34.550488
2010-06-09,36.075985
2010-06-10,37.81121
2010-06-11,39.120724
2010-06-12,39.224815
2010-06-13,38.82092
2010-06-14,36.77019
2010-06-15,33.053043
2010-06-16,29.410357
2010-06-17,31.113943
2010-06-18,32.818756
2010-06-19,34.259636
2010-06-20,33.696358
2010-06-21,32.510036
2010-06-22,32.233677
2010-06-23,32.633884
2010-06-24,31.727942
2010-06-25,31.640335
2010-06-26,33.15154
2010-06-27,32.241215
2010-06-28,31.56343
2010-06-29,30.638885
2010-06-30,30.607065
2010-07-01,30.18168
2010-07-02,29.953669
2010-07-03,29.18337
2010-07-04,27.915482
2010-07-05,28.231264
2010-07-06,28.48593
2010-07-07,28.527143
2010-07-08,28.182192
2010-07-09,28.606224
2010-07-10,29.017174
2010-07-11,29.16503
2010-07-12,28.695852
2010-07-13,28.79004
2010-07-14,28.953804
2010-07-15,28.345245
2010-07-16,27.954355
2010-07-17,29.074026
2010-07-18,29.24858
2010-07-19,29.590576
2010-07-20,29.982742
2010-07-21,29.041353
2010-07-22,28.717356
2010-07-23,28.00724
2010-07-24,27.652605
2010-07-25,26.206636
2010-07-26,25.70912
2010-07-27,26.742142
2010-07-28,28.049707
2010-07-29,28.6082
2010-07-30,27.13494
2010-07-31,26.047754
2010-08-01,26.077414
2010-08-02,25.797705
2010-08-03,26.081442
2010-08-04,25.019325
2010-08-05,26.19436
2010-08-06,25.622772
2010-08-07,25.767374
2010-08-08,24.800179
2010-08-09,26.011726
2010-08-10,26.967371
2010-08-11,27.725922
2010-08-12,27.526398
2010-08-13,26.787436
2010-08-14,26.685524
2010-08-15,26.801554
2010-08-16,27.021353
2010-08-17,27.761587
2010-08-18,28.139069
2010-08-19,27.114126
2010-08-20,26.650232
2010-08-21,26.128021
2010-08-22,26.979624
2010-08-23,27.22844
2010-08-24,27.600378
2010-08-25,27.964254
2010-08-26,27.943268
2010-08-27,28.577993
2010-08-28,28.873055
2010-08-29,28.258026
2010-08-30,27.272036
2010-08-31,26.092894
2010-09-01,26.444826
2010-09-02,26.82813
2010-09-03,27.055563
2010-09-04,26.521292
2010-09-05,26.049774
2010-09-06,26.270563
2010-09-07,26.637465
2010-09-08,26.273148
2010-09-09,26.135424
2010-09-10,25.81301
2010-09-11,26.403193
2010-09-12,26.590525
2010-09-13,26.999277
2010-09-14,27.134918
2010-09-15,26.998251
2010-09-16,27.237465
2010-09-17,27.604319
2010-09-18,27.8728
2010-09-19,26.976736
2010-09-20,26.443258
2010-09-21,27.046316
2010-09-22,27.648268
2010-09-23,27.975931
2010-09-24,28.313095
2010-09-25,28.11772
2010-09-26,27.982857
2010-09-27,28.474863
2010-09-28,28.767563
2010-09-29,28.73091
2010-09-30,28.558563
2010-10-01,28.06015
2010-10-02,28.432167
2010-10-03,28.95552
2010-10-04,29.466143
2010-10-05,29.293365
2010-10-06,29.43762
2010-10-07,29.218576
2010-10-08,29.412252
2010-10-09,29.558548
2010-10-10,29.442858
2010-10-11,28.888784
2010-10-12,28.329264
2010-10-13,28.36812
2010-10-14,28.844427
2010-10-15,29.08076
2010-10-16,29.69863
2010-10-17,29.679596
2010-10-18,29.245255
2010-10-19,29.167994
2010-10-20,28.757505
2010-10-21,28.44069
2010-10-22,28.624771
2010-10-23,28.278513
2010-10-24,27.960993
2010-10-25,27.51206
2010-10-26,27.384039
2010-10-27,27.701368
2010-10-28,27.800339
2010-10-29,27.09813
2010-10-30,27.104345
2010-10-31,26.927649
2010-11-01,25.627127
2010-11-02,25.118093
2010-11-03,25.887833
2010-11-04,26.717697
2010-11-05,26.607025
2010-11-06,25.792656
2010-11-07,25.103754
2010-11-08,26.668406
2010-11-09,27.867838
2010-11-10,28.861258
2010-11-11,28.607088
2010-11-12,27.674713
2010-11-13,27.67891
2010-11-14,28.313934
2010-11-15,28.019655
2010-11-16,27.07576
2010-11-17,26.78086
2010-11-18,26.642448
2010-11-19,26.671682
2010-11-20,25.981476
2010-11-21,25.365173
2010-11-22,24.550573
2010-11-23,24.017221
2010-11-24,25.172018
2010-11-25,25.694086
2010-11-26,25.992167
2010-11-27,25.559229
2010-11-28,25.494009
2010-11-29,25.33844
2010-11-30,25.179045
2011-06-01,35.796642
2011-06-02,35.62613
2011-06-03,33.101154
2011-06-04,34.319683
2011-06-05,35.596043
2011-06-06,36.44842
2011-06-07,36.13986
2011-06-08,35.198315
2011-06-09,34.94726
2011-06-10,34.384144
2011-06-11,34.465076
2011-06-12,34.895416
2011-06-13,34.449383
2011-06-14,33.966026
2011-06-15,32.518208
2011-06-16,32.50023
2011-06-17,33.256023
2011-06-18,32.565166
2011-06-19,30.842031
2011-06-20,32.288933
2011-06-21,32.385773
2011-06-22,30.399658
2011-06-23,28.74325
2011-06-24,26.515404
2011-06-25,28.043528
2011-06-26,27.771032
2011-06-27,28.852676
2011-06-28,27.357428
2011-06-29,26.718496
2011-06-30,28.304922
2011-07-01,28.991735
2011-07-02,29.005499
2011-07-03,29.263895
2011-07-04,29.711166
2011-07-05,28.899584
2011-07-06,28.028254
2011-07-07,28.165094
2011-07-08,26.872366
2011-07-09,25.707678
2011-07-10,25.618279
2011-07-11,25.501421
2011-07-12,26.958237
2011-07-13,26.916214
2011-07-14,27.160797
2011-07-15,27.262602
2011-07-16,27.20105
2011-07-17,27.19761
2011-07-18,27.375551
2011-07-19,26.170588
2011-07-20,26.71499
2011-07-21,26.53186
2011-07-22,26.150866
2011-07-23,24.56539
2011-07-24,24.205347
2011-07-25,26.187569
2011-07-26,28.336266
2011-07-27,28.669363
2011-07-28,27.950142
2011-07-29,27.23659
2011-07-30,27.212004
2011-07-31,27.059708
2011-08-01,26.697989
2011-08-02,27.335474
2011-08-03,27.038904
2011-08-04,26.235674
2011-08-05,26.3193
2011-08-06,26.575928
2011-08-07,26.040136
2011-08-08,24.949142
2011-08-09,24.582987
2011-08-10,25.227114
2011-08-11,25.216547
2011-08-12,24.625061
2011-08-13,25.048523
2011-08-14,25.92195
2011-08-15,26.422682
2011-08-16,26.375067
2011-08-17,26.763214
2011-08-18,26.204111
2011-08-19,26.864355
2011-08-20,26.060974
2011-08-21,26.634245
2011-08-22,27.562181
2011-08-23,27.430458
2011-08-24,26.689615
2011-08-25,26.174875
2011-08-26,25.456345
2011-08-27,25.987692
2011-08-28,26.577166
2011-08-29,26.386467
2011-08-30,27.4059
2011-08-31,27.5354
2011-09-01,27.138153
2011-09-02,26.26413
2011-09-03,26.480143
2011-09-04,26.31366
2011-09-05,26.354279
2011-09-06,26.47859
2011-09-07,26.360947
2011-09-08,25.894903
2011-09-09,26.127792
2011-09-10,25.18666
2011-09-11,24.430609
2011-09-12,25.592957
2011-09-13,26.953077
2011-09-14,27.213282
2011-09-15,27.674995
2011-09-16,26.689138
2011-09-17,26.569094
2011-09-18,26.360535
2011-09-19,26.030035
2011-09-20,26.394196
2011-09-21,26.493505
2011-09-22,26.419058
2011-09-23,26.665415
2011-09-24,26.848236
2011-09-25,26.948553
2011-09-26,26.931084
2011-09-27,26.884104
2011-09-28,27.311829
2011-09-29,27.638845
2011-09-30,27.684378
2011-10-01,27.712692
2011-10-02,27.371286
2011-10-03,27.212858
2011-10-04,27.237558
2011-10-05,27.895437
2011-10-06,28.207552
2011-10-07,28.274553
2011-10-08,28.57775
2011-10-09,28.61944
2011-10-10,28.689993
2011-10-11,28.659159
2011-10-12,28.531126
2011-10-13,28.985342
2011-10-14,29.470377
2011-10-15,29.917696
2011-10-16,29.736977
2011-10-17,29.400782
2011-10-18,29.146444
2011-10-19,27.825632
2011-10-20,27.10354
2011-10-21,27.090525
2011-10-22,26.796003
2011-10-23,26.515036
2011-10-24,26.686071
2011-10-25,26.33844
2011-10-26,26.55715
2011-10-27,26.09046
2011-10-28,25.844751
2011-10-29,25.622314
2011-10-30,25.51887
2011-10-31,25.178991
2011-11-01,25.233292
2011-11-02,25.14293
2011-11-03,25.497925
2011-11-04,25.58967
2011-11-05,26.216957
2011-11-06,26.75
2011-11-07,27.02506
2011-11-08,27.00265
2011-11-09,26.299662
2011-11-10,26.115562
2011-11-11,26.444147
2011-11-12,26.649391
2011-11-13,26.874655
2011-11-14,26.90081
2011-11-15,25.746485
2011-11-16,24.752817
2011-11-17,24.72999
2011-11-18,24.621038
2011-11-19,24.713083
2011-11-20,25.036554
2011-11-21,24.97687
2011-11-22,24.239164
2011-11-23,23.961708
2011-11-24,23.823181
2011-11-25,23.525305
2011-11-26,23.715508
2011-11-27,24.648272
2011-11-28,24.810919
2011-11-29,25.08579
2011-11-30,24.216362
2012-06-01,36.465336
2012-06-02,35.940395
2012-06-03,35.512432
2012-06-04,35.403698
2012-06-05,36.40912
2012-06-06,33.428234
2012-06-07,33.48753
2012-06-08,34.512028
2012-06-09,34.230762
2012-06-10,32.392803
2012-06-11,33.562454
2012-06-12,34.33253
2012-06-13,33.623123
2012-06-14,33.657856
2012-06-15,33.582798
2012-06-16,32.36337
2012-06-17,31.692667
2012-06-18,31.813492
2012-06-19,32.12811
2012-06-20,31.305086
2012-06-21,32.450535
2012-06-22,32.85805
2012-06-23,32.679035
2012-06-24,32.620262
2012-06-25,33.09097
2012-06-26,32.89889
2012-06-27,33.132465
2012-06-28,33.041386
2012-06-29,32.869633
2012-06-30,33.145676
2012-07-01,31.821474
2012-07-02,31.434143
2012-07-03,30.578634
2012-07-04,28.32395
2012-07-05,28.296255
2012-07-06,27.080328
2012-07-07,27.356752
2012-07-08,27.144844
2012-07-09,27.155478
2012-07-10,26.144806
2012-07-11,28.268942
2012-07-12,28.981897
2012-07-13,28.792627
2012-07-14,27.71036
2012-07-15,28.740784
2012-07-16,29.007812
2012-07-17,28.498102
2012-07-18,29.01072
2012-07-19,28.409342
2012-07-20,28.594992
2012-07-21,29.003763
2012-07-22,26.554663
2012-07-23,25.655243
2012-07-24,25.81928
2012-07-25,26.412527
2012-07-26,26.491095
2012-07-27,25.374105
2012-07-28,24.992645
2012-07-29,24.759287
2012-07-30,24.484472
2012-07-31,24.427055
2012-08-01,25.56582
2012-08-02,26.374079
2012-08-03,26.392912
2012-08-04,26.03816
2012-08-05,26.930593
2012-08-06,26.281113
2012-08-07,25.745016
2012-08-08,25.914118
2012-08-09,25.308523
2012-08-10,25.138342
2012-08-11,24.452002
2012-08-12,23.93283
2012-08-13,23.717789
2012-08-14,24.753836
2012-08-15,25.18099
2012-08-16,25.971786
2012-08-17,25.517786
2012-08-18,25.627121
2012-08-19,25.877123
2012-08-20,25.738321
2012-08-21,25.426277
2012-08-22,25.086447
2012-08-23,26.203964
2012-08-24,26.523417
2012-08-25,26.7238
2012-08-26,26.35245
2012-08-27,25.972244
2012-08-28,26.312307
2012-08-29,27.289999
2012-08-30,27.343588
2012-08-31,27.717476
2012-09-01,27.666258
2012-09-02,27.88891
2012-09-03,27.29125
2012-09-04,27.032143
2012-09-05,26.541382
2012-09-06,25.280663
2012-09-07,24.833147
2012-09-08,26.985693
2012-09-09,27.770859
2012-09-10,27.698008
2012-09-11,25.419037
2012-09-12,25.793518
2012-09-13,26.206907
2012-09-14,25.88848
2012-09-15,26.171759
2012-09-16,26.039978
2012-09-17,26.159582
2012-09-18,26.696249
2012-09-19,27.110163
2012-09-20,27.690142
2012-09-21,27.754892
2012-09-22,27.473791
2012-09-23,27.36086
2012-09-24,26.46462
2012-09-25,26.444191
2012-09-26,26.889116
2012-09-27,27.105642
2012-09-28,27.101456
2012-09-29,27.37845
2012-09-30,27.974854
2012-10-01,28.717506
2012-10-02,28.882963
2012-10-03,28.92903
2012-10-04,28.763037
2012-10-05,28.95906
2012-10-06,29.501923
2012-10-07,29.186056
2012-10-08,29.483255
2012-10-09,28.705446
2012-10-10,28.63994
2012-10-11,28.48365
2012-10-12,28.358809
2012-10-13,28.441961
2012-10-14,28.258684
2012-10-15,27.872942
2012-10-16,27.790323
2012-10-17,27.644112
2012-10-18,27.651068
2012-10-19,27.573149
2012-10-20,27.383726
2012-10-21,27.734503
2012-10-22,27.681374
2012-10-23,27.51651
2012-10-24,27.290888
2012-10-25,27.246927
2012-10-26,26.90818
2012-10-27,26.64029
2012-10-28,26.0548
2012-10-29,25.390451
2012-10-30,24.895254
2012-10-31,24.46936
2012-11-01,24.533667
2012-11-02,25.505013
2012-11-03,25.468864
2012-11-04,24.90624
2012-11-05,24.011843
2012-11-06,23.532532
2012-11-07,22.98409
2012-11-08,23.15911
2012-11-09,23.298416
2012-11-10,23.961136
2012-11-11,24.608788
2012-11-12,24.556112
2012-11-13,24.067009
2012-11-14,24.276411
2012-11-15,23.35639
2012-11-16,22.674047
2012-11-17,22.267435
2012-11-18,21.810068
2012-11-19,21.962736
2012-11-20,21.932867
2012-11-21,21.378458
2012-11-22,21.496206
2012-11-23,22.012812
2012-11-24,21.86731
2012-11-25,21.945414
2012-11-26,22.924646
2012-11-27,23.44036
2012-11-28,23.588638
2012-11-29,22.621824
2012-11-30,22.268372
2013-06-01,35.45998
2013-06-02,34.734497
2013-06-03,34.957226
2013-06-04,33.820686
2013-06-05,33.4844
2013-06-06,32.70295
2013-06-07,31.99447
2013-06-08,31.582634
2013-06-09,31.19795
2013-06-10,30.71469
2013-06-11,29.632044
2013-06-12,29.417055
2013-06-13,30.432703
2013-06-14,29.55178
2013-06-15,28.463335
2013-06-16,27.309092
2013-06-17,26.618704
2013-06-18,27.668015
2013-06-19,28.067465
2013-06-20,28.57843
2013-06-21,28.886642
2013-06-22,28.660116
2013-06-23,28.084902
2013-06-24,27.199205
2013-06-25,26.296509
2013-06-26,25.577044
2013-06-27,25.460638
2013-06-28,26.735306
2013-06-29,27.294973
2013-06-30,27.766642
2013-07-01,27.589294
2013-07-02,26.679298
2013-07-03,25.463663
2013-07-04,24.305624
2013-07-05,24.708235
2013-07-06,26.246735
2013-07-07,27.340094
2013-07-08,27.334816
2013-07-09,27.266687
2013-07-10,25.98498
2013-07-11,26.001657
2013-07-12,26.349152
2013-07-13,25.604773
2013-07-14,25.436102
2013-07-15,25.36349
2013-07-16,25.009125
2013-07-17,25.212778
2013-07-18,25.564993
2013-07-19,26.017607
2013-07-20,25.75737
2013-07-21,25.978142
2013-07-22,25.839485
2013-07-23,25.851221
2013-07-24,26.50768
2013-07-25,25.62644
2013-07-26,24.835978
2013-07-27,24.662573
2013-07-28,24.34578
2013-07-29,24.543215
2013-07-30,25.145746
2013-07-31,24.647768
2013-08-01,24.477676
2013-08-02,24.723434
2013-08-03,25.184092
2013-08-04,25.572752
2013-08-05,26.020166
2013-08-06,25.343271
2013-08-07,25.436289
2013-08-08,25.096962
2013-08-09,24.384485
2013-08-10,24.470804
2013-08-11,25.88938
2013-08-12,25.69047
2013-08-13,24.794373
2013-08-14,25.699158
2013-08-15,26.203493
2013-08-16,26.672316
2013-08-17,26.55424
2013-08-18,26.353386
2013-08-19,25.226273
2013-08-20,24.462051
2013-08-21,24.586905
2013-08-22,24.59023
2013-08-23,23.974268
2013-08-24,24.371582
2013-08-25,24.657656
2013-08-26,25.101053
2013-08-27,25.292704
2013-08-28,25.392126
2013-08-29,25.810637
2013-08-30,26.33612
2013-08-31,26.707039
2013-09-01,26.932129
2013-09-02,27.043999
2013-09-03,26.942373
2013-09-04,26.801798
2013-09-05,26.511698
2013-09-06,26.415123
2013-09-07,26.69777
2013-09-08,27.630331
2013-09-09,28.205194
2013-09-10,28.476461
2013-09-11,29.048035
2013-09-12,29.351715
2013-09-13,29.78955
2013-09-14,29.782866
2013-09-15,29.73391
2013-09-16,28.929924
2013-09-17,29.833864
2013-09-18,29.883356
2013-09-19,29.944582
2013-09-20,29.810938
2013-09-21,27.2492
2013-09-22,26.380014
2013-09-23,25.58222
2013-09-24,25.047674
2013-09-25,25.392366
2013-09-26,26.414665
2013-09-27,27.298727
2013-09-28,27.016363
2013-09-29,26.74476
2013-09-30,26.11152
2013-10-01,26.803947
2013-10-02,27.372736
2013-10-03,26.64184
2013-10-04,26.191988
2013-10-05,26.09823
2013-10-06,26.464148
2013-10-07,27.351967
2013-10-08,26.525375
2013-10-09,25.899118
2013-10-10,26.709549
2013-10-11,26.924704
2013-10-12,26.945059
2013-10-13,26.874868
2013-10-14,27.241793
2013-10-15,27.46678
2013-10-16,27.219702
2013-10-17,26.786064
2013-10-18,26.964594
2013-10-19,26.89847
2013-10-20,26.062597
2013-10-21,25.353022
2013-10-22,25.226149
2013-10-23,25.128672
2013-10-24,26.119059
2013-10-25,26.822344
2013-10-26,27.075178
2013-10-27,26.857927
2013-10-28,26.03601
2013-10-29,25.512808
2013-10-30,25.471567
2013-10-31,25.440256
2013-11-01,25.687876
2013-11-02,25.666708
2013-11-03,25.844217
2013-11-04,25.64975
2013-11-05,25.244614
2013-11-06,24.818182
2013-11-07,24.332987
2013-11-08,24.380075
2013-11-09,23.822958
2013-11-10,23.713205
2013-11-11,23.48382
2013-11-12,23.091194
2013-11-13,23.295465
2013-11-14,23.428772
2013-11-15,22.773422
2013-11-16,21.585443
2013-11-17,21.434855
2013-11-18,21.748682
2013-11-19,21.47725
2013-11-20,21.157724
2013-11-21,21.089476
2013-11-22,21.393545
2013-11-23,22.224936
2013-11-24,23.879034
2013-11-25,24.496206
2013-11-26,23.483488
2013-11-27,22.676943
2013-11-28,22.488846
2013-11-29,22.13418
2013-11-30,22.474478
2014-06-01,37.355595
2014-06-02,38.02982
2014-06-03,38.21896
2014-06-04,38.131496
2014-06-05,37.750774
2014-06-06,37.564327
2014-06-07,37.103317
2014-06-08,36.75761
2014-06-09,36.53678
2014-06-10,37.02501
2014-06-11,35.28955
2014-06-12,33.95972
2014-06-13,34.307034
2014-06-14,34.311474
2014-06-15,33.894012
2014-06-16,33.42417
2014-06-17,33.144337
2014-06-18,32.925587
2014-06-19,33.145397
2014-06-20,32.93855
2014-06-21,33.38828
2014-06-22,33.23523
2014-06-23,33.513306
2014-06-24,33.842556
2014-06-25,33.69904
2014-06-26,34.11353
2014-06-27,34.38286
2014-06-28,34.87562
2014-06-29,34.61295
2014-06-30,34.26755
2014-07-01,34.401245
2014-07-02,34.54393
2014-07-03,34.087982
2014-07-04,34.591778
2014-07-05,34.484444
2014-07-06,34.180374
2014-07-07,34.169155
2014-07-08,33.8048
2014-07-09,33.297554
2014-07-10,32.323147
2014-07-11,32.608074
2014-07-12,30.641592
2014-07-13,29.398203
2014-07-14,28.647646
2014-07-15,27.818573
2014-07-16,26.651787
2014-07-17,27.54165
2014-07-18,27.390509
2014-07-19,26.209152
2014-07-20,27.169886
2014-07-21,26.933523
2014-07-22,25.783995
2014-07-23,24.454126
2014-07-24,23.971197
2014-07-25,25.069662
2014-07-26,25.993835
2014-07-27,26.183876
2014-07-28,25.826155
2014-07-29,26.424097
2014-07-30,27.105368
2014-07-31,27.247446
2014-08-01,27.59179
2014-08-02,27.084078
2014-08-03,26.259216
2014-08-04,26.299292
2014-08-05,25.576675
2014-08-06,24.511854
2014-08-07,25.8044
2014-08-08,26.573023
2014-08-09,26.842722
2014-08-10,27.038279
2014-08-11,26.675268
2014-08-12,26.64952
2014-08-13,27.01457
2014-08-14,26.588125
2014-08-15,26.514227
2014-08-16,26.30841
2014-08-17,26.878244
2014-08-18,28.04693
2014-08-19,28.99586
2014-08-20,29.565653
2014-08-21,29.722006
2014-08-22,29.569641
2014-08-23,28.327036
2014-08-24,28.862936
2014-08-25,28.548304
2014-08-26,28.030626
2014-08-27,27.882242
2014-08-28,27.307398
2014-08-29,27.568604
2014-08-30,27.34662
2014-08-31,27.372763
2014-09-01,27.465408
2014-09-02,26.59387
2014-09-03,26.66861
2014-09-04,26.104605
2014-09-05,26.174078
2014-09-06,26.904718
2014-09-07,25.85839
2014-09-08,25.815649
2014-09-09,24.650076
2014-09-10,24.722887
2014-09-11,25.30031
2014-09-12,25.242643
2014-09-13,26.186234
2014-09-14,26.38894
2014-09-15,26.874617
2014-09-16,27.096743
2014-09-17,27.449072
2014-09-18,27.698807
2014-09-19,27.729498
2014-09-20,27.54894
2014-09-21,27.48732
2014-09-22,27.674866
2014-09-23,27.704506
2014-09-24,27.893005
2014-09-25,28.02421
2014-09-26,28.60437
2014-09-27,28.726652
2014-09-28,28.750336
2014-09-29,29.009405
2014-09-30,28.905859
2014-10-01,28.981527
2014-10-02,28.83772
2014-10-03,28.704039
2014-10-04,28.626165
2014-10-05,28.661943
2014-10-06,28.818222
2014-10-07,28.80173
2014-10-08,28.935286
2014-10-09,28.903687
2014-10-10,28.659729
2014-10-11,28.296234
2014-10-12,27.802454
2014-10-13,28.053757
2014-10-14,29.040854
2014-10-15,28.738739
2014-10-16,29.277643
2014-10-17,29.0227
2014-10-18,28.857025
2014-10-19,28.76327
2014-10-20,28.836512
2014-10-21,28.098562
2014-10-22,27.434378
2014-10-23,27.6811
2014-10-24,27.657852
2014-10-25,26.535843
2014-10-26,26.104021
2014-10-27,26.276815
2014-10-28,26.048777
2014-10-29,26.27999
2014-10-30,26.820847
2014-10-31,27.257803
2014-11-01,27.402834
2014-11-02,27.17177
2014-11-03,27.206137
2014-11-04,27.114786
2014-11-05,27.339577
2014-11-06,26.887367
2014-11-07,26.657364
2014-11-08,26.168488
2014-11-09,26.142138
2014-11-10,26.504076
2014-11-11,27.673468
2014-11-12,27.780329
2014-11-13,27.724276
2014-11-14,27.427073
2014-11-15,26.8467
2014-11-16,26.220528
2014-11-17,26.306137
2014-11-18,25.541338
2014-11-19,24.939438
2014-11-20,24.055954
2014-11-21,24.237402
2014-11-22,23.931686
2014-11-23,24.04657
2014-11-24,24.016436
2014-11-25,23.62706
2014-11-26,23.530554
2014-11-27,23.519539
2014-11-28,23.59793
2014-11-29,23.378168
2014-11-30,22.88389
2015-06-01,37.870686
2015-06-02,36.66923
2015-06-03,36.49548
2015-06-04,37.061
2015-06-05,37.9759
2015-06-06,36.195423
2015-06-07,37.59377
2015-06-08,36.02737
2015-06-09,35.15672
2015-06-10,35.418583
2015-06-11,34.031193
2015-06-12,31.28007
2015-06-13,30.234346
2015-06-14,29.925133
2015-06-15,30.268713
2015-06-16,30.37825
2015-06-17,30.776804
2015-06-18,30.696966
2015-06-19,30.425201
2015-06-20,30.572947
2015-06-21,31.162071
2015-06-22,28.77653
2015-06-23,29.490654
2015-06-24,27.80205
2015-06-25,27.430548
2015-06-26,28.457672
2015-06-27,29.324793
2015-06-28,29.554667
2015-06-29,29.733276
2015-06-30,29.745317
2015-07-01,29.910606
2015-07-02,30.171036
2015-07-03,30.502085
2015-07-04,30.77859
2015-07-05,30.641027
2015-07-06,29.745352
2015-07-07,29.60913
2015-07-08,30.116995
2015-07-09,29.58819
2015-07-10,30.285757
2015-07-11,30.243052
2015-07-12,30.68158
2015-07-13,31.145172
2015-07-14,31.607208
2015-07-15,31.053488
2015-07-16,30.689194
2015-07-17,29.916803
2015-07-18,26.946875
2015-07-19,26.066721
2015-07-20,25.843546
2015-07-21,26.032022
2015-07-22,26.45519
2015-07-23,26.74964
2015-07-24,26.822708
2015-07-25,25.077143
2015-07-26,24.628092
2015-07-27,24.094559
2015-07-28,24.642313
2015-07-29,24.741531
2015-07-30,26.310816
2015-07-31,26.528864
2015-08-01,26.740747
2015-08-02,26.698006
2015-08-03,26.75664
2015-08-04,25.59294
2015-08-05,25.021866
2015-08-06,25.581442
2015-08-07,26.824816
2015-08-08,26.966837
2015-08-09,26.621994
2015-08-10,27.24733
2015-08-11,27.151955
2015-08-12,26.140432
2015-08-13,25.886343
2015-08-14,26.24192
2015-08-15,26.80401
2015-08-16,26.541845
2015-08-17,26.660772
2015-08-18,26.21322
2015-08-19,27.06687
2015-08-20,27.072245
2015-08-21,26.887487
2015-08-22,26.86856
2015-08-23,26.809763
2015-08-24,27.13143
2015-08-25,27.328829
2015-08-26,27.835695
2015-08-27,28.047052
2015-08-28,27.708364
2015-08-29,27.295008
2015-08-30,27.037292
2015-08-31,26.712463
2015-09-01,26.833078
2015-09-02,26.990286
2015-09-03,27.646057
2015-09-04,28.125177
2015-09-05,28.78576
2015-09-06,28.575846
2015-09-07,28.163513
2015-09-08,28.47764
2015-09-09,28.819056
2015-09-10,29.099281
2015-09-11,28.937159
2015-09-12,29.074257
2015-09-13,29.146248
2015-09-14,28.940607
2015-09-15,28.794245
2015-09-16,29.280197
2015-09-17,28.504898
2015-09-18,26.578827
2015-09-19,25.677622
2015-09-20,26.655756
2015-09-21,27.180761
2015-09-22,27.125038
2015-09-23,27.138779
2015-09-24,27.276304
2015-09-25,26.725372
2015-09-26,26.798584
2015-09-27,27.512842
2015-09-28,27.86406
2015-09-29,28.23025
2015-09-30,28.38592
2015-10-01,28.465761
2015-10-02,29.245764
2015-10-03,29.215998
2015-10-04,29.528372
2015-10-05,29.382004
2015-10-06,29.361002
2015-10-07,29.41915
2015-10-08,29.513765
2015-10-09,29.582329
2015-10-10,29.418154
2015-10-11,29.442413
2015-10-12,29.659811
2015-10-13,29.477781
2015-10-14,29.881622
2015-10-15,29.82453
2015-10-16,29.468763
2015-10-17,29.342163
2015-10-18,29.38469
2015-10-19,29.601227
2015-10-20,29.521164
2015-10-21,29.484856
2015-10-22,29.401016
2015-10-23,29.252035
2015-10-24,29.054678
2015-10-25,29.03623
2015-10-26,28.429338
2015-10-27,27.467524
2015-10-28,26.943512
2015-10-29,25.405764
2015-10-30,24.815607
2015-10-31,24.820564
2015-11-01,25.54908
2015-11-02,26.38093
2015-11-03,26.893602
2015-11-04,27.197098
2015-11-05,26.740652
2015-11-06,26.761307
2015-11-07,26.526123
2015-11-08,26.090845
2015-11-09,26.401894
2015-11-10,26.717743
2015-11-11,26.911333
2015-11-12,26.546019
2015-11-13,26.577078
2015-11-14,26.529984
2015-11-15,26.52713
2015-11-16,25.890646
2015-11-17,25.573236
2015-11-18,24.847916
2015-11-19,24.55865
2015-11-20,24.118448
2015-11-21,24.260572
2015-11-22,24.690445
2015-11-23,25.118364
2015-11-24,25.642754
2015-11-25,25.790346
2015-11-26,25.672308
2015-11-27,24.755325
2015-11-28,23.158068
2015-11-29,24.547972
2015-11-30,25.912348
2016-06-01,37.19456
2016-06-02,37.640514
2016-06-03,37.982613
2016-06-04,38.75275
2016-06-05,39.183655
2016-06-06,38.510983
2016-06-07,38.34805
2016-06-08,37.568222
2016-06-09,36.82958
2016-06-10,36.59654
2016-06-11,36.10879
2016-06-12,36.171036
2016-06-13,35.91234
2016-06-14,35.49484
2016-06-15,34.54402
2016-06-16,35.09435
2016-06-17,34.943523
2016-06-18,31.696238
2016-06-19,31.318857
2016-06-20,32.13615
2016-06-21,31.547106
2016-06-22,30.778206
2016-06-23,30.315714
2016-06-24,30.102377
2016-06-25,29.121399
2016-06-26,30.371613
2016-06-27,30.752024
2016-06-28,29.528013
2016-06-29,29.593203
2016-06-30,29.981201
2016-07-01,29.871908
2016-07-02,29.577894
2016-07-03,28.187784
2016-07-04,27.105062
2016-07-05,28.071524
2016-07-06,28.138433
2016-07-07,27.819054
2016-07-08,27.217598
2016-07-09,25.783163
2016-07-10,25.729675
2016-07-11,25.56954
2016-07-12,25.258966
2016-07-13,26.538538
2016-07-14,27.486069
2016-07-15,27.611963
2016-07-16,26.865961
2016-07-17,26.494928
2016-07-18,26.76265
2016-07-19,27.240936
2016-07-20,27.481592
2016-07-21,27.993118
2016-07-22,28.304605
2016-07-23,27.144796
2016-07-24,26.608223
2016-07-25,27.069593
2016-07-26,27.085665
2016-07-27,25.607864
2016-07-28,25.720514
2016-07-29,26.605356
2016-07-30,27.162186
2016-07-31,26.398699
2016-08-01,25.890543
2016-08-02,25.399399
2016-08-03,25.217499
2016-08-04,25.569109
2016-08-05,26.158035
2016-08-06,25.382751
2016-08-07,24.624033
2016-08-08,24.794611
2016-08-09,25.031534
2016-08-10,24.825796
2016-08-11,25.675646
2016-08-12,26.365906
2016-08-13,26.253586
2016-08-14,26.142729
2016-08-15,26.272604
2016-08-16,26.31988
2016-08-17,26.472563
2016-08-18,26.717398
2016-08-19,24.91636
2016-08-20,23.81653
2016-08-21,24.092133
2016-08-22,25.030954
2016-08-23,25.49929
2016-08-24,25.9571
2016-08-25,26.548986
2016-08-26,27.116653
2016-08-27,27.058258
2016-08-28,27.706367
2016-08-29,27.934921
2016-08-30,27.720144
2016-08-31,26.439661
2016-09-01,26.05366
2016-09-02,26.180975
2016-09-03,26.576385
2016-09-04,26.241209
2016-09-05,26.115967
2016-09-06,26.093462
2016-09-07,26.407333
2016-09-08,26.656134
2016-09-09,26.85531
2016-09-10,26.950829
2016-09-11,26.788855
2016-09-12,26.957586
2016-09-13,27.850527
2016-09-14,28.48771
2016-09-15,28.251032
2016-09-16,27.843485
2016-09-17,27.616564
2016-09-18,27.924326
2016-09-19,27.551497
2016-09-20,27.296515
2016-09-21,27.345377
2016-09-22,27.55719
2016-09-23,28.364172
2016-09-24,28.2641
2016-09-25,28.420801
2016-09-26,28.561743
2016-09-27,28.515654
2016-09-28,28.295965
2016-09-29,28.20695
2016-09-30,27.812769
2016-10-01,27.624292
2016-10-02,28.27764
2016-10-03,28.611563
2016-10-04,28.378546
2016-10-05,26.754984
2016-10-06,26.27889
2016-10-07,26.822435
2016-10-08,27.167297
2016-10-09,27.82104
2016-10-10,27.80456
2016-10-11,27.178675
2016-10-12,26.450201
2016-10-13,25.823877
2016-10-14,26.141146
2016-10-15,26.354548
2016-10-16,26.45513
2016-10-17,26.258179
2016-10-18,26.152617
2016-10-19,26.137583
2016-10-20,26.30364
2016-10-21,26.651651
2016-10-22,26.56263
2016-10-23,26.470465
2016-10-24,26.128267
2016-10-25,25.654913
2016-10-26,25.595068
2016-10-27,26.001379
2016-10-28,25.381357
2016-10-29,24.439814
2016-10-30,23.916842
2016-10-31,23.717875
2016-11-01,23.657791
2016-11-02,23.69396
2016-11-03,23.639374
2016-11-04,23.613672
2016-11-05,23.648508
2016-11-06,23.796076
2016-11-07,24.075018
2016-11-08,23.317923
2016-11-09,22.71227
2016-11-10,22.799347
2016-11-11,23.179361
2016-11-12,23.080175
2016-11-13,22.881996
2016-11-14,22.652025
2016-11-15,22.448706
2016-11-16,22.613342
2016-11-17,22.235283
2016-11-18,22.086935
2016-11-19,21.975769
2016-11-20,22.097021
2016-11-21,21.974432
2016-11-22,22.119934
2016-11-23,22.166862
2016-11-24,22.404627
2016-11-25,22.078606
2016-11-26,22.158773
2016-11-27,22.405512
2016-11-28,21.977987
2016-11-29,21.848078
2016-11-30,22.337835
2017-06-01,35.796204
2017-06-02,36.242954
2017-06-03,36.869976
2017-06-04,36.4868
2017-06-05,35.02277
2017-06-06,34.936947
2017-06-07,33.918278
2017-06-08,32.496906
2017-06-09,32.02253
2017-06-10,31.905693
2017-06-11,31.81456
2017-06-12,32.856487
2017-06-13,32.667973
2017-06-14,32.990707
2017-06-15,32.90515
2017-06-16,33.023724
2017-06-17,33.5627
2017-06-18,33.989277
2017-06-19,33.74699
2017-06-20,33.227707
2017-06-21,32.25967
2017-06-22,31.9503
2017-06-23,31.197435
2017-06-24,29.79383
2017-06-25,30.873652
2017-06-26,29.278702
2017-06-27,29.637598
2017-06-28,29.481558
2017-06-29,29.984034
2017-06-30,29.44694
2017-07-01,28.130987
2017-07-02,27.155096
2017-07-03,27.558548
2017-07-04,26.85264
2017-07-05,28.099268
2017-07-06,28.747856
2017-07-07,29.71318
2017-07-08,29.962729
2017-07-09,30.081873
2017-07-10,29.314505
2017-07-11,29.19404
2017-07-12,27.852945
2017-07-13,25.979736
2017-07-14,25.624666
2017-07-15,26.304209
2017-07-16,26.88088
2017-07-17,27.115763
2017-07-18,28.480001
2017-07-19,27.712687
2017-07-20,26.54521
2017-07-21,26.551931
2017-07-22,25.906443
2017-07-23,24.923363
2017-07-24,25.18165
2017-07-25,24.707197
2017-07-26,24.06884
2017-07-27,24.58082
2017-07-28,24.107264
2017-07-29,25.848373
2017-07-30,26.725634
2017-07-31,27.06338
2017-08-01,27.151232
2017-08-02,26.792496
2017-08-03,26.532095
2017-08-04,26.72436
2017-08-05,27.309515
2017-08-06,27.15917
2017-08-07,26.85466
2017-08-08,25.835558
2017-08-09,26.870768
2017-08-10,27.241854
2017-08-11,27.160666
2017-08-12,26.90212
2017-08-13,26.340906
2017-08-14,26.789703
2017-08-15,27.190542
2017-08-16,27.44632
2017-08-17,27.592367
2017-08-18,27.550112
2017-08-19,27.033981
2017-08-20,27.816498
2017-08-21,27.793518
2017-08-22,27.002516
2017-08-23,26.739372
2017-08-24,26.478025
2017-08-25,26.622452
2017-08-26,26.648994
2017-08-27,26.129827
2017-08-28,26.745834
2017-08-29,26.4671
2017-08-30,26.292053
2017-08-31,26.720316
2017-09-01,26.509232
2017-09-02,26.860983
2017-09-03,25.575323
2017-09-04,26.915459
2017-09-05,27.244925
2017-09-06,27.54741
2017-09-07,27.799591
2017-09-08,28.176958
2017-09-09,28.669983
2017-09-10,29.08352
2017-09-11,28.740969
2017-09-12,28.19963
2017-09-13,27.468435
2017-09-14,27.590189
2017-09-15,27.001963
2017-09-16,27.005026
2017-09-17,27.95194
2017-09-18,27.180159
2017-09-19,28.489126
2017-09-20,28.388819
2017-09-21,26.493752
2017-09-22,25.961718
2017-09-23,26.65122
2017-09-24,27.45646
2017-09-25,27.733282
2017-09-26,27.98482
2017-09-27,28.551783
2017-09-28,28.51423
2017-09-29,28.334549
2017-09-30,28.343561
2017-10-01,28.106682
2017-10-02,28.179842
2017-10-03,27.75712
2017-10-04,27.815908
2017-10-05,28.150602
2017-10-06,28.885267
2017-10-07,29.219818
2017-10-08,29.372818
2017-10-09,29.022284
2017-10-10,27.768774
2017-10-11,27.77587
2017-10-12,28.561838
2017-10-13,28.742788
2017-10-14,28.564423
2017-10-15,28.553694
2017-10-16,27.899343
2017-10-17,27.237036
2017-10-18,26.866302
2017-10-19,26.881086
2017-10-20,28.269426
2017-10-21,28.967154
2017-10-22,28.536924
2017-10-23,27.123505
2017-10-24,26.471853
2017-10-25,25.97116
2017-10-26,25.577194
2017-10-27,25.639038
2017-10-28,25.598001
2017-10-29,25.584808
2017-10-30,25.831018
2017-10-31,25.480988
2017-11-01,25.332659
2017-11-02,25.150702
2017-11-03,25.523422
2017-11-04,25.384363
2017-11-05,24.930077
2017-11-06,25.049408
2017-11-07,25.26253
2017-11-08,25.246912
2017-11-09,25.052505
2017-11-10,24.287323
2017-11-11,23.84585
2017-11-12,23.36714
2017-11-13,22.90889
2017-11-14,23.165777
2017-11-15,23.477081
2017-11-16,23.598434
2017-11-17,24.119278
2017-11-18,24.934929
2017-11-19,24.274424
2017-11-20,24.648397
2017-11-21,24.50022
2017-11-22,24.58531
2017-11-23,23.996872
2017-11-24,23.31341
2017-11-25,22.34986
2017-11-26,22.220945
2017-11-27,22.113113
2017-11-28,21.977262
2017-11-29,22.230843
2017-11-30,22.316805
2018-06-01,37.807724
2018-06-02,36.21184
2018-06-03,36.0307
2018-06-04,36.896877
2018-06-05,36.490154
2018-06-06,35.88008
2018-06-07,36.22277
2018-06-08,35.933903
2018-06-09,34.78897
2018-06-10,34.22481
2018-06-11,34.515106
2018-06-12,34.709072
2018-06-13,34.56232
2018-06-14,34.364758
2018-06-15,34.201668
2018-06-16,33.858013
2018-06-17,33.197784
2018-06-18,33.90182
2018-06-19,33.901123
2018-06-20,33.950535
2018-06-21,33.23575
2018-06-22,31.276321
2018-06-23,32.452084
2018-06-24,30.707628
2018-06-25,30.164576
2018-06-26,27.57019
2018-06-27,27.84054
2018-06-28,27.169157
2018-06-29,27.366522
2018-06-30,29.163267
2018-07-01,29.760376
2018-07-02,29.798841
2018-07-03,28.352737
2018-07-04,26.87278
2018-07-05,27.460245
2018-07-06,28.305746
2018-07-07,26.922373
2018-07-08,27.810232
2018-07-09,27.285616
2018-07-10,26.511053
2018-07-11,25.921946
2018-07-12,25.555307
2018-07-13,26.26233
2018-07-14,26.543854
2018-07-15,26.711975
2018-07-16,27.111826
2018-07-17,26.792717
2018-07-18,26.262049
2018-07-19,26.433603
2018-07-20,26.423187
2018-07-21,26.03095
2018-07-22,25.646616
2018-07-23,25.016108
2018-07-24,25.339193
2018-07-25,25.249632
2018-07-26,25.208931
2018-07-27,26.011892
2018-07-28,26.717926
2018-07-29,26.981339
2018-07-30,26.848043
2018-07-31,27.128016
2018-08-01,27.482025
2018-08-02,27.477
2018-08-03,27.478455
2018-08-04,27.758879
2018-08-05,27.521255
2018-08-06,27.118471
2018-08-07,26.676073
2018-08-08,25.375616
2018-08-09,26.05979
2018-08-10,26.33697
2018-08-11,26.613968
2018-08-12,26.714834
2018-08-13,26.96095
2018-08-14,26.785742
2018-08-15,26.648819
2018-08-16,26.64875
2018-08-17,26.363548
2018-08-18,25.689995
2018-08-19,25.8554
2018-08-20,25.290636
2018-08-21,24.443995
2018-08-22,24.026407
2018-08-23,24.927567
2018-08-24,25.73469
2018-08-25,25.954445
2018-08-26,25.8096
2018-08-27,25.4839
2018-08-28,25.20489
2018-08-29,24.848673
2018-08-30,25.327246
2018-08-31,25.259672
2018-09-01,25.212555
2018-09-02,25.572077
2018-09-03,25.714422
2018-09-04,25.923666
2018-09-05,25.520578
2018-09-06,25.587326
2018-09-07,24.197199
2018-09-08,23.919489
2018-09-09,24.42916
2018-09-10,25.484499
2018-09-11,25.60034
2018-09-12,25.90199
2018-09-13,25.601334
2018-09-14,26.220337
2018-09-15,26.77527
2018-09-16,27.355127
2018-09-17,27.508781
2018-09-18,27.43619
2018-09-19,27.618683
2018-09-20,27.908438
2018-09-21,27.738403
2018-09-22,25.48703
2018-09-23,25.502716
2018-09-24,26.514486
2018-09-25,27.254616
2018-09-26,27.60309
2018-09-27,27.181715
2018-09-28,26.957901
2018-09-29,26.824295
2018-09-30,26.807343
2018-10-01,26.871107
2018-10-02,27.542845
2018-10-03,28.06117
2018-10-04,27.956259
2018-10-05,27.631449
2018-10-06,27.420515
2018-10-07,27.053667
2018-10-08,26.890396
2018-10-09,27.081253
2018-10-10,27.10438
2018-10-11,27.165873
2018-10-12,27.125677
2018-10-13,26.695429
2018-10-14,26.947601
2018-10-15,26.730856
2018-10-16,26.861155
2018-10-17,26.874634
2018-10-18,27.185324
2018-10-19,27.484604
2018-10-20,27.583761
2018-10-21,27.355484
2018-10-22,26.105646
2018-10-23,25.864862
2018-10-24,25.856949
2018-10-25,25.919443
2018-10-26,26.2824
2018-10-27,26.387869
2018-10-28,26.282532
2018-10-29,25.68782
2018-10-30,24.937546
2018-10-31,25.532827
2018-11-01,25.99711
2018-11-02,26.028326
2018-11-03,26.384066
2018-11-04,26.964401
2018-11-05,26.585434
2018-11-06,25.310217
2018-11-07,23.759157
2018-11-08,23.369501
2018-11-09,23.077505
2018-11-10,23.765383
2018-11-11,23.59614
2018-11-12,23.794981
2018-11-13,23.712463
2018-11-14,23.912537
2018-11-15,23.900259
2018-11-16,24.011307
2018-11-17,23.891928
2018-11-18,24.176819
2018-11-19,24.979584
2018-11-20,25.321123
2018-11-21,25.42776
2018-11-22,24.952179
2018-11-23,24.988632
2018-11-24,24.312881
2018-11-25,23.186277
2018-11-26,22.234573
2018-11-27,22.275812
2018-11-28,22.18049
2018-11-29,21.829971
2018-11-30,21.674292
2019-06-01,37.809166
2019-06-02,37.99905
2019-06-03,37.70281
2019-06-04,37.558216
2019-06-05,38.010727
2019-06-06,38.35686
2019-06-07,37.9902
2019-06-08,37.887543
2019-06-09,38.055084
2019-06-10,37.49033
2019-06-11,38.368404
2019-06-12,38.301914
2019-06-13,36.83504
2019-06-14,37.259747
2019-06-15,36.15045
2019-06-16,35.07297
2019-06-17,34.68661
2019-06-18,34.24382
2019-06-19,32.223316
2019-06-20,33.493137
2019-06-21,34.613445
2019-06-22,33.28038
2019-06-23,32.615242
2019-06-24,31.80876
2019-06-25,31.841318
2019-06-26,31.944407
2019-06-27,30.723581
2019-06-28,30.011795
2019-06-29,29.100426
2019-06-30,27.327713
2019-07-01,28.129646
2019-07-02,28.628244
2019-07-03,26.77738
2019-07-04,26.234312
2019-07-05,25.675196
2019-07-06,25.276312
2019-07-07,26.119974
2019-07-08,27.166376
2019-07-09,28.262045
2019-07-10,28.53552
2019-07-11,28.84243
2019-07-12,28.775719
2019-07-13,28.93453
2019-07-14,29.0673
2019-07-15,29.124405
2019-07-16,29.368103
2019-07-17,29.87095
2019-07-18,30.179598
2019-07-19,30.306946
2019-07-20,29.968887
2019-07-21,30.317343
2019-07-22,31.349716
2019-07-23,32.052845
2019-07-24,31.35892
2019-07-25,29.021788
2019-07-26,27.706842
2019-07-27,26.445625
2019-07-28,25.76694
2019-07-29,26.700043
2019-07-30,25.604813
2019-07-31,25.043962
2019-08-01,25.55683
2019-08-02,25.839628
2019-08-03,25.774027
2019-08-04,26.566698
2019-08-05,26.318933
2019-08-06,26.59907
2019-08-07,25.515747
2019-08-08,25.173182
2019-08-09,24.973291
2019-08-10,26.225084
2019-08-11,26.020987
2019-08-12,26.434896
2019-08-13,26.904318
2019-08-14,25.720682
2019-08-15,24.74703
2019-08-16,25.705856
2019-08-17,26.343832
2019-08-18,26.11397
2019-08-19,26.323936
2019-08-20,26.855682
2019-08-21,26.909882
2019-08-22,27.199102
2019-08-23,27.136759
2019-08-24,26.318903
2019-08-25,25.302214
2019-08-26,24.637838
2019-08-27,24.285255
2019-08-28,24.639143
2019-08-29,26.524256
2019-08-30,27.181215
2019-08-31,27.188156
2019-09-01,27.364182
2019-09-02,27.358541
2019-09-03,26.756685
2019-09-04,26.776564
2019-09-05,26.934042
2019-09-06,27.210726
2019-09-07,27.386927
2019-09-08,26.674845
2019-09-09,25.914469
2019-09-10,25.341887
2019-09-11,25.502592
2019-09-12,25.068182
2019-09-13,24.376274
2019-09-14,24.416773
2019-09-15,24.988348
2019-09-16,25.693382
2019-09-17,26.439157
2019-09-18,26.883749
2019-09-19,27.112387
2019-09-20,27.129068
2019-09-21,26.909155
2019-09-22,27.648012
2019-09-23,27.0716
2019-09-24,27.58206
2019-09-25,27.013971
2019-09-26,26.831589
2019-09-27,25.937933
2019-09-28,26.03657
2019-09-29,26.460617
2019-09-30,26.53713
2019-10-01,25.376768
2019-10-02,26.645956
2019-10-03,27.14134
2019-10-04,27.367727
2019-10-05,27.164167
2019-10-06,26.966211
2019-10-07,27.434732
2019-10-08,27.445929
2019-10-09,27.535894
2019-10-10,27.42378
2019-10-11,27.054846
2019-10-12,26.287313
2019-10-13,25.766464
2019-10-14,25.972773
2019-10-15,26.202745
2019-10-16,26.137476
2019-10-17,26.21605
2019-10-18,26.367197
2019-10-19,25.97901
2019-10-20,25.599085
2019-10-21,25.526382
2019-10-22,25.07267
2019-10-23,23.387558
2019-10-24,23.449621
2019-10-25,24.110777
2019-10-26,23.835077
2019-10-27,23.553812
2019-10-28,24.733358
2019-10-29,26.035675
2019-10-30,26.678736
2019-10-31,26.68516
2019-11-01,26.203115
2019-11-02,24.401703
2019-11-03,25.092003
2019-11-04,25.91535
2019-11-05,25.884165
2019-11-06,26.011757
2019-11-07,25.88569
2019-11-08,25.968699
2019-11-09,25.321167
2019-11-10,24.809298
2019-11-11,24.85263
2019-11-12,24.558859
2019-11-13,24.085342
2019-11-14,23.507421
2019-11-15,22.822092
2019-11-16,23.032442
2019-11-17,23.045038
2019-11-18,22.50003
2019-11-19,22.839798
2019-11-20,22.126776
2019-11-21,22.45098
2019-11-22,22.749031
2019-11-23,22.824987
2019-11-24,23.160347
2019-11-25,23.315405
2019-11-26,23.20845
2019-11-27,23.288023
2019-11-28,23.341848
2019-11-29,23.10685
2019-11-30,23.071177
2020-06-01,36.51134
2020-06-02,32.39508
2020-06-03,28.906351
2020-06-04,27.743162
2020-06-05,29.46383
2020-06-06,30.26017
2020-06-07,30.915323
2020-06-08,31.265472
2020-06-09,31.938364
2020-06-10,31.856256
2020-06-11,31.479279
2020-06-12,30.395403
2020-06-13,30.46839
2020-06-14,30.294817
2020-06-15,29.347162
2020-06-16,29.93949
2020-06-17,29.203959
2020-06-18,30.179932
2020-06-19,29.747522
2020-06-20,29.513384
2020-06-21,30.601976
2020-06-22,30.709116
2020-06-23,29.116392
2020-06-24,29.073265
2020-06-25,30.906096
2020-06-26,30.017145
2020-06-27,30.021805
2020-06-28,30.794958
2020-06-29,30.923895
2020-06-30,31.20365
2020-07-01,31.440866
2020-07-02,30.928093
2020-07-03,29.271585
2020-07-04,29.646652
2020-07-05,28.894415
2020-07-06,27.340368
2020-07-07,28.238894
2020-07-08,29.358896
2020-07-09,29.323679
2020-07-10,29.35349
2020-07-11,29.361078
2020-07-12,28.537903
2020-07-13,29.398695
2020-07-14,29.903543
2020-07-15,28.596664
2020-07-16,28.683004
2020-07-17,28.986267
2020-07-18,30.068213
2020-07-19,29.379908
2020-07-20,29.469793
2020-07-21,29.78465
2020-07-22,30.232138
2020-07-23,29.346579
2020-07-24,28.676409
2020-07-25,28.590448
2020-07-26,29.220102
2020-07-27,29.438276
2020-07-28,29.606634
2020-07-29,28.905266
2020-07-30,29.07847
2020-07-31,29.73049
2020-08-01,29.912504
2020-08-02,30.375666
2020-08-03,29.200415
2020-08-04,28.906654
2020-08-05,28.23173
2020-08-06,28.16243
2020-08-07,26.95002
2020-08-08,27.306725
2020-08-09,26.698038
2020-08-10,27.064444
2020-08-11,26.956186
2020-08-12,26.061224
2020-08-13,25.039476
2020-08-14,25.37136
2020-08-15,25.331228
2020-08-16,25.73588
2020-08-17,25.679117
2020-08-18,25.515936
2020-08-19,25.586824
2020-08-20,25.670229
2020-08-21,25.881933
2020-08-22,24.918455
2020-08-23,24.751602
2020-08-24,25.93431
2020-08-25,26.513239
2020-08-26,26.820572
2020-08-27,26.644829
2020-08-28,26.078802
2020-08-29,25.416626
2020-08-30,25.054312
2020-08-31,26.107803
2020-09-01,26.685379
2020-09-02,27.07929
2020-09-03,27.751406
2020-09-04,28.479034
2020-09-05,28.587454
2020-09-06,28.640951
2020-09-07,28.554678
2020-09-08,28.886461
2020-09-09,29.310158
2020-09-10,28.983908
2020-09-11,27.59133
2020-09-12,28.549307
2020-09-13,28.575035
2020-09-14,28.01232
2020-09-15,27.753504
2020-09-16,28.06927
2020-09-17,28.443436
2020-09-18,28.154022
2020-09-19,28.0328
2020-09-20,28.190687
2020-09-21,28.788713
2020-09-22,28.714773
2020-09-23,26.460901
2020-09-24,27.21904
2020-09-25,28.07953
2020-09-26,27.188072
2020-09-27,27.225561
2020-09-28,27.420446
2020-09-29,27.379618
2020-09-30,27.566168
2020-10-01,27.787857
2020-10-02,28.149939
2020-10-03,27.924097
2020-10-04,27.650925
2020-10-05,27.300436
2020-10-06,27.028305
2020-10-07,27.04019
2020-10-08,27.08139
2020-10-09,27.520014
2020-10-10,27.622192
2020-10-11,26.855347
2020-10-12,27.94755
2020-10-13,28.134851
2020-10-14,29.347174
2020-10-15,29.222242
2020-10-16,29.409286
2020-10-17,29.839289
2020-10-18,29.617102
2020-10-19,29.280762
2020-10-20,29.072922
2020-10-21,28.45826
2020-10-22,28.26323
2020-10-23,27.281837
2020-10-24,26.241638
2020-10-25,25.837202
2020-10-26,25.75051
2020-10-27,25.553293
2020-10-28,25.479235
2020-10-29,25.092726
2020-10-30,25.403328
2020-10-31,24.836296
2020-11-01,24.52172
2020-11-02,24.25441
2020-11-03,24.226921
2020-11-04,24.058187
2020-11-05,23.56426
2020-11-06,23.325266
2020-11-07,23.242674
2020-11-08,22.861773
2020-11-09,22.948755
2020-11-10,22.512049
2020-11-11,22.070206
2020-11-12,22.61435
2020-11-13,24.147512
2020-11-14,25.10784
2020-11-15,25.700388
2020-11-16,26.305506
2020-11-17,26.00908
2020-11-18,25.929457
2020-11-19,25.52195
2020-11-20,24.24527
2020-11-21,22.386871
2020-11-22,21.928396
2020-11-23,22.755407
2020-11-24,23.41175
2020-11-25,23.506857
2020-11-26,23.134119
2020-11-27,21.977758
2020-11-28,21.764847
2020-11-29,23.110697
2020-11-30,24.097422
2021-06-01,34.60442
2021-06-02,34.194668
2021-06-03,34.091022
2021-06-04,33.20801
2021-06-05,32.09694
2021-06-06,31.666933
2021-06-07,31.002586
2021-06-08,31.734009
2021-06-09,32.0346
2021-06-10,32.004513
2021-06-11,31.726938
2021-06-12,31.823877
2021-06-13,32.680134
2021-06-14,32.790802
2021-06-15,32.71175
2021-06-16,32.16586
2021-06-17,31.686197
2021-06-18,30.622055
2021-06-19,29.97915
2021-06-20,28.182816
2021-06-21,28.594406
2021-06-22,29.211845
2021-06-23,28.391973
2021-06-24,27.36918
2021-06-25,28.442678
2021-06-26,28.769365
2021-06-27,28.951677
2021-06-28,29.176353
2021-06-29,29.913061
2021-06-30,30.23822
2021-07-01,29.870886
2021-07-02,29.832647
2021-07-03,30.535086
2021-07-04,30.649176
2021-07-05,30.734154
2021-07-06,31.280893
2021-07-07,31.77227
2021-07-08,31.640657
2021-07-09,30.249598
2021-07-10,29.953718
2021-07-11,29.44695
2021-07-12,30.12806
2021-07-13,30.407549
2021-07-14,30.182556
2021-07-15,30.417902
2021-07-16,30.407236
2021-07-17,30.778944
2021-07-18,30.205385
2021-07-19,28.61528
2021-07-20,27.68226
2021-07-21,27.317717
2021-07-22,27.60789
2021-07-23,26.757996
2021-07-24,26.21094
2021-07-25,25.330667
2021-07-26,25.404968
2021-07-27,24.945326
2021-07-28,25.353094
2021-07-29,24.696436
2021-07-30,25.532145
2021-07-31,25.52877
2021-08-01,25.638132
2021-08-02,24.55597
2021-08-03,25.054277
2021-08-04,25.41897
2021-08-05,25.330603
2021-08-06,24.879133
2021-08-07,25.170996
2021-08-08,26.134153
2021-08-09,26.642931
2021-08-10,26.822256
2021-08-11,26.988321
2021-08-12,27.131704
2021-08-13,27.001352
2021-08-14,27.119574
2021-08-15,27.39062
2021-08-16,27.802423
2021-08-17,27.363813
2021-08-18,25.57229
2021-08-19,24.700037
2021-08-20,25.234419
2021-08-21,25.665716
2021-08-22,26.4009
2021-08-23,26.481333
2021-08-24,26.698133
2021-08-25,26.63111
2021-08-26,26.54521
2021-08-27,26.804285
2021-08-28,27.268526
2021-08-29,26.951614
2021-08-30,26.67851
2021-08-31,27.095596
2021-09-01,26.957575
2021-09-02,26.675163
2021-09-03,27.733765
2021-09-04,27.671457
2021-09-05,26.829803
2021-09-06,27.651114
2021-09-07,27.842775
2021-09-08,27.520845
2021-09-09,26.339678
2021-09-10,26.50843
2021-09-11,26.317965
2021-09-12,26.63386
2021-09-13,27.61468
2021-09-14,27.17993
2021-09-15,25.990587
2021-09-16,25.528147
2021-09-17,26.054817
2021-09-18,25.43828
2021-09-19,26.192175
2021-09-20,26.08018
2021-09-21,26.174484
2021-09-22,26.75709
2021-09-23,27.089853
2021-09-24,27.653755
2021-09-25,26.661835
2021-09-26,25.759867
2021-09-27,27.253267
2021-09-28,27.171898
2021-09-29,26.319038
2021-09-30,27.863867
2021-10-01,27.951033
2021-10-02,27.701574
2021-10-03,27.877401
2021-10-04,28.388351
2021-10-05,28.686197
2021-10-06,28.762772
2021-10-07,28.833061
2021-10-08,29.180275
2021-10-09,28.624357
2021-10-10,28.49035
2021-10-11,28.337713
2021-10-12,28.080545
2021-10-13,28.175436
2021-10-14,27.336908
2021-10-15,26.066103
2021-10-16,26.80124
2021-10-17,25.923782
2021-10-18,26.287878
2021-10-19,25.33386
2021-10-20,25.166544
2021-10-21,24.836977
2021-10-22,24.678839
2021-10-23,24.545935
2021-10-24,24.322886
2021-10-25,24.777197
2021-10-26,24.776194
2021-10-27,24.423346
2021-10-28,23.61463
2021-10-29,23.183945
2021-10-30,22.713282
2021-10-31,22.283297
2021-11-01,22.382338
2021-11-02,22.306305
2021-11-03,22.713745
2021-11-04,23.055786
2021-11-05,23.270655
2021-11-06,22.926733
2021-11-07,22.978846
2021-11-08,23.30958
2021-11-09,23.272188
2021-11-10,22.962988
2021-11-11,22.271723
2021-11-12,22.149363
2021-11-13,22.918692
2021-11-14,23.435282
2021-11-15,23.568064
2021-11-16,23.350204
2021-11-17,24.385468
2021-11-18,25.353777
2021-11-19,25.250105
2021-11-20,25.20807
2021-11-21,26.141825
2021-11-22,26.759317
2021-11-23,26.483086
2021-11-24,25.753489
2021-11-25,25.22261
2021-11-26,24.701326
2021-11-27,23.895905
2021-11-28,23.254608
2021-11-29,22.644714
2021-11-30,22.688349
2022-06-01,36.173065
2022-06-02,36.32403
2022-06-03,36.664295
2022-06-04,36.65831
2022-06-05,36.890514
2022-06-06,36.91251
2022-06-07,36.74889
2022-06-08,36.51393
2022-06-09,36.363632
2022-06-10,36.621464
2022-06-11,35.238735
2022-06-12,31.315207
2022-06-13,32.194355
2022-06-14,33.363003
2022-06-15,33.07532
2022-06-16,32.83908
2022-06-17,33.29053
2022-06-18,33.252888
2022-06-19,32.79933
2022-06-20,31.675636
2022-06-21,31.71533
2022-06-22,32.160374
2022-06-23,31.700983
2022-06-24,31.57255
2022-06-25,32.64331
2022-06-26,32.130863
2022-06-27,31.491278
2022-06-28,30.705978
2022-06-29,30.236618
2022-06-30,29.33731
2022-07-01,28.86319
2022-07-02,28.413618
2022-07-03,28.01426
2022-07-04,27.863098
2022-07-05,27.166718
2022-07-06,28.166077
2022-07-07,27.751505
2022-07-08,27.016413
2022-07-09,27.337534
2022-07-10,27.00915
2022-07-11,26.655975
2022-07-12,26.279251
2022-07-13,25.887674
2022-07-14,26.649073
2022-07-15,26.046167
2022-07-16,27.667715
2022-07-17,27.678385
2022-07-18,25.930964
2022-07-19,25.172989
2022-07-20,25.901672
2022-07-21,26.86944
2022-07-22,27.307196
2022-07-23,26.030493
2022-07-24,25.327608
2022-07-25,25.15271
2022-07-26,25.485046
2022-07-27,26.537941
2022-07-28,27.265085
2022-07-29,27.564932
2022-07-30,27.948725
2022-07-31,27.527908
2022-08-01,27.437414
2022-08-02,27.629852
2022-08-03,28.284388
2022-08-04,28.285666
2022-08-05,28.143366
2022-08-06,28.451744
2022-08-07,27.822968
2022-08-08,27.683344
2022-08-09,27.39469
2022-08-10,25.895601
2022-08-11,25.883081
2022-08-12,26.10855
2022-08-13,26.657213
2022-08-14,26.521826
2022-08-15,25.09535
2022-08-16,24.557966
2022-08-17,25.769869
2022-08-18,26.385508
2022-08-19,26.753508
2022-08-20,26.363169
2022-08-21,25.76412
2022-08-22,24.551292
2022-08-23,25.024017
2022-08-24,26.201385
2022-08-25,26.656427
2022-08-26,27.030243
2022-08-27,27.13474
2022-08-28,27.128088
2022-08-29,27.276062
2022-08-30,28.150278
2022-08-31,28.722824
2022-09-01,27.937841
2022-09-02,28.413254
2022-09-03,29.116697
2022-09-04,28.020966
2022-09-05,27.505548
2022-09-06,28.191683
2022-09-07,28.612082
2022-09-08,29.037485
2022-09-09,29.559992
2022-09-10,29.412354
2022-09-11,28.92257
2022-09-12,27.971903
2022-09-13,27.23316
2022-09-14,26.180857
2022-09-15,25.706553
2022-09-16,25.71781
2022-09-17,26.883005
2022-09-18,27.568731
2022-09-19,27.777063
2022-09-20,27.492744
2022-09-21,27.508566
2022-09-22,26.918089
2022-09-23,24.936775
2022-09-24,25.919035
2022-09-25,26.292048
2022-09-26,26.916801
2022-09-27,27.528824
2022-09-28,28.40087
2022-09-29,28.328812
2022-09-30,28.332819
2022-10-01,28.117836
2022-10-02,28.040888
2022-10-03,27.812845
2022-10-04,27.835398
2022-10-05,28.027304
2022-10-06,26.97104
2022-10-07,25.980026
2022-10-08,26.433077
2022-10-09,27.082052
2022-10-10,27.446495
2022-10-11,27.469744
2022-10-12,27.407972
2022-10-13,26.24793
2022-10-14,25.103693
2022-10-15,24.64889
2022-10-16,25.000711
2022-10-17,26.355204
2022-10-18,27.415289
2022-10-19,27.05452
2022-10-20,26.572168
2022-10-21,26.504873
2022-10-22,25.338457
2022-10-23,25.71615
2022-10-24,25.005426
2022-10-25,25.419342
2022-10-26,25.907587
2022-10-27,25.629028
2022-10-28,25.836893
2022-10-29,25.749842
2022-10-30,26.025202
2022-10-31,25.118578
2022-11-01,24.779127
2022-11-02,25.142868
2022-11-03,25.947412
2022-11-04,26.121935
2022-11-05,26.41068
2022-11-06,26.277048
2022-11-07,25.767527
2022-11-08,25.96253
2022-11-09,25.7464
2022-11-10,25.969812
2022-11-11,25.803627
2022-11-12,24.974386
2022-11-13,24.164995
2022-11-14,24.315842
2022-11-15,24.404997
2022-11-16,24.30803
2022-11-17,23.638626
2022-11-18,22.751022
2022-11-19,22.094141
2022-11-20,21.688402
2022-11-21,21.613297
2022-11-22,21.33272
2022-11-23,21.46903
2022-11-24,21.616209
2022-11-25,21.621656
2022-11-26,20.777353
2022-11-27,20.824263
2022-11-28,21.435562
2022-11-29,21.600592
2022-11-30,21.740273
