Time,Precipitation
2001-06-01,0.010666647
2001-06-02,0.016393157
2001-06-03,0.028215202
2001-06-04,0.06167579
2001-06-05,0.03928427
2001-06-06,0.033196483
2001-06-07,0.3079606
2001-06-08,0.6639588
2001-06-09,0.27043706
2001-06-10,0.13313772
2001-06-11,0.18406713
2001-06-12,0.09159237
2001-06-13,0.121691674
2001-06-14,0.3404132
2001-06-15,0.9221781
2001-06-16,1.2257174
2001-06-17,1.4470447
2001-06-18,0.5301396
2001-06-19,0.17355578
2001-06-20,0.013222775
2001-06-21,0.012591376
2001-06-22,0.016326683
2001-06-23,0.0203277
2001-06-24,0.013198069
2001-06-25,0.0018803709
2001-06-26,0.020467961
2001-06-27,0.023688585
2001-06-28,0.0073572122
2001-06-29,0.0628897
2001-06-30,0.21430455
2001-07-01,0.34855232
2001-07-02,0.45237827
2001-07-03,0.33509362
2001-07-04,0.17145485
2001-07-05,0.06392135
2001-07-06,0.041032758
2001-07-07,0.055557624
2001-07-08,0.3135222
2001-07-09,0.4009023
2001-07-10,0.8261699
2001-07-11,0.27504307
2001-07-12,0.096364826
2001-07-13,0.10419466
2001-07-14,0.047471415
2001-07-15,0.16156967
2001-07-16,0.08466277
2001-07-17,0.20484184
2001-07-18,0.49352917
2001-07-19,0.61268526
2001-07-20,0.14344122
2001-07-21,0.49857542
2001-07-22,0.62319946
2001-07-23,0.5435371
2001-07-24,0.3417335
2001-07-25,0.052056033
2001-07-26,0.046521693
2001-07-27,0.059283078
2001-07-28,0.08490277
2001-07-29,0.053572383
2001-07-30,0.04626796
2001-07-31,0.063774444
2001-08-01,0.058750022
2001-08-02,0.12665062
2001-08-03,0.044653285
2001-08-04,0.83109474
2001-08-05,0.46626702
2001-08-06,0.9045902
2001-08-07,0.13186698
2001-08-08,0.27760604
2001-08-09,0.2791188
2001-08-10,0.44982466
2001-08-11,0.8640203
2001-08-12,0.30543432
2001-08-13,0.43083283
2001-08-14,0.38711393
2001-08-15,1.4394015
2001-08-16,0.57428366
2001-08-17,0.2445456
2001-08-18,0.01666194
2001-08-19,0.016519876
2001-08-20,0.06888841
2001-08-21,0.07179035
2001-08-22,0.0699838
2001-08-23,0.060737237
2001-08-24,0.20762299
2001-08-25,0.09983835
2001-08-26,0.041102648
2001-08-27,0.037503004
2001-08-28,0.014699037
2001-08-29,0.017408319
2001-08-30,0.018392375
2001-08-31,0.005812055
2001-09-01,0.06211953
2001-09-02,0.026254522
2001-09-03,0.01782479
2001-09-04,0.031861152
2001-09-05,0.04013962
2001-09-06,0.0310108
2001-09-07,0.048722878
2001-09-08,0.015116182
2001-09-09,0.017834064
2001-09-10,0.0013914672
2001-09-11,9.993751e-05
2001-09-12,0.009189943
2001-09-13,0.018922376
2001-09-14,0.019479359
2001-09-15,0.05308361
2001-09-16,0.1697072
2001-09-17,0.058536068
2001-09-18,0.068758756
2001-09-19,0.057216514
2001-09-20,0.08267043
2001-09-21,0.008674153
2001-09-22,0.0060143746
2001-09-23,0.005151451
2001-09-24,0.018444322
2001-09-25,0.0361455
2001-09-26,0.0021737397
2001-09-27,0.00018616424
2001-09-28,0.0
2001-09-29,0.0
2001-09-30,0.013416904
2001-10-01,0.29332
2001-10-02,0.045875743
2001-10-03,0.14328963
2001-10-04,0.28126016
2001-10-05,0.14922012
2001-10-06,0.44921434
2001-10-07,0.020862117
2001-10-08,0.041258182
2001-10-09,0.29419854
2001-10-10,0.3120093
2001-10-11,0.63310874
2001-10-12,0.17775874
2001-10-13,0.058715735
2001-10-14,0.025833651
2001-10-15,4.157423e-05
2001-10-16,0.0
2001-10-17,0.0
2001-10-18,0.0
2001-10-19,0.0
2001-10-20,0.0
2001-10-21,0.0
2001-10-22,0.0
2001-10-23,0.0
2001-10-24,0.0
2001-10-25,0.0
2001-10-26,0.0
2001-10-27,0.0
2001-10-28,0.0
2001-10-29,0.0
2001-10-30,0.0
2001-10-31,0.0
2001-11-01,0.0
2001-11-02,0.0
2001-11-03,0.0
2001-11-04,0.0
2001-11-05,0.0
2001-11-06,0.0
2001-11-07,0.0
2001-11-08,0.0
2001-11-09,0.0
2001-11-10,0.0
2001-11-11,0.0
2001-11-12,0.0
2001-11-13,0.0
2001-11-14,0.0
2001-11-15,0.0
2001-11-16,0.0
2001-11-17,1.286477e-05
2001-11-18,5.960506e-07
2001-11-19,0.0
2001-11-20,0.0
2001-11-21,0.0
2001-11-22,0.0
2001-11-23,0.0
2001-11-24,0.0
2001-11-25,0.0
2001-11-26,0.0
2001-11-27,0.0
2001-11-28,0.0
2001-11-29,0.0
2001-11-30,0.0
2002-06-01,0.05399157
2002-06-02,0.03476421
2002-06-03,0.060204443
2002-06-04,0.0701358
2002-06-05,0.10437009
2002-06-06,0.004319678
2002-06-07,6.9638096e-05
2002-06-08,0.0010670702
2002-06-09,0.008834903
2002-06-10,0.07901696
2002-06-11,0.022315705
2002-06-12,0.07787911
2002-06-13,0.18226595
2002-06-14,0.18455707
2002-06-15,0.07161673
2002-06-16,0.014482118
2002-06-17,0.041257743
2002-06-18,0.035944518
2002-06-19,0.041628633
2002-06-20,0.12959129
2002-06-21,0.14153932
2002-06-22,0.050781976
2002-06-23,0.2784927
2002-06-24,1.0492456
2002-06-25,1.3362454
2002-06-26,1.0395023
2002-06-27,0.4467785
2002-06-28,0.63841766
2002-06-29,1.0478576
2002-06-30,0.08661511
2002-07-01,0.01414283
2002-07-02,0.03247905
2002-07-03,0.03319323
2002-07-04,0.037723105
2002-07-05,0.03164625
2002-07-06,0.023656914
2002-07-07,0.022552209
2002-07-08,0.026784994
2002-07-09,0.021288842
2002-07-10,0.038992044
2002-07-11,0.048506286
2002-07-12,0.03213516
2002-07-13,0.029380513
2002-07-14,0.035928633
2002-07-15,0.053767428
2002-07-16,0.020567482
2002-07-17,0.050701614
2002-07-18,0.6766191
2002-07-19,0.53181463
2002-07-20,0.2573933
2002-07-21,0.13919015
2002-07-22,0.0761699
2002-07-23,0.07905887
2002-07-24,0.06584951
2002-07-25,0.08063535
2002-07-26,0.052645683
2002-07-27,0.031643663
2002-07-28,0.017034298
2002-07-29,0.0230638
2002-07-30,0.018742144
2002-07-31,0.023755997
2002-08-01,0.59197694
2002-08-02,0.6828583
2002-08-03,0.7296178
2002-08-04,0.5141377
2002-08-05,0.75394464
2002-08-06,0.6942887
2002-08-07,0.7144274
2002-08-08,0.37033537
2002-08-09,0.08315834
2002-08-10,0.09090859
2002-08-11,0.15761434
2002-08-12,0.15632187
2002-08-13,0.15372069
2002-08-14,0.0792005
2002-08-15,0.08638879
2002-08-16,1.2758844
2002-08-17,0.7871928
2002-08-18,0.51031333
2002-08-19,0.406581
2002-08-20,0.29449537
2002-08-21,0.0024559037
2002-08-22,0.06955931
2002-08-23,0.66445494
2002-08-24,0.85733694
2002-08-25,0.26992047
2002-08-26,0.04829747
2002-08-27,0.009702891
2002-08-28,0.03183213
2002-08-29,0.24996443
2002-08-30,0.9568549
2002-08-31,0.56085294
2002-09-01,0.42960262
2002-09-02,0.8256247
2002-09-03,1.5642382
2002-09-04,1.2933278
2002-09-05,0.19892544
2002-09-06,0.02755014
2002-09-07,0.008299115
2002-09-08,0.009449131
2002-09-09,0.018373251
2002-09-10,0.013719843
2002-09-11,0.021738475
2002-09-12,0.00021671504
2002-09-13,0.0007769918
2002-09-14,8.8811095e-05
2002-09-15,0.00015249099
2002-09-16,0.0005222861
2002-09-17,0.025049912
2002-09-18,0.12848197
2002-09-19,0.11626687
2002-09-20,0.031225985
2002-09-21,0.023820644
2002-09-22,0.014254595
2002-09-23,0.02244108
2002-09-24,0.031356756
2002-09-25,0.015672902
2002-09-26,0.023370976
2002-09-27,0.014110344
2002-09-28,0.005924705
2002-09-29,0.0014179387
2002-09-30,0.0
2002-10-01,0.0
2002-10-02,0.0
2002-10-03,0.0
2002-10-04,0.0
2002-10-05,0.0
2002-10-06,0.0
2002-10-07,0.00053650065
2002-10-08,0.00010758716
2002-10-09,0.0
2002-10-10,0.0
2002-10-11,0.0
2002-10-12,0.0
2002-10-13,0.0
2002-10-14,0.0
2002-10-15,0.0
2002-10-16,0.059464768
2002-10-17,0.005023328
2002-10-18,0.0003688055
2002-10-19,0.0
2002-10-20,0.0
2002-10-21,0.0
2002-10-22,0.0
2002-10-23,0.0
2002-10-24,0.0
2002-10-25,0.0
2002-10-26,0.0
2002-10-27,0.0
2002-10-28,0.0
2002-10-29,0.0
2002-10-30,0.0
2002-10-31,0.0
2002-11-01,0.0
2002-11-02,0.0
2002-11-03,0.0
2002-11-04,0.0
2002-11-05,0.0
2002-11-06,0.073642254
2002-11-07,0.00055005285
2002-11-08,0.0
2002-11-09,0.0
2002-11-10,0.0
2002-11-11,0.016117886
2002-11-12,0.0054598656
2002-11-13,0.0
2002-11-14,0.0
2002-11-15,0.0
2002-11-16,0.0
2002-11-17,0.0
2002-11-18,0.0
2002-11-19,0.0
2002-11-20,0.0
2002-11-21,0.0
2002-11-22,0.0
2002-11-23,0.0
2002-11-24,0.000116725765
2002-11-25,0.0
2002-11-26,0.0
2002-11-27,0.0
2002-11-28,0.0
2002-11-29,0.0
2002-11-30,0.0
2003-06-01,0.0
2003-06-02,0.0028861922
2003-06-03,0.017903518
2003-06-04,4.778306e-05
2003-06-05,3.665677e-05
2003-06-06,0.0002591304
2003-06-07,0.001538098
2003-06-08,1.7732398e-05
2003-06-09,5.8710913e-05
2003-06-10,6.337958e-05
2003-06-11,0.003745785
2003-06-12,0.0053426693
2003-06-13,0.0327756
2003-06-14,0.2188804
2003-06-15,0.3821814
2003-06-16,0.2475173
2003-06-17,0.08012243
2003-06-18,0.26755416
2003-06-19,0.5657148
2003-06-20,1.5916619
2003-06-21,1.2920282
2003-06-22,2.531194
2003-06-23,1.1793443
2003-06-24,0.22828877
2003-06-25,0.22185113
2003-06-26,0.109332345
2003-06-27,0.087119915
2003-06-28,0.12497575
2003-06-29,0.2051392
2003-06-30,0.07988875
2003-07-01,0.21229117
2003-07-02,0.5192429
2003-07-03,0.19397984
2003-07-04,0.5356119
2003-07-05,0.55542505
2003-07-06,0.46129456
2003-07-07,0.23080039
2003-07-08,0.2224136
2003-07-09,0.22196622
2003-07-10,0.06681273
2003-07-11,0.38129744
2003-07-12,0.2338136
2003-07-13,0.10689718
2003-07-14,0.43406275
2003-07-15,0.6810469
2003-07-16,0.9525397
2003-07-17,0.29642615
2003-07-18,0.14390159
2003-07-19,0.1350295
2003-07-20,0.34545565
2003-07-21,0.48618802
2003-07-22,0.53576463
2003-07-23,2.0108244
2003-07-24,0.35697493
2003-07-25,0.25388294
2003-07-26,0.12220689
2003-07-27,2.133459
2003-07-28,0.66309863
2003-07-29,0.06790086
2003-07-30,0.05912466
2003-07-31,0.048472136
2003-08-01,0.050195586
2003-08-02,0.13134058
2003-08-03,0.1547048
2003-08-04,0.6333664
2003-08-05,0.2638477
2003-08-06,0.123322755
2003-08-07,0.17738278
2003-08-08,0.33103496
2003-08-09,0.305878
2003-08-10,0.37530908
2003-08-11,0.41035247
2003-08-12,0.2045364
2003-08-13,0.16876374
2003-08-14,0.3405281
2003-08-15,0.064727806
2003-08-16,0.033424135
2003-08-17,0.06382852
2003-08-18,0.03820342
2003-08-19,0.12678431
2003-08-20,0.06054549
2003-08-21,0.061218426
2003-08-22,0.1491834
2003-08-23,2.0575001
2003-08-24,3.5146036
2003-08-25,0.12355193
2003-08-26,0.11625124
2003-08-27,0.12373624
2003-08-28,0.38504663
2003-08-29,0.2990718
2003-08-30,0.21563731
2003-08-31,0.37482354
2003-09-01,0.15800606
2003-09-02,0.1824518
2003-09-03,0.109965235
2003-09-04,0.17288823
2003-09-05,0.2934078
2003-09-06,0.05641148
2003-09-07,0.026501765
2003-09-08,0.009932564
2003-09-09,0.005703923
2003-09-10,0.035997245
2003-09-11,0.0403767
2003-09-12,0.030030275
2003-09-13,0.051378544
2003-09-14,0.17963453
2003-09-15,0.49292532
2003-09-16,0.06321681
2003-09-17,0.118011884
2003-09-18,0.25228253
2003-09-19,0.48191884
2003-09-20,0.944793
2003-09-21,0.4289101
2003-09-22,0.49425462
2003-09-23,0.541702
2003-09-24,0.33667865
2003-09-25,0.4161146
2003-09-26,0.18935673
2003-09-27,0.4202347
2003-09-28,0.6048227
2003-09-29,0.2214493
2003-09-30,0.0334346
2003-10-01,0.0075455946
2003-10-02,0.00012670837
2003-10-03,0.00032270906
2003-10-04,0.0
2003-10-05,0.0
2003-10-06,0.02180322
2003-10-07,0.0072557237
2003-10-08,0.0032861624
2003-10-09,2.6822183e-06
2003-10-10,9.27843e-05
2003-10-11,1.1921012e-06
2003-10-12,0.0
2003-10-13,0.0
2003-10-14,0.0
2003-10-15,0.0
2003-10-16,0.0
2003-10-17,0.0
2003-10-18,0.0
2003-10-19,0.0
2003-10-20,0.0
2003-10-21,0.0
2003-10-22,0.0
2003-10-23,0.0
2003-10-24,0.0
2003-10-25,0.0
2003-10-26,0.0
2003-10-27,0.0
2003-10-28,0.0
2003-10-29,4.177299e-05
2003-10-30,0.0078025064
2003-10-31,0.0041246978
2003-11-01,0.0
2003-11-02,3.635934e-05
2003-11-03,1.2417634e-05
2003-11-04,2.4090223e-05
2003-11-05,0.0
2003-11-06,0.0
2003-11-07,0.00056252006
2003-11-08,1.2417634e-05
2003-11-09,0.0
2003-11-10,0.0
2003-11-11,0.0
2003-11-12,0.0
2003-11-13,0.0
2003-11-14,0.0
2003-11-15,0.0
2003-11-16,0.0
2003-11-17,0.0
2003-11-18,0.0
2003-11-19,0.0
2003-11-20,0.0
2003-11-21,0.0
2003-11-22,0.0
2003-11-23,0.0
2003-11-24,0.0
2003-11-25,0.0
2003-11-26,0.0
2003-11-27,0.0
2003-11-28,0.0
2003-11-29,0.0
2003-11-30,0.0
2004-06-01,0.0034886554
2004-06-02,0.003013416
2004-06-03,0.0028251186
2004-06-04,7.4505947e-06
2004-06-05,0.0048971972
2004-06-06,0.007094348
2004-06-07,0.54107916
2004-06-08,0.121531956
2004-06-09,0.62853545
2004-06-10,0.3672605
2004-06-11,0.60642713
2004-06-12,0.82442
2004-06-13,0.43754768
2004-06-14,1.6368766
2004-06-15,0.9517227
2004-06-16,0.55602854
2004-06-17,0.12408192
2004-06-18,0.08624503
2004-06-19,0.021209417
2004-06-20,0.042129267
2004-06-21,0.020409262
2004-06-22,0.019277375
2004-06-23,0.017876578
2004-06-24,0.047115643
2004-06-25,0.097370416
2004-06-26,0.045805022
2004-06-27,0.054337915
2004-06-28,0.04235545
2004-06-29,0.026714293
2004-06-30,0.050763253
2004-07-01,0.031018643
2004-07-02,0.04301658
2004-07-03,0.11485397
2004-07-04,0.5462116
2004-07-05,0.51720876
2004-07-06,0.24382775
2004-07-07,0.22539438
2004-07-08,0.06254821
2004-07-09,0.046036933
2004-07-10,0.03950983
2004-07-11,0.047739547
2004-07-12,0.031548344
2004-07-13,0.012709942
2004-07-14,0.02314317
2004-07-15,0.028955735
2004-07-16,0.9444832
2004-07-17,0.9724342
2004-07-18,0.30141684
2004-07-19,0.17233442
2004-07-20,0.038592555
2004-07-21,0.0564867
2004-07-22,0.029027073
2004-07-23,0.024923973
2004-07-24,0.025619583
2004-07-25,0.49083352
2004-07-26,0.53063184
2004-07-27,0.7967582
2004-07-28,0.73005843
2004-07-29,0.90769625
2004-07-30,0.91345483
2004-07-31,0.9910839
2004-08-01,0.6203821
2004-08-02,0.86850095
2004-08-03,0.4852276
2004-08-04,0.3312904
2004-08-05,1.3318081
2004-08-06,1.4396445
2004-08-07,0.3731378
2004-08-08,0.34919238
2004-08-09,0.2794294
2004-08-10,0.46777165
2004-08-11,0.70213205
2004-08-12,2.201771
2004-08-13,0.42879114
2004-08-14,0.9633301
2004-08-15,1.0030897
2004-08-16,0.35817456
2004-08-17,0.108224995
2004-08-18,0.06742773
2004-08-19,0.19678809
2004-08-20,0.257167
2004-08-21,0.2089861
2004-08-22,1.0503207
2004-08-23,2.4728525
2004-08-24,1.0380416
2004-08-25,0.18358433
2004-08-26,0.012211062
2004-08-27,0.024899697
2004-08-28,0.019545598
2004-08-29,0.014476561
2004-08-30,0.052216362
2004-08-31,0.086719364
2004-09-01,0.053693067
2004-09-02,0.025439238
2004-09-03,0.021105796
2004-09-04,0.032780234
2004-09-05,0.11669502
2004-09-06,0.131823
2004-09-07,0.0014255905
2004-09-08,0.004844381
2004-09-09,0.0030253744
2004-09-10,0.041562628
2004-09-11,0.041678194
2004-09-12,0.034598064
2004-09-13,0.01416095
2004-09-14,0.03601051
2004-09-15,0.032938987
2004-09-16,0.0138746565
2004-09-17,0.110527776
2004-09-18,0.057859246
2004-09-19,0.06040685
2004-09-20,0.039332274
2004-09-21,0.017412364
2004-09-22,0.016583929
2004-09-23,0.1624804
2004-09-24,0.38176247
2004-09-25,0.16510731
2004-09-26,0.04778235
2004-09-27,0.010487929
2004-09-28,0.0011986453
2004-09-29,0.08613031
2004-09-30,0.008757139
2004-10-01,0.18178755
2004-10-02,0.24951197
2004-10-03,0.30826792
2004-10-04,0.26875857
2004-10-05,0.31959423
2004-10-06,0.1874435
2004-10-07,0.006915407
2004-10-08,0.008715629
2004-10-09,0.010754977
2004-10-10,0.11049565
2004-10-11,0.14217009
2004-10-12,0.0071930364
2004-10-13,0.024190841
2004-10-14,0.0
2004-10-15,0.0
2004-10-16,0.0
2004-10-17,0.0
2004-10-18,0.0
2004-10-19,0.0
2004-10-20,0.0
2004-10-21,0.0
2004-10-22,0.0
2004-10-23,0.0
2004-10-24,0.0
2004-10-25,0.0
2004-10-26,0.0
2004-10-27,0.0
2004-10-28,0.0
2004-10-29,0.0013061782
2004-10-30,0.00022714339
2004-10-31,1.2417635e-06
2004-11-01,0.0
2004-11-02,3.1292682e-06
2004-11-03,0.0
2004-11-04,0.0
2004-11-05,0.0
2004-11-06,0.0
2004-11-07,0.0
2004-11-08,8.642625e-06
2004-11-09,0.007888411
2004-11-10,0.1405189
2004-11-11,0.03724193
2004-11-12,0.022450447
2004-11-13,0.019785121
2004-11-14,0.0012502046
2004-11-15,1.7881517e-06
2004-11-16,0.0
2004-11-17,0.0
2004-11-18,0.0
2004-11-19,0.0
2004-11-20,0.0
2004-11-21,0.0
2004-11-22,0.0
2004-11-23,0.0
2004-11-24,0.0
2004-11-25,0.0
2004-11-26,0.0
2004-11-27,0.0
2004-11-28,0.0
2004-11-29,0.0
2004-11-30,0.0
2005-06-01,0.0
2005-06-02,0.00041892097
2005-06-03,1.4801723e-05
2005-06-04,0.0
2005-06-05,9.953985e-05
2005-06-06,0.0001345085
2005-06-07,0.00015343235
2005-06-08,0.0042156703
2005-06-09,0.13914222
2005-06-10,0.0871697
2005-06-11,0.011698508
2005-06-12,0.020694016
2005-06-13,0.051621746
2005-06-14,0.027882082
2005-06-15,0.0025531568
2005-06-16,0.005204124
2005-06-17,0.0029264018
2005-06-18,0.14044179
2005-06-19,0.048573077
2005-06-20,0.021685094
2005-06-21,0.008094598
2005-06-22,0.02720348
2005-06-23,0.090222485
2005-06-24,0.45582154
2005-06-25,0.32076472
2005-06-26,0.3923435
2005-06-27,0.8962362
2005-06-28,0.44583344
2005-06-29,0.65882057
2005-06-30,0.37936366
2005-07-01,0.40581754
2005-07-02,0.28638157
2005-07-03,0.15970613
2005-07-04,0.19159597
2005-07-05,0.17381011
2005-07-06,0.10638528
2005-07-07,0.1406012
2005-07-08,0.49292096
2005-07-09,0.5157676
2005-07-10,0.03402069
2005-07-11,0.09613637
2005-07-12,0.26225322
2005-07-13,0.06325587
2005-07-14,0.10808962
2005-07-15,0.32639188
2005-07-16,0.057246506
2005-07-17,0.0462662
2005-07-18,0.03599308
2005-07-19,0.047703534
2005-07-20,0.05024462
2005-07-21,0.030111358
2005-07-22,0.025025792
2005-07-23,0.017717468
2005-07-24,0.23302132
2005-07-25,0.51384884
2005-07-26,0.9132805
2005-07-27,1.8694681
2005-07-28,1.4727257
2005-07-29,0.093687914
2005-07-30,0.056568444
2005-07-31,0.68006307
2005-08-01,3.3735256
2005-08-02,0.6379123
2005-08-03,0.35548368
2005-08-04,0.2162443
2005-08-05,0.0960849
2005-08-06,0.041871775
2005-08-07,0.056377303
2005-08-08,0.06181315
2005-08-09,0.05815411
2005-08-10,0.055342183
2005-08-11,0.14308985
2005-08-12,0.104495585
2005-08-13,0.08306523
2005-08-14,0.054553825
2005-08-15,0.07711214
2005-08-16,0.17623919
2005-08-17,0.22514795
2005-08-18,0.07501125
2005-08-19,0.14243655
2005-08-20,0.20446397
2005-08-21,0.055220883
2005-08-22,0.038061075
2005-08-23,0.045762803
2005-08-24,0.035786327
2005-08-25,0.031406593
2005-08-26,0.04797664
2005-08-27,0.052856922
2005-08-28,0.02876273
2005-08-29,0.01677105
2005-08-30,0.013268784
2005-08-31,0.0018049324
2005-09-01,0.0064462814
2005-09-02,0.0036879657
2005-09-03,0.045269158
2005-09-04,0.52581906
2005-09-05,0.3927028
2005-09-06,0.37190583
2005-09-07,0.37302908
2005-09-08,0.38160756
2005-09-09,0.33172596
2005-09-10,0.22179258
2005-09-11,0.256472
2005-09-12,0.17098224
2005-09-13,0.63383037
2005-09-14,0.7757576
2005-09-15,0.16350044
2005-09-16,0.056345712
2005-09-17,0.40576324
2005-09-18,1.3179232
2005-09-19,0.70478946
2005-09-20,0.13856459
2005-09-21,0.45110932
2005-09-22,0.23375635
2005-09-23,0.42043638
2005-09-24,0.07969851
2005-09-25,0.021071238
2005-09-26,0.020793682
2005-09-27,0.025620675
2005-09-28,0.008482802
2005-09-29,0.001013677
2005-09-30,0.00880846
2005-10-01,0.010163031
2005-10-02,0.0040387628
2005-10-03,7.99694e-06
2005-10-04,0.0031754896
2005-10-05,0.0
2005-10-06,0.0
2005-10-07,0.0
2005-10-08,0.0
2005-10-09,0.0
2005-10-10,0.0
2005-10-11,0.0
2005-10-12,0.0
2005-10-13,0.0
2005-10-14,1.8775609e-05
2005-10-15,0.0011001542
2005-10-16,0.007073036
2005-10-17,0.008062412
2005-10-18,6.551503e-05
2005-10-19,6.933991e-05
2005-10-20,0.0
2005-10-21,0.0
2005-10-22,0.0
2005-10-23,0.0
2005-10-24,0.0
2005-10-25,2.980253e-07
2005-10-26,0.0
2005-10-27,0.0
2005-10-28,0.0
2005-10-29,0.0
2005-10-30,0.0
2005-10-31,0.0
2005-11-01,0.0
2005-11-02,0.0
2005-11-03,0.0
2005-11-04,0.0
2005-11-05,0.0
2005-11-06,0.0
2005-11-07,0.0
2005-11-08,0.0
2005-11-09,0.0
2005-11-10,0.0
2005-11-11,0.0
2005-11-12,0.0
2005-11-13,0.0
2005-11-14,0.0
2005-11-15,0.0
2005-11-16,0.0
2005-11-17,0.0
2005-11-18,0.0
2005-11-19,0.0
2005-11-20,0.0
2005-11-21,0.0
2005-11-22,0.0
2005-11-23,0.0
2005-11-24,0.0
2005-11-25,0.0
2005-11-26,0.0
2005-11-27,0.0
2005-11-28,0.0
2005-11-29,0.0
2005-11-30,0.0
2006-06-01,0.11480754
2006-06-02,0.19361831
2006-06-03,0.094217785
2006-06-04,0.005252855
2006-06-05,0.010118435
2006-06-06,0.0046932325
2006-06-07,0.00717273
2006-06-08,0.0037691204
2006-06-09,5.568018e-05
2006-06-10,0.0017031486
2006-06-11,0.00038708458
2006-06-12,0.00042269737
2006-06-13,0.00013401099
2006-06-14,4.99189e-05
2006-06-15,0.0011574302
2006-06-16,7.8231096e-05
2006-06-17,0.00041564857
2006-06-18,0.015685081
2006-06-19,0.033463787
2006-06-20,0.15471438
2006-06-21,0.047908083
2006-06-22,0.034549844
2006-06-23,0.09294844
2006-06-24,0.18052785
2006-06-25,0.47703317
2006-06-26,0.25427827
2006-06-27,0.03686564
2006-06-28,0.36594585
2006-06-29,0.30791482
2006-06-30,0.20952825
2006-07-01,0.04200256
2006-07-02,0.83092195
2006-07-03,1.3458341
2006-07-04,1.94955
2006-07-05,1.4042964
2006-07-06,0.065506734
2006-07-07,0.044776496
2006-07-08,0.09502443
2006-07-09,0.18517423
2006-07-10,0.1805075
2006-07-11,0.15156361
2006-07-12,0.12721412
2006-07-13,0.06372083
2006-07-14,0.06575575
2006-07-15,0.059051722
2006-07-16,0.03047643
2006-07-17,1.0708276
2006-07-18,2.142397
2006-07-19,0.9979388
2006-07-20,0.38134944
2006-07-21,3.5965853
2006-07-22,1.6473589
2006-07-23,0.17321886
2006-07-24,0.13284239
2006-07-25,0.15108462
2006-07-26,0.19990419
2006-07-27,0.79599255
2006-07-28,2.463752
2006-07-29,0.4572102
2006-07-30,0.154772
2006-07-31,2.2687192
2006-08-01,1.1031787
2006-08-02,0.19228067
2006-08-03,0.41688418
2006-08-04,1.0726392
2006-08-05,0.4238046
2006-08-06,1.0170606
2006-08-07,2.1446378
2006-08-08,2.3641534
2006-08-09,0.7245521
2006-08-10,1.0389568
2006-08-11,0.30925283
2006-08-12,0.1400942
2006-08-13,0.13187522
2006-08-14,1.5697212
2006-08-15,1.1175061
2006-08-16,0.30628714
2006-08-17,0.53310794
2006-08-18,2.450096
2006-08-19,0.3063201
2006-08-20,0.055404168
2006-08-21,0.19468983
2006-08-22,0.065114714
2006-08-23,0.04139695
2006-08-24,0.10917404
2006-08-25,0.11924247
2006-08-26,0.09940016
2006-08-27,0.20046026
2006-08-28,0.08121021
2006-08-29,0.04425217
2006-08-30,0.18054079
2006-08-31,2.6444561
2006-09-01,0.66746616
2006-09-02,0.032037504
2006-09-03,0.04943207
2006-09-04,0.2111377
2006-09-05,0.8885773
2006-09-06,1.6045061
2006-09-07,0.013577401
2006-09-08,0.016333668
2006-09-09,0.011488597
2006-09-10,0.0214824
2006-09-11,0.03846033
2006-09-12,0.093384124
2006-09-13,0.27552608
2006-09-14,0.5477324
2006-09-15,0.44261405
2006-09-16,0.2648344
2006-09-17,0.19778125
2006-09-18,0.34993204
2006-09-19,0.51083916
2006-09-20,0.46853742
2006-09-21,0.6638298
2006-09-22,0.09848368
2006-09-23,0.053644475
2006-09-24,0.15017693
2006-09-25,0.058329523
2006-09-26,0.027959181
2006-09-27,0.038078323
2006-09-28,0.36087918
2006-09-29,0.009306491
2006-09-30,0.0017011678
2006-10-01,0.2768445
2006-10-02,0.036936898
2006-10-03,0.02032998
2006-10-04,0.022975184
2006-10-05,4.6690428e-05
2006-10-06,0.0002559027
2006-10-07,0.00013172605
2006-10-08,0.0
2006-10-09,0.0
2006-10-10,0.0
2006-10-11,0.0
2006-10-12,0.0
2006-10-13,0.0
2006-10-14,1.7881471e-06
2006-10-15,0.0
2006-10-16,0.0
2006-10-17,0.0
2006-10-18,0.00016272008
2006-10-19,0.002620715
2006-10-20,0.0009429467
2006-10-21,0.009610001
2006-10-22,0.0038438395
2006-10-23,0.00039676586
2006-10-24,0.0
2006-10-25,0.0
2006-10-26,0.0
2006-10-27,0.0
2006-10-28,0.0
2006-10-29,5.3643985e-06
2006-10-30,0.0016887552
2006-10-31,0.0017836215
2006-11-01,0.0046160263
2006-11-02,0.041472714
2006-11-03,0.011925153
2006-11-04,0.0027663996
2006-11-05,0.00014285186
2006-11-06,0.00080431864
2006-11-07,0.026246099
2006-11-08,0.05226831
2006-11-09,1.6192624e-05
2006-11-10,0.0
2006-11-11,0.0
2006-11-12,0.0
2006-11-13,0.0
2006-11-14,0.0
2006-11-15,0.0
2006-11-16,0.0
2006-11-17,0.0
2006-11-18,0.0
2006-11-19,0.0
2006-11-20,0.0
2006-11-21,0.009064468
2006-11-22,0.0046891677
2006-11-23,0.0
2006-11-24,0.0
2006-11-25,0.0
2006-11-26,0.0
2006-11-27,0.0
2006-11-28,0.0
2006-11-29,0.00034272866
2006-11-30,0.0005390234
2007-06-01,3.52659e-05
2007-06-02,0.03243711
2007-06-03,0.012295026
2007-06-04,0.027800174
2007-06-05,0.056012765
2007-06-06,0.032556243
2007-06-07,0.0076370356
2007-06-08,0.003832017
2007-06-09,0.000444253
2007-06-10,0.000107735395
2007-06-11,0.00034734755
2007-06-12,7.947317e-06
2007-06-13,0.0065433756
2007-06-14,0.23133074
2007-06-15,0.95632476
2007-06-16,0.33170846
2007-06-17,0.034550816
2007-06-18,0.16708066
2007-06-19,0.17367126
2007-06-20,0.7372474
2007-06-21,0.28013194
2007-06-22,0.16069518
2007-06-23,0.04692569
2007-06-24,0.25669083
2007-06-25,0.2770104
2007-06-26,0.03483324
2007-06-27,0.057607267
2007-06-28,0.067973204
2007-06-29,0.16020447
2007-06-30,2.795537
2007-07-01,3.0454838
2007-07-02,3.969762
2007-07-03,0.8738482
2007-07-04,0.27298418
2007-07-05,0.12616114
2007-07-06,1.2049519
2007-07-07,5.7555633
2007-07-08,5.8011837
2007-07-09,6.038902
2007-07-10,0.4876176
2007-07-11,0.11954398
2007-07-12,0.20588118
2007-07-13,0.14495616
2007-07-14,0.15429373
2007-07-15,0.060298994
2007-07-16,0.03361642
2007-07-17,0.013323721
2007-07-18,0.015418635
2007-07-19,0.0072121187
2007-07-20,0.038354497
2007-07-21,0.057935033
2007-07-22,0.050472837
2007-07-23,0.05639854
2007-07-24,0.33414665
2007-07-25,0.40495422
2007-07-26,0.40993798
2007-07-27,0.09377429
2007-07-28,0.6437316
2007-07-29,0.24694602
2007-07-30,0.1079744
2007-07-31,0.12958282
2007-08-01,0.12831886
2007-08-02,0.58485395
2007-08-03,0.70688206
2007-08-04,0.59789723
2007-08-05,0.41351506
2007-08-06,0.3526245
2007-08-07,2.3168793
2007-08-08,3.248871
2007-08-09,0.097685404
2007-08-10,0.040052284
2007-08-11,0.056723546
2007-08-12,0.1247317
2007-08-13,0.20738862
2007-08-14,0.10417968
2007-08-15,0.044213563
2007-08-16,0.05002685
2007-08-17,0.06506794
2007-08-18,0.05980817
2007-08-19,0.108261496
2007-08-20,0.18455915
2007-08-21,0.77149963
2007-08-22,0.07569312
2007-08-23,0.031198451
2007-08-24,0.0057915715
2007-08-25,0.019818602
2007-08-26,0.8002062
2007-08-27,1.0067587
2007-08-28,0.79612666
2007-08-29,0.4368349
2007-08-30,0.12755619
2007-08-31,0.12104034
2007-09-01,0.27279058
2007-09-02,0.6860762
2007-09-03,0.32155946
2007-09-04,0.114703715
2007-09-05,0.21651383
2007-09-06,1.248758
2007-09-07,0.37940076
2007-09-08,0.07358343
2007-09-09,0.009926206
2007-09-10,0.007878942
2007-09-11,0.013194689
2007-09-12,0.015003923
2007-09-13,0.04200998
2007-09-14,0.053937703
2007-09-15,0.0025952917
2007-09-16,0.00080933416
2007-09-17,0.0155053465
2007-09-18,0.59964204
2007-09-19,0.6669671
2007-09-20,0.8655475
2007-09-21,0.32731208
2007-09-22,0.23853672
2007-09-23,0.051047813
2007-09-24,0.04542597
2007-09-25,0.06637813
2007-09-26,0.34304366
2007-09-27,0.6298888
2007-09-28,0.4116979
2007-09-29,0.007813062
2007-09-30,0.00088806084
2007-10-01,0.0021509633
2007-10-02,0.00065361353
2007-10-03,0.0
2007-10-04,0.0
2007-10-05,0.0
2007-10-06,0.0
2007-10-07,0.0
2007-10-08,0.0
2007-10-09,0.0
2007-10-10,1.4603164e-05
2007-10-11,8.940712e-07
2007-10-12,0.0
2007-10-13,0.0
2007-10-14,0.0
2007-10-15,0.0
2007-10-16,0.0
2007-10-17,0.0
2007-10-18,0.0
2007-10-19,0.0
2007-10-20,0.0
2007-10-21,0.0
2007-10-22,0.0
2007-10-23,0.0
2007-10-24,0.0
2007-10-25,0.0
2007-10-26,0.0
2007-10-27,0.0
2007-10-28,0.0
2007-10-29,0.0
2007-10-30,0.0
2007-10-31,0.0
2007-11-01,0.07077857
2007-11-02,0.02854914
2007-11-03,0.027769709
2007-11-04,0.0019308411
2007-11-05,7.3512324e-06
2007-11-06,0.0
2007-11-07,0.0
2007-11-08,0.0
2007-11-09,1.028188e-05
2007-11-10,1.609332e-05
2007-11-11,0.0
2007-11-12,0.0
2007-11-13,0.0
2007-11-14,0.0
2007-11-15,0.0
2007-11-16,0.0
2007-11-17,0.0
2007-11-18,0.0
2007-11-19,0.0
2007-11-20,0.0
2007-11-21,0.0
2007-11-22,0.0
2007-11-23,0.0
2007-11-24,0.0
2007-11-25,0.0
2007-11-26,0.0
2007-11-27,0.0
2007-11-28,0.0
2007-11-29,0.0
2007-11-30,0.0
2008-06-01,0.00035777732
2008-06-02,0.017198032
2008-06-03,0.020942295
2008-06-04,0.0022172907
2008-06-05,0.027997121
2008-06-06,0.10424424
2008-06-07,0.16187431
2008-06-08,0.12633602
2008-06-09,0.10213842
2008-06-10,0.49982134
2008-06-11,0.42497838
2008-06-12,0.6461043
2008-06-13,0.035441454
2008-06-14,0.27712804
2008-06-15,0.12666036
2008-06-16,0.033418547
2008-06-17,0.088071674
2008-06-18,0.022125192
2008-06-19,0.04883712
2008-06-20,0.14654097
2008-06-21,0.01998187
2008-06-22,0.0014412435
2008-06-23,0.0051512006
2008-06-24,0.0021047378
2008-06-25,0.12925355
2008-06-26,0.24718142
2008-06-27,0.3438121
2008-06-28,0.41714653
2008-06-29,0.30865833
2008-06-30,0.34435484
2008-07-01,0.07621591
2008-07-02,0.0847643
2008-07-03,0.1198841
2008-07-04,0.10101771
2008-07-05,0.036060154
2008-07-06,0.07608574
2008-07-07,0.3712348
2008-07-08,0.5465304
2008-07-09,1.8253905
2008-07-10,3.89962
2008-07-11,1.6713403
2008-07-12,0.21144736
2008-07-13,0.1252594
2008-07-14,0.07018589
2008-07-15,0.04490149
2008-07-16,0.025630368
2008-07-17,0.024305487
2008-07-18,0.016065788
2008-07-19,0.037132405
2008-07-20,0.023988487
2008-07-21,0.017466271
2008-07-22,0.010094056
2008-07-23,0.0010501802
2008-07-24,0.052018438
2008-07-25,0.22012252
2008-07-26,0.58346575
2008-07-27,1.6247765
2008-07-28,0.53006345
2008-07-29,0.754153
2008-07-30,0.3564055
2008-07-31,0.6601029
2008-08-01,1.108421
2008-08-02,0.24369235
2008-08-03,0.07683995
2008-08-04,0.6504765
2008-08-05,0.66577196
2008-08-06,0.3944378
2008-08-07,0.15335311
2008-08-08,0.32450113
2008-08-09,0.39611217
2008-08-10,1.0834063
2008-08-11,0.77815217
2008-08-12,0.1977291
2008-08-13,0.25519255
2008-08-14,0.067684576
2008-08-15,0.07295196
2008-08-16,0.024056057
2008-08-17,0.043484762
2008-08-18,0.04822385
2008-08-19,0.03277124
2008-08-20,0.05174853
2008-08-21,0.06866103
2008-08-22,0.036582492
2008-08-23,0.043278877
2008-08-24,0.18533164
2008-08-25,1.0769111
2008-08-26,0.3318876
2008-08-27,0.038332038
2008-08-28,0.011254315
2008-08-29,0.0070017255
2008-08-30,0.0040803803
2008-08-31,0.0018033852
2008-09-01,0.006393306
2008-09-02,0.12957023
2008-09-03,0.14934266
2008-09-04,0.3824558
2008-09-05,0.45457757
2008-09-06,0.51600695
2008-09-07,0.18903852
2008-09-08,0.8226927
2008-09-09,0.7708153
2008-09-10,0.43117467
2008-09-11,0.32483327
2008-09-12,0.39653587
2008-09-13,0.32784542
2008-09-14,0.05769753
2008-09-15,0.2838464
2008-09-16,0.092574246
2008-09-17,0.024205515
2008-09-18,0.0251394
2008-09-19,0.57595545
2008-09-20,0.19481671
2008-09-21,0.070234045
2008-09-22,0.026869593
2008-09-23,0.0042876126
2008-09-24,0.01764767
2008-09-25,0.012268237
2008-09-26,0.0009001312
2008-09-27,0.0016082353
2008-09-28,0.0025136753
2008-09-29,2.443781e-05
2008-09-30,0.0012597959
2008-10-01,0.038406905
2008-10-02,0.16780825
2008-10-03,0.11916071
2008-10-04,0.02116779
2008-10-05,0.1626113
2008-10-06,0.04492561
2008-10-07,0.18415122
2008-10-08,0.21308059
2008-10-09,0.04405649
2008-10-10,0.009439457
2008-10-11,0.0
2008-10-12,0.0
2008-10-13,0.0
2008-10-14,0.0
2008-10-15,0.0
2008-10-16,0.0
2008-10-17,2.483527e-06
2008-10-18,0.0
2008-10-19,0.0
2008-10-20,0.0
2008-10-21,0.0
2008-10-22,0.0
2008-10-23,0.0
2008-10-24,0.0
2008-10-25,0.0
2008-10-26,0.0
2008-10-27,0.0
2008-10-28,0.0
2008-10-29,0.0
2008-10-30,0.0
2008-10-31,0.0
2008-11-01,0.0
2008-11-02,0.0
2008-11-03,0.0
2008-11-04,0.0
2008-11-05,0.0
2008-11-06,0.0
2008-11-07,0.0
2008-11-08,0.0
2008-11-09,0.0
2008-11-10,0.0
2008-11-11,0.0
2008-11-12,0.0
2008-11-13,0.0
2008-11-14,0.0
2008-11-15,0.0
2008-11-16,0.0
2008-11-17,0.016655596
2008-11-18,0.08614031
2008-11-19,0.12389234
2008-11-20,0.019570848
2008-11-21,0.0
2008-11-22,0.0
2008-11-23,0.0
2008-11-24,0.0
2008-11-25,0.0
2008-11-26,0.0
2008-11-27,0.0
2008-11-28,0.0
2008-11-29,0.00031888438
2008-11-30,0.009200868
2009-06-01,0.005570525
2009-06-02,0.00014230682
2009-06-03,0.0
2009-06-04,0.0005796055
2009-06-05,0.00027751047
2009-06-06,0.0006329513
2009-06-07,5.960506e-07
2009-06-08,2.463662e-05
2009-06-09,0.0
2009-06-10,0.0
2009-06-11,6.2584986e-06
2009-06-12,0.00039979958
2009-06-13,0.0002323586
2009-06-14,5.006829e-05
2009-06-15,0.0048310086
2009-06-16,0.00055169116
2009-06-17,0.0039457986
2009-06-18,0.0021576846
2009-06-19,0.0063060266
2009-06-20,0.114714496
2009-06-21,0.037613943
2009-06-22,0.13548851
2009-06-23,0.10856093
2009-06-24,0.03630233
2009-06-25,0.11761401
2009-06-26,0.007986783
2009-06-27,0.08015365
2009-06-28,0.11513329
2009-06-29,0.3287662
2009-06-30,0.053756874
2009-07-01,0.05605125
2009-07-02,0.7355385
2009-07-03,0.57559574
2009-07-04,0.46997392
2009-07-05,0.22836936
2009-07-06,0.041022792
2009-07-07,0.023618953
2009-07-08,0.44000003
2009-07-09,1.4474317
2009-07-10,1.9704218
2009-07-11,0.12785111
2009-07-12,0.2476204
2009-07-13,0.70254296
2009-07-14,0.60104686
2009-07-15,1.0583106
2009-07-16,0.57104874
2009-07-17,0.11688391
2009-07-18,0.17051584
2009-07-19,0.23806898
2009-07-20,0.64606494
2009-07-21,2.8932579
2009-07-22,2.572211
2009-07-23,1.9865853
2009-07-24,0.06784717
2009-07-25,0.5558082
2009-07-26,0.16843967
2009-07-27,0.07431909
2009-07-28,0.068313785
2009-07-29,0.058502525
2009-07-30,0.052294984
2009-07-31,0.043304536
2009-08-01,0.03735383
2009-08-02,0.030297974
2009-08-03,0.03883001
2009-08-04,0.058029536
2009-08-05,0.078301385
2009-08-06,0.08914378
2009-08-07,0.09611234
2009-08-08,0.05759654
2009-08-09,0.060732234
2009-08-10,0.028062351
2009-08-11,0.12564482
2009-08-12,0.3362633
2009-08-13,0.06470332
2009-08-14,0.031548377
2009-08-15,0.13618322
2009-08-16,0.054527063
2009-08-17,0.026648523
2009-08-18,0.036626447
2009-08-19,0.035400216
2009-08-20,0.34429118
2009-08-21,0.07896847
2009-08-22,0.051348954
2009-08-23,0.04626013
2009-08-24,0.024850281
2009-08-25,0.8802232
2009-08-26,1.5477744
2009-08-27,0.5102655
2009-08-28,1.46177
2009-08-29,3.7615507
2009-08-30,0.13134363
2009-08-31,0.080895014
2009-09-01,0.08543998
2009-09-02,0.7760284
2009-09-03,1.8600378
2009-09-04,0.9450829
2009-09-05,0.31602886
2009-09-06,0.16096286
2009-09-07,0.06196448
2009-09-08,0.00937727
2009-09-09,0.41423154
2009-09-10,0.008730737
2009-09-11,0.009609268
2009-09-12,0.004436094
2009-09-13,0.017478837
2009-09-14,0.014311413
2009-09-15,0.001965906
2009-09-16,0.00023722654
2009-09-17,0.0012021819
2009-09-18,0.0035894504
2009-09-19,0.005463039
2009-09-20,0.0058023687
2009-09-21,0.0
2009-09-22,0.0
2009-09-23,0.000115481576
2009-09-24,0.008558277
2009-09-25,2.369264e-05
2009-09-26,0.0025272812
2009-09-27,0.007282374
2009-09-28,0.0019310435
2009-09-29,0.0012780708
2009-09-30,0.010872181
2009-10-01,0.0015405887
2009-10-02,0.00381173
2009-10-03,0.34221473
2009-10-04,1.3309683
2009-10-05,2.065164
2009-10-06,0.044897705
2009-10-07,0.0016087242
2009-10-08,0.0016501046
2009-10-09,0.002793775
2009-10-10,0.0021543177
2009-10-11,1.6043696e-05
2009-10-12,7.733706e-05
2009-10-13,0.0
2009-10-14,0.0
2009-10-15,0.0
2009-10-16,0.0
2009-10-17,0.0
2009-10-18,0.0
2009-10-19,0.0
2009-10-20,0.0
2009-10-21,0.0
2009-10-22,0.0
2009-10-23,0.0
2009-10-24,0.0
2009-10-25,0.0
2009-10-26,0.0
2009-10-27,0.0
2009-10-28,0.0
2009-10-29,0.0
2009-10-30,0.0
2009-10-31,0.0
2009-11-01,0.0
2009-11-02,0.0
2009-11-03,0.0
2009-11-04,0.0
2009-11-05,0.0
2009-11-06,0.0
2009-11-07,0.0
2009-11-08,6.328028e-05
2009-11-09,0.004949167
2009-11-10,0.08802465
2009-11-11,1.9558533
2009-11-12,0.24869698
2009-11-13,0.21278632
2009-11-14,0.02969855
2009-11-15,0.48088646
2009-11-16,0.94329685
2009-11-17,0.0061352574
2009-11-18,5.9108484e-06
2009-11-19,0.0
2009-11-20,0.0
2009-11-21,0.0
2009-11-22,0.0
2009-11-23,0.0
2009-11-24,0.0
2009-11-25,0.0
2009-11-26,0.0
2009-11-27,0.0
2009-11-28,0.0
2009-11-29,0.0
2009-11-30,0.0
2010-06-01,1.465285e-05
2010-06-02,0.057167113
2010-06-03,0.0035523868
2010-06-04,0.0001032663
2010-06-05,0.0014510769
2010-06-06,0.0049056946
2010-06-07,0.014619842
2010-06-08,0.015562136
2010-06-09,0.0
2010-06-10,5.165721e-06
2010-06-11,2.4835268e-05
2010-06-12,0.0021292765
2010-06-13,0.023277171
2010-06-14,0.073641814
2010-06-15,0.76003313
2010-06-16,0.78717357
2010-06-17,0.023879787
2010-06-18,0.014870501
2010-06-19,0.00053852965
2010-06-20,0.017698998
2010-06-21,0.011929374
2010-06-22,0.0023668513
2010-06-23,0.006858155
2010-06-24,0.044110045
2010-06-25,0.011818898
2010-06-26,0.90713114
2010-06-27,0.3335822
2010-06-28,0.016508775
2010-06-29,0.016622003
2010-06-30,0.003932172
2010-07-01,0.22119057
2010-07-02,0.5253868
2010-07-03,2.0956252
2010-07-04,1.2192734
2010-07-05,0.123135805
2010-07-06,0.12606087
2010-07-07,0.15685752
2010-07-08,0.28770044
2010-07-09,0.067882515
2010-07-10,0.07221752
2010-07-11,0.12567225
2010-07-12,0.06498298
2010-07-13,0.07827448
2010-07-14,0.080257565
2010-07-15,0.4212004
2010-07-16,1.1122799
2010-07-17,0.22400208
2010-07-18,0.1319841
2010-07-19,0.030320672
2010-07-20,0.04480735
2010-07-21,0.24701251
2010-07-22,0.23188378
2010-07-23,0.19225512
2010-07-24,0.3496381
2010-07-25,0.9311324
2010-07-26,0.7149007
2010-07-27,0.16210443
2010-07-28,0.03169638
2010-07-29,0.031881157
2010-07-30,0.6664696
2010-07-31,0.9694552
2010-08-01,1.0375957
2010-08-02,2.2846842
2010-08-03,0.45382035
2010-08-04,0.39791012
2010-08-05,0.019969935
2010-08-06,1.0422844
2010-08-07,0.8725967
2010-08-08,0.31819984
2010-08-09,0.09444774
2010-08-10,0.081362344
2010-08-11,0.19062442
2010-08-12,0.42628992
2010-08-13,0.5207012
2010-08-14,0.1772921
2010-08-15,0.5082434
2010-08-16,0.1715331
2010-08-17,0.05023816
2010-08-18,0.17512108
2010-08-19,0.20062613
2010-08-20,0.34971786
2010-08-21,0.17750369
2010-08-22,0.02157365
2010-08-23,0.027405923
2010-08-24,0.10373247
2010-08-25,0.5822202
2010-08-26,0.69544005
2010-08-27,0.37824723
2010-08-28,0.5809849
2010-08-29,0.8480808
2010-08-30,0.82989174
2010-08-31,1.2740892
2010-09-01,0.14292468
2010-09-02,0.051552754
2010-09-03,0.09466704
2010-09-04,0.4687159
2010-09-05,0.35784546
2010-09-06,0.30783528
2010-09-07,0.5104161
2010-09-08,1.1538764
2010-09-09,0.40863767
2010-09-10,0.04247615
2010-09-11,0.027041359
2010-09-12,0.015910942
2010-09-13,0.033269893
2010-09-14,0.1136344
2010-09-15,0.2718108
2010-09-16,0.059760455
2010-09-17,0.02859433
2010-09-18,0.011782066
2010-09-19,0.033226382
2010-09-20,0.009581325
2010-09-21,0.00017618126
2010-09-22,0.00034829273
2010-09-23,0.025772555
2010-09-24,0.025582217
2010-09-25,0.007195978
2010-09-26,0.00053013477
2010-09-27,1.4901219e-06
2010-09-28,0.0009173215
2010-09-29,0.0057278704
2010-09-30,5.215346e-06
2010-10-01,0.0
2010-10-02,0.0
2010-10-03,3.1590364e-05
2010-10-04,2.9802484e-06
2010-10-05,0.0
2010-10-06,0.0
2010-10-07,0.0
2010-10-08,0.0
2010-10-09,0.0
2010-10-10,8.9407587e-07
2010-10-11,0.01631797
2010-10-12,0.05666649
2010-10-13,0.041394517
2010-10-14,4.6094105e-05
2010-10-15,0.0
2010-10-16,0.013476537
2010-10-17,0.25723663
2010-10-18,0.04366717
2010-10-19,0.13718791
2010-10-20,0.30866623
2010-10-21,0.158951
2010-10-22,0.007845601
2010-10-23,0.009407102
2010-10-24,0.0021903792
2010-10-25,0.013865497
2010-10-26,0.008834998
2010-10-27,0.0033896721
2010-10-28,0.0
2010-10-29,1.1175871e-05
2010-10-30,0.0020183644
2010-10-31,0.0
2010-11-01,0.0
2010-11-02,0.0
2010-11-03,0.0
2010-11-04,2.980198e-05
2010-11-05,1.1921012e-06
2010-11-06,0.0
2010-11-07,0.0
2010-11-08,0.03082583
2010-11-09,0.0055238693
2010-11-10,0.01819189
2010-11-11,0.18231797
2010-11-12,0.14787826
2010-11-13,0.086209916
2010-11-14,0.057689905
2010-11-15,0.29321456
2010-11-16,0.057496786
2010-11-17,0.001106508
2010-11-18,0.05564724
2010-11-19,0.05783495
2010-11-20,0.0018433188
2010-11-21,0.0
2010-11-22,0.070214935
2010-11-23,0.0248694
2010-11-24,0.12260476
2010-11-25,0.32290038
2010-11-26,0.02033299
2010-11-27,0.2587809
2010-11-28,0.05210176
2010-11-29,0.011639975
2010-11-30,0.00029628456
2011-06-01,0.0018017892
2011-06-02,0.00011548364
2011-06-03,0.014687416
2011-06-04,0.014152386
2011-06-05,0.050491814
2011-06-06,0.005111394
2011-06-07,0.17428108
2011-06-08,0.080138594
2011-06-09,0.061489165
2011-06-10,0.046219174
2011-06-11,0.015965177
2011-06-12,0.0026438462
2011-06-13,0.0055720615
2011-06-14,0.00680976
2011-06-15,0.014950258
2011-06-16,0.017321268
2011-06-17,0.02904579
2011-06-18,0.020000616
2011-06-19,0.0058282535
2011-06-20,0.016387105
2011-06-21,0.042577866
2011-06-22,0.33845165
2011-06-23,0.6397132
2011-06-24,1.4444515
2011-06-25,0.17074907
2011-06-26,0.21807157
2011-06-27,0.09354064
2011-06-28,1.1295391
2011-06-29,0.26856354
2011-06-30,0.036963407
2011-07-01,0.029413259
2011-07-02,0.045855984
2011-07-03,0.035557467
2011-07-04,0.015486968
2011-07-05,0.37459445
2011-07-06,0.9394112
2011-07-07,0.611326
2011-07-08,0.843654
2011-07-09,0.54317063
2011-07-10,0.5109231
2011-07-11,0.6679239
2011-07-12,0.23764294
2011-07-13,0.33914614
2011-07-14,0.22792119
2011-07-15,0.24267906
2011-07-16,0.6106929
2011-07-17,0.5161263
2011-07-18,0.6054692
2011-07-19,0.7389658
2011-07-20,0.053854007
2011-07-21,0.054048445
2011-07-22,0.27169016
2011-07-23,1.4604912
2011-07-24,0.955755
2011-07-25,0.1839245
2011-07-26,0.3595223
2011-07-27,0.22568709
2011-07-28,0.15836138
2011-07-29,0.19738413
2011-07-30,0.34755448
2011-07-31,0.4247873
2011-08-01,0.120792
2011-08-02,0.19573903
2011-08-03,0.8445402
2011-08-04,0.32781228
2011-08-05,0.1873964
2011-08-06,0.20969947
2011-08-07,0.38996696
2011-08-08,2.1432488
2011-08-09,2.5211296
2011-08-10,0.09134593
2011-08-11,0.094683506
2011-08-12,0.49218872
2011-08-13,0.68093556
2011-08-14,0.3330451
2011-08-15,0.07515962
2011-08-16,0.11007437
2011-08-17,0.1858141
2011-08-18,0.38380817
2011-08-19,0.42677534
2011-08-20,0.5533329
2011-08-21,0.28575346
2011-08-22,0.09286339
2011-08-23,0.27755526
2011-08-24,0.5751737
2011-08-25,1.0926522
2011-08-26,0.7985247
2011-08-27,0.39408293
2011-08-28,1.9511766
2011-08-29,0.66470295
2011-08-30,0.5229697
2011-08-31,0.48608148
2011-09-01,0.71626085
2011-09-02,0.8999309
2011-09-03,0.49698457
2011-09-04,0.45517623
2011-09-05,0.048641082
2011-09-06,0.068733625
2011-09-07,0.033151437
2011-09-08,0.049408376
2011-09-09,0.06850514
2011-09-10,0.63600975
2011-09-11,1.40491
2011-09-12,0.08430026
2011-09-13,0.0019924312
2011-09-14,0.035301987
2011-09-15,0.23718773
2011-09-16,0.3643577
2011-09-17,0.018637624
2011-09-18,0.033876907
2011-09-19,0.06779954
2011-09-20,0.016219217
2011-09-21,0.024058295
2011-09-22,0.035586912
2011-09-23,0.046214204
2011-09-24,0.060762923
2011-09-25,0.02421472
2011-09-26,0.033733614
2011-09-27,0.02233881
2011-09-28,0.023729665
2011-09-29,0.024273818
2011-09-30,0.008899124
2011-10-01,0.002688068
2011-10-02,0.0018123408
2011-10-03,0.0015037287
2011-10-04,0.0014732786
2011-10-05,0.0
2011-10-06,0.00024562146
2011-10-07,0.00075046835
2011-10-08,4.1524345e-05
2011-10-09,4.967054e-06
2011-10-10,0.0
2011-10-11,2.483527e-06
2011-10-12,0.0
2011-10-13,0.0
2011-10-14,0.0
2011-10-15,0.010986314
2011-10-16,0.02451391
2011-10-17,0.0013226833
2011-10-18,0.0
2011-10-19,0.0
2011-10-20,0.0
2011-10-21,0.0
2011-10-22,0.0
2011-10-23,0.0
2011-10-24,0.0
2011-10-25,0.0
2011-10-26,0.0
2011-10-27,0.0
2011-10-28,0.0
2011-10-29,0.0
2011-10-30,0.0
2011-10-31,0.0
2011-11-01,0.0
2011-11-02,0.0
2011-11-03,0.0
2011-11-04,0.0
2011-11-05,0.0
2011-11-06,0.0
2011-11-07,0.0
2011-11-08,0.0
2011-11-09,0.0
2011-11-10,0.0
2011-11-11,0.0
2011-11-12,0.0
2011-11-13,0.0
2011-11-14,0.00010306667
2011-11-15,0.0
2011-11-16,0.0
2011-11-17,0.0
2011-11-18,0.0
2011-11-19,0.0
2011-11-20,0.0
2011-11-21,0.0
2011-11-22,0.0
2011-11-23,0.0
2011-11-24,0.0
2011-11-25,0.0
2011-11-26,0.0
2011-11-27,0.0
2011-11-28,0.0
2011-11-29,0.0
2011-11-30,0.0
2012-06-01,3.2136842e-05
2012-06-02,2.7219585e-05
2012-06-03,0.00017479184
2012-06-04,7.564866e-05
2012-06-05,8.443976e-06
2012-06-06,0.0052021598
2012-06-07,0.034500938
2012-06-08,0.0021488483
2012-06-09,0.029768035
2012-06-10,0.0068244697
2012-06-11,0.010868103
2012-06-12,0.12705968
2012-06-13,0.40867606
2012-06-14,0.15821116
2012-06-15,0.0062640775
2012-06-16,0.1845665
2012-06-17,0.08940273
2012-06-18,0.0048806663
2012-06-19,0.0009696687
2012-06-20,8.329729e-05
2012-06-21,0.0005211451
2012-06-22,0.00032126936
2012-06-23,0.00033751142
2012-06-24,0.017089522
2012-06-25,0.0067318254
2012-06-26,0.0056350282
2012-06-27,0.014705479
2012-06-28,0.037860595
2012-06-29,0.065726995
2012-06-30,0.09551203
2012-07-01,0.14792319
2012-07-02,0.5492069
2012-07-03,1.6041967
2012-07-04,4.050401
2012-07-05,0.5517389
2012-07-06,0.26515207
2012-07-07,0.28826448
2012-07-08,0.15029506
2012-07-09,1.3146592
2012-07-10,1.5969886
2012-07-11,0.08180382
2012-07-12,0.06328029
2012-07-13,0.09713856
2012-07-14,0.0905241
2012-07-15,0.04460608
2012-07-16,0.06796432
2012-07-17,0.54145557
2012-07-18,0.050828233
2012-07-19,0.07356963
2012-07-20,0.042888597
2012-07-21,0.22943239
2012-07-22,1.3810803
2012-07-23,2.728531
2012-07-24,0.39225483
2012-07-25,0.08490452
2012-07-26,0.31801456
2012-07-27,1.791066
2012-07-28,3.0727117
2012-07-29,0.68415755
2012-07-30,1.2078184
2012-07-31,0.69347185
2012-08-01,0.14310227
2012-08-02,0.037586447
2012-08-03,0.056562778
2012-08-04,0.0696296
2012-08-05,0.17414302
2012-08-06,0.6202184
2012-08-07,1.3973312
2012-08-08,0.4396957
2012-08-09,0.6710573
2012-08-10,0.87330914
2012-08-11,2.4907448
2012-08-12,2.639541
2012-08-13,2.1390908
2012-08-14,0.4700199
2012-08-15,0.1822312
2012-08-16,0.021051994
2012-08-17,0.11081027
2012-08-18,0.12980555
2012-08-19,0.2960933
2012-08-20,0.79061824
2012-08-21,0.44480002
2012-08-22,0.40269122
2012-08-23,0.0696821
2012-08-24,0.14534563
2012-08-25,0.060132787
2012-08-26,0.7236085
2012-08-27,0.50754297
2012-08-28,0.5558269
2012-08-29,0.29080188
2012-08-30,0.32590446
2012-08-31,0.54919195
2012-09-01,0.41052186
2012-09-02,0.14044607
2012-09-03,0.87724966
2012-09-04,0.20992123
2012-09-05,2.8270705
2012-09-06,2.303375
2012-09-07,1.1473014
2012-09-08,0.033137128
2012-09-09,0.036673773
2012-09-10,0.51430714
2012-09-11,0.48105434
2012-09-12,0.037840772
2012-09-13,0.07760952
2012-09-14,0.05217516
2012-09-15,0.047092006
2012-09-16,0.026778698
2012-09-17,0.044616167
2012-09-18,0.010276382
2012-09-19,0.040104516
2012-09-20,0.24316521
2012-09-21,0.18085903
2012-09-22,0.20800352
2012-09-23,0.057594806
2012-09-24,0.34011114
2012-09-25,0.11749077
2012-09-26,0.20605104
2012-09-27,0.015389803
2012-09-28,3.2136722e-05
2012-09-29,0.0
2012-09-30,0.0
2012-10-01,0.030420544
2012-10-02,0.05005024
2012-10-03,0.0027814985
2012-10-04,0.042248413
2012-10-05,0.037474025
2012-10-06,0.0057910997
2012-10-07,0.0043468103
2012-10-08,0.01104927
2012-10-09,0.0036955953
2012-10-10,0.0
2012-10-11,0.0
2012-10-12,0.0
2012-10-13,0.0
2012-10-14,0.0
2012-10-15,0.00058610993
2012-10-16,0.0
2012-10-17,0.0
2012-10-18,0.0
2012-10-19,0.0
2012-10-20,0.0
2012-10-21,0.00047296422
2012-10-22,0.0
2012-10-23,0.0
2012-10-24,0.0
2012-10-25,0.0
2012-10-26,4.7931975e-05
2012-10-27,1.4901266e-06
2012-10-28,0.0
2012-10-29,0.0
2012-10-30,0.0
2012-10-31,0.0
2012-11-01,0.0
2012-11-02,0.0
2012-11-03,2.980253e-07
2012-11-04,0.0
2012-11-05,0.0
2012-11-06,0.0
2012-11-07,0.0
2012-11-08,0.0
2012-11-09,0.0
2012-11-10,2.980253e-07
2012-11-11,0.00019391386
2012-11-12,7.4505806e-06
2012-11-13,0.0
2012-11-14,0.0
2012-11-15,0.0
2012-11-16,0.0
2012-11-17,0.0
2012-11-18,0.0
2012-11-19,0.0
2012-11-20,0.0
2012-11-21,0.0
2012-11-22,0.0
2012-11-23,0.0
2012-11-24,0.0
2012-11-25,0.0
2012-11-26,0.0
2012-11-27,0.0
2012-11-28,0.0
2012-11-29,0.0
2012-11-30,0.0
2013-06-01,0.05869204
2013-06-02,0.047812983
2013-06-03,0.020951398
2013-06-04,0.09093378
2013-06-05,0.0047633667
2013-06-06,0.14695959
2013-06-07,0.053201903
2013-06-08,0.3162799
2013-06-09,0.28433156
2013-06-10,0.14207605
2013-06-11,0.26352274
2013-06-12,0.02499356
2013-06-13,0.18799162
2013-06-14,1.3597474
2013-06-15,1.9258465
2013-06-16,3.6370356
2013-06-17,1.0139272
2013-06-18,0.38624212
2013-06-19,0.123505585
2013-06-20,0.004970618
2013-06-21,0.03218062
2013-06-22,0.18409538
2013-06-23,0.07948033
2013-06-24,0.4046024
2013-06-25,0.6674277
2013-06-26,1.2364819
2013-06-27,0.5377095
2013-06-28,0.08281767
2013-06-29,0.046121623
2013-06-30,0.09354139
2013-07-01,0.10464712
2013-07-02,0.60530406
2013-07-03,7.1751895
2013-07-04,3.1983864
2013-07-05,0.5517913
2013-07-06,0.24074282
2013-07-07,0.101326354
2013-07-08,0.17577863
2013-07-09,0.07254927
2013-07-10,0.30122736
2013-07-11,0.30485865
2013-07-12,2.0048769
2013-07-13,0.6362309
2013-07-14,0.39806035
2013-07-15,0.6908272
2013-07-16,0.82160634
2013-07-17,1.0505096
2013-07-18,0.36045167
2013-07-19,0.19074082
2013-07-20,0.21056469
2013-07-21,0.19216
2013-07-22,0.4456186
2013-07-23,0.47494903
2013-07-24,0.729878
2013-07-25,0.47208667
2013-07-26,0.6714954
2013-07-27,0.88995904
2013-07-28,0.8754206
2013-07-29,0.31642923
2013-07-30,0.24150532
2013-07-31,0.9327392
2013-08-01,1.7411827
2013-08-02,0.7772258
2013-08-03,0.026651807
2013-08-04,0.1172126
2013-08-05,0.033272613
2013-08-06,0.64297354
2013-08-07,0.58292085
2013-08-08,0.6141701
2013-08-09,0.9357035
2013-08-10,0.5625064
2013-08-11,0.15806712
2013-08-12,0.48865008
2013-08-13,0.96941763
2013-08-14,0.06411486
2013-08-15,0.04468593
2013-08-16,0.094628364
2013-08-17,0.17392369
2013-08-18,0.07656979
2013-08-19,0.2500511
2013-08-20,1.775764
2013-08-21,0.3643163
2013-08-22,0.6035446
2013-08-23,3.3233402
2013-08-24,0.66215086
2013-08-25,0.19956243
2013-08-26,0.095016845
2013-08-27,0.055553738
2013-08-28,0.045067962
2013-08-29,0.04718572
2013-08-30,0.0609605
2013-08-31,0.05610511
2013-09-01,0.02668029
2013-09-02,0.053096678
2013-09-03,0.06166884
2013-09-04,0.034776036
2013-09-05,0.044544578
2013-09-06,0.056194335
2013-09-07,0.04734497
2013-09-08,0.025355577
2013-09-09,0.0056021325
2013-09-10,0.0023693887
2013-09-11,0.010404454
2013-09-12,0.008646142
2013-09-13,0.06590443
2013-09-14,0.030888505
2013-09-15,0.043079074
2013-09-16,0.041249
2013-09-17,0.01744741
2013-09-18,0.00017911209
2013-09-19,1.9868063e-05
2013-09-20,0.69469976
2013-09-21,2.7582045
2013-09-22,0.78441447
2013-09-23,0.72688675
2013-09-24,0.5542265
2013-09-25,0.033365406
2013-09-26,0.0011162033
2013-09-27,0.025839789
2013-09-28,0.0087304525
2013-09-29,0.0802579
2013-09-30,0.16100089
2013-10-01,0.21268247
2013-10-02,0.18944108
2013-10-03,0.1725543
2013-10-04,0.08732569
2013-10-05,0.088330865
2013-10-06,0.5323025
2013-10-07,0.24234007
2013-10-08,0.4203656
2013-10-09,0.38003755
2013-10-10,0.16202381
2013-10-11,0.08863478
2013-10-12,0.096367575
2013-10-13,0.03452834
2013-10-14,0.043061674
2013-10-15,0.016975125
2013-10-16,1.39573485e-05
2013-10-17,0.00016515417
2013-10-18,0.0
2013-10-19,0.0
2013-10-20,0.00011051679
2013-10-21,0.0
2013-10-22,0.0
2013-10-23,0.0
2013-10-24,0.0027269048
2013-10-25,0.010531859
2013-10-26,0.0039067385
2013-10-27,0.002294424
2013-10-28,0.0
2013-10-29,0.0
2013-10-30,0.0
2013-10-31,0.0
2013-11-01,0.0
2013-11-02,0.0
2013-11-03,0.0
2013-11-04,0.0
2013-11-05,0.0
2013-11-06,0.0
2013-11-07,0.0001098703
2013-11-08,0.0010677121
2013-11-09,0.008512887
2013-11-10,0.0021562504
2013-11-11,0.0
2013-11-12,0.0
2013-11-13,0.0
2013-11-14,0.0
2013-11-15,0.0
2013-11-16,0.0
2013-11-17,0.0
2013-11-18,0.0
2013-11-19,0.0
2013-11-20,0.0
2013-11-21,0.0
2013-11-22,0.0
2013-11-23,0.0
2013-11-24,0.00011146095
2013-11-25,0.0015991428
2013-11-26,0.0
2013-11-27,0.0
2013-11-28,0.0
2013-11-29,0.0
2013-11-30,0.0
2014-06-01,0.0051501435
2014-06-02,0.008591023
2014-06-03,5.2898667e-05
2014-06-04,0.00024273852
2014-06-05,0.010534677
2014-06-06,0.0535834
2014-06-07,0.02638801
2014-06-08,0.003086711
2014-06-09,6.6558714e-06
2014-06-10,0.003440732
2014-06-11,0.09630392
2014-06-12,0.0010794932
2014-06-13,0.0033566586
2014-06-14,0.025809908
2014-06-15,0.01543849
2014-06-16,0.03881704
2014-06-17,0.033051457
2014-06-18,0.009439136
2014-06-19,0.009084309
2014-06-20,0.0017057875
2014-06-21,0.00502719
2014-06-22,0.0033201866
2014-06-23,0.007628895
2014-06-24,0.005823676
2014-06-25,0.011070505
2014-06-26,0.00029032378
2014-06-27,0.005128642
2014-06-28,0.0005851674
2014-06-29,5.4538454e-05
2014-06-30,7.068109e-05
2014-07-01,8.031703e-05
2014-07-02,0.005062358
2014-07-03,0.019567596
2014-07-04,0.003040105
2014-07-05,8.493645e-05
2014-07-06,0.0053359047
2014-07-07,0.022728963
2014-07-08,0.0041898466
2014-07-09,0.099615425
2014-07-10,0.05392911
2014-07-11,0.082866274
2014-07-12,0.2592361
2014-07-13,0.22234051
2014-07-14,0.6359894
2014-07-15,1.2231637
2014-07-16,5.199914
2014-07-17,0.36573425
2014-07-18,0.43345425
2014-07-19,0.36215755
2014-07-20,0.07251244
2014-07-21,0.24160151
2014-07-22,2.4428854
2014-07-23,3.6197197
2014-07-24,1.0296224
2014-07-25,0.25556782
2014-07-26,0.12978198
2014-07-27,0.4464858
2014-07-28,0.8206248
2014-07-29,0.24965908
2014-07-30,0.11495135
2014-07-31,0.2382176
2014-08-01,0.13026308
2014-08-02,0.100754954
2014-08-03,0.42046848
2014-08-04,0.72701067
2014-08-05,0.7061555
2014-08-06,0.92157644
2014-08-07,0.12068819
2014-08-08,0.07192766
2014-08-09,0.047473937
2014-08-10,0.13211812
2014-08-11,0.49052727
2014-08-12,0.19493552
2014-08-13,0.031348687
2014-08-14,0.071829274
2014-08-15,0.07686487
2014-08-16,0.06296238
2014-08-17,0.04807976
2014-08-18,0.04405132
2014-08-19,0.05075026
2014-08-20,0.09384549
2014-08-21,0.09524254
2014-08-22,0.41648492
2014-08-23,0.24487048
2014-08-24,0.2762183
2014-08-25,0.3762702
2014-08-26,0.4261931
2014-08-27,0.080000915
2014-08-28,0.29604325
2014-08-29,0.47369042
2014-08-30,0.84267575
2014-08-31,1.0217118
2014-09-01,0.56619537
2014-09-02,0.8285524
2014-09-03,0.5625053
2014-09-04,0.16340163
2014-09-05,0.17504062
2014-09-06,0.011316679
2014-09-07,1.1260245
2014-09-08,1.126011
2014-09-09,0.30429962
2014-09-10,0.04587539
2014-09-11,0.06948411
2014-09-12,0.33862615
2014-09-13,0.25086024
2014-09-14,0.113318115
2014-09-15,0.062073052
2014-09-16,0.024531024
2014-09-17,0.032067914
2014-09-18,0.028266244
2014-09-19,0.015280462
2014-09-20,0.012024299
2014-09-21,0.0090018315
2014-09-22,0.013144366
2014-09-23,0.0038193192
2014-09-24,0.0038772821
2014-09-25,0.007905738
2014-09-26,0.034111198
2014-09-27,0.032002773
2014-09-28,0.032189578
2014-09-29,0.02894228
2014-09-30,0.020427799
2014-10-01,0.009990952
2014-10-02,0.0010987568
2014-10-03,0.004352827
2014-10-04,0.0043474105
2014-10-05,0.010719929
2014-10-06,0.0039484925
2014-10-07,0.015309687
2014-10-08,0.0715045
2014-10-09,0.02245451
2014-10-10,0.00024686364
2014-10-11,0.0
2014-10-12,0.0
2014-10-13,0.0032415502
2014-10-14,0.010587086
2014-10-15,0.009546226
2014-10-16,0.015613406
2014-10-17,0.04842555
2014-10-18,0.02305203
2014-10-19,0.0073790946
2014-10-20,0.032980043
2014-10-21,0.00023812005
2014-10-22,0.0
2014-10-23,0.0
2014-10-24,2.980253e-07
2014-10-25,0.022820584
2014-10-26,0.0011724677
2014-10-27,9.963879e-05
2014-10-28,8.692344e-06
2014-10-29,0.0
2014-10-30,1.0381275e-05
2014-10-31,0.00043829202
2014-11-01,0.00010286777
2014-11-02,0.0
2014-11-03,0.0
2014-11-04,0.0
2014-11-05,0.0
2014-11-06,0.0
2014-11-07,0.0
2014-11-08,0.0
2014-11-09,0.0
2014-11-10,0.0
2014-11-11,0.041855562
2014-11-12,0.20413917
2014-11-13,0.015905997
2014-11-14,0.017396897
2014-11-15,0.2620762
2014-11-16,0.04428005
2014-11-17,0.0054686605
2014-11-18,0.0
2014-11-19,0.0
2014-11-20,0.0
2014-11-21,0.0
2014-11-22,0.0
2014-11-23,0.0
2014-11-24,0.0
2014-11-25,0.0
2014-11-26,0.0
2014-11-27,0.0
2014-11-28,0.0
2014-11-29,0.0
2014-11-30,0.0
2015-06-01,0.00063518743
2015-06-02,0.00038067446
2015-06-03,0.0010621567
2015-06-04,0.0074803685
2015-06-05,2.483527e-06
2015-06-06,0.00018636556
2015-06-07,0.007147852
2015-06-08,0.08290265
2015-06-09,0.1511951
2015-06-10,0.051841777
2015-06-11,0.47351065
2015-06-12,0.7820719
2015-06-13,0.4688536
2015-06-14,0.5331448
2015-06-15,0.09516609
2015-06-16,0.23929417
2015-06-17,0.093159236
2015-06-18,0.100477725
2015-06-19,0.33370006
2015-06-20,0.2983398
2015-06-21,0.63127536
2015-06-22,0.28903392
2015-06-23,0.29004517
2015-06-24,0.8699469
2015-06-25,0.2550775
2015-06-26,0.045736637
2015-06-27,0.016564423
2015-06-28,0.007855198
2015-06-29,0.010861791
2015-06-30,0.0043540173
2015-07-01,0.019722937
2015-07-02,0.0035780657
2015-07-03,0.006669411
2015-07-04,0.009739305
2015-07-05,0.015871087
2015-07-06,0.03421347
2015-07-07,0.06268707
2015-07-08,0.04516534
2015-07-09,0.022957722
2015-07-10,0.004683674
2015-07-11,0.009349727
2015-07-12,0.00940046
2015-07-13,0.014096615
2015-07-14,0.02915155
2015-07-15,0.0129132485
2015-07-16,0.02010745
2015-07-17,0.18438792
2015-07-18,1.3181914
2015-07-19,1.2093331
2015-07-20,0.8346362
2015-07-21,3.001279
2015-07-22,1.5165672
2015-07-23,0.9326749
2015-07-24,0.5231453
2015-07-25,1.662435
2015-07-26,1.5041662
2015-07-27,0.86945695
2015-07-28,0.3955238
2015-07-29,0.50021213
2015-07-30,0.07546595
2015-07-31,0.068035915
2015-08-01,0.10489011
2015-08-02,0.08319648
2015-08-03,0.13021247
2015-08-04,0.60289377
2015-08-05,0.5450388
2015-08-06,0.14670077
2015-08-07,0.10020908
2015-08-08,0.26121947
2015-08-09,0.27814162
2015-08-10,0.10850734
2015-08-11,0.08141926
2015-08-12,1.8289824
2015-08-13,0.32156637
2015-08-14,0.20641713
2015-08-15,0.16870986
2015-08-16,0.31964293
2015-08-17,0.22874503
2015-08-18,0.0999564
2015-08-19,0.026071666
2015-08-20,0.024789816
2015-08-21,0.048546348
2015-08-22,0.022665212
2015-08-23,0.04364286
2015-08-24,0.06357976
2015-08-25,0.06430717
2015-08-26,0.055422608
2015-08-27,0.015762156
2015-08-28,0.021989224
2015-08-29,0.30482808
2015-08-30,0.12574391
2015-08-31,0.16507979
2015-09-01,0.07383842
2015-09-02,0.042886745
2015-09-03,0.014818914
2015-09-04,0.01415725
2015-09-05,0.015159276
2015-09-06,0.019596409
2015-09-07,0.00040466644
2015-09-08,0.02256844
2015-09-09,0.06287224
2015-09-10,0.11736622
2015-09-11,0.028791511
2015-09-12,0.0143806115
2015-09-13,0.064222135
2015-09-14,0.21802966
2015-09-15,0.14367796
2015-09-16,0.010164244
2015-09-17,0.7710078
2015-09-18,0.36501178
2015-09-19,0.05614439
2015-09-20,0.044108465
2015-09-21,0.12415713
2015-09-22,0.22351308
2015-09-23,0.0048923884
2015-09-24,8.5830754e-05
2015-09-25,3.1292302e-06
2015-09-26,1.8874667e-06
2015-09-27,0.0
2015-09-28,0.008238906
2015-09-29,0.00035151863
2015-09-30,0.0
2015-10-01,0.0
2015-10-02,5.2154064e-05
2015-10-03,0.0
2015-10-04,7.733699e-05
2015-10-05,0.0
2015-10-06,0.0
2015-10-07,0.0
2015-10-08,0.0
2015-10-09,0.0
2015-10-10,0.0
2015-10-11,0.0
2015-10-12,9.83474e-06
2015-10-13,0.0
2015-10-14,0.0
2015-10-15,0.0
2015-10-16,0.0
2015-10-17,0.0
2015-10-18,0.0
2015-10-19,0.0
2015-10-20,0.00048473393
2015-10-21,0.0015861253
2015-10-22,0.0004160929
2015-10-23,0.0
2015-10-24,0.0
2015-10-25,0.012180682
2015-10-26,0.17423804
2015-10-27,0.2516246
2015-10-28,0.027211329
2015-10-29,1.8874667e-06
2015-10-30,0.0
2015-10-31,0.0
2015-11-01,0.0013753303
2015-11-02,5.563076e-06
2015-11-03,6.9141264e-05
2015-11-04,0.0006327561
2015-11-05,0.0008114145
2015-11-06,5.960525e-06
2015-11-07,1.7881471e-06
2015-11-08,0.001123546
2015-11-09,0.005228761
2015-11-10,5.662514e-06
2015-11-11,0.0
2015-11-12,0.0
2015-11-13,0.0
2015-11-14,0.0
2015-11-15,0.0
2015-11-16,0.0
2015-11-17,0.0
2015-11-18,0.0
2015-11-19,0.0
2015-11-20,0.0
2015-11-21,0.0
2015-11-22,0.014043824
2015-11-23,0.034274157
2015-11-24,0.0022811128
2015-11-25,0.0
2015-11-26,1.7881566e-06
2015-11-27,0.0
2015-11-28,0.003105076
2015-11-29,0.023492573
2015-11-30,0.024587594
2016-06-01,0.00013113033
2016-06-02,0.002486258
2016-06-03,0.022413678
2016-06-04,0.00027348576
2016-06-05,0.0
2016-06-06,0.0012969443
2016-06-07,0.0008466836
2016-06-08,0.014162925
2016-06-09,0.004639674
2016-06-10,0.0042669815
2016-06-11,0.00024874954
2016-06-12,2.9802322e-05
2016-06-13,4.261741e-05
2016-06-14,0.00065162726
2016-06-15,0.009528508
2016-06-16,0.00025932892
2016-06-17,0.021123765
2016-06-18,0.49547264
2016-06-19,0.48747396
2016-06-20,0.5915584
2016-06-21,0.32989836
2016-06-22,0.3507911
2016-06-23,0.48597527
2016-06-24,0.22321159
2016-06-25,0.15649475
2016-06-26,0.059708554
2016-06-27,0.055743966
2016-06-28,0.37756923
2016-06-29,0.456422
2016-06-30,0.058233578
2016-07-01,0.080335416
2016-07-02,0.36295927
2016-07-03,0.28876987
2016-07-04,0.8109128
2016-07-05,0.046023354
2016-07-06,0.06384776
2016-07-07,0.12021973
2016-07-08,0.4080267
2016-07-09,2.1581302
2016-07-10,3.8051808
2016-07-11,5.047276
2016-07-12,2.9378488
2016-07-13,0.075305246
2016-07-14,0.05774052
2016-07-15,0.28122202
2016-07-16,0.13253394
2016-07-17,0.31055298
2016-07-18,0.21064441
2016-07-19,0.08459703
2016-07-20,0.028842663
2016-07-21,0.06583949
2016-07-22,0.12628745
2016-07-23,0.33280954
2016-07-24,0.5439771
2016-07-25,0.3724749
2016-07-26,1.1247455
2016-07-27,2.7957237
2016-07-28,0.6673172
2016-07-29,0.44662562
2016-07-30,0.36148
2016-07-31,0.71324176
2016-08-01,1.4450063
2016-08-02,0.7164007
2016-08-03,2.11772
2016-08-04,0.6054921
2016-08-05,0.5355142
2016-08-06,1.1005448
2016-08-07,1.040564
2016-08-08,0.73402643
2016-08-09,0.650101
2016-08-10,0.35269508
2016-08-11,0.113807805
2016-08-12,0.044536743
2016-08-13,0.20950295
2016-08-14,0.03148025
2016-08-15,0.032371897
2016-08-16,0.023332076
2016-08-17,0.039355986
2016-08-18,0.05450188
2016-08-19,1.2991503
2016-08-20,4.3435907
2016-08-21,0.73287314
2016-08-22,0.2676852
2016-08-23,0.2535031
2016-08-24,0.17256737
2016-08-25,0.018641494
2016-08-26,0.116092384
2016-08-27,0.48353174
2016-08-28,0.13600443
2016-08-29,0.07692509
2016-08-30,0.22325492
2016-08-31,0.5779681
2016-09-01,0.52588874
2016-09-02,0.12835138
2016-09-03,0.056182574
2016-09-04,0.037427146
2016-09-05,0.017786223
2016-09-06,0.014730648
2016-09-07,0.05143908
2016-09-08,0.055405866
2016-09-09,0.033902694
2016-09-10,0.018271772
2016-09-11,0.03545373
2016-09-12,0.004212354
2016-09-13,0.011399542
2016-09-14,0.08984304
2016-09-15,0.33506575
2016-09-16,0.53644425
2016-09-17,0.6850343
2016-09-18,0.46511018
2016-09-19,0.48925897
2016-09-20,0.09407484
2016-09-21,0.5466681
2016-09-22,0.6439089
2016-09-23,0.025632856
2016-09-24,0.022290347
2016-09-25,0.09533969
2016-09-26,0.048974376
2016-09-27,0.029463949
2016-09-28,0.02229849
2016-09-29,0.012581963
2016-09-30,0.1870101
2016-10-01,0.5536892
2016-10-02,0.43060872
2016-10-03,0.34233987
2016-10-04,0.22458959
2016-10-05,0.40411428
2016-10-06,0.18097955
2016-10-07,0.0857479
2016-10-08,0.2782491
2016-10-09,0.028107258
2016-10-10,0.024582947
2016-10-11,4.2915457e-05
2016-10-12,1.7881517e-06
2016-10-13,0.0
2016-10-14,0.02456438
2016-10-15,0.0013560032
2016-10-16,1.9868216e-05
2016-10-17,0.0
2016-10-18,0.0
2016-10-19,0.0
2016-10-20,0.0
2016-10-21,0.0
2016-10-22,0.0
2016-10-23,0.0
2016-10-24,0.0
2016-10-25,0.0
2016-10-26,0.00011796685
2016-10-27,0.0
2016-10-28,0.0
2016-10-29,0.0
2016-10-30,0.0
2016-10-31,0.0
2016-11-01,0.0
2016-11-02,0.0
2016-11-03,0.0
2016-11-04,0.0
2016-11-05,0.0
2016-11-06,0.0
2016-11-07,0.0
2016-11-08,0.0
2016-11-09,0.0
2016-11-10,0.0
2016-11-11,0.0
2016-11-12,0.0
2016-11-13,0.0
2016-11-14,0.0
2016-11-15,0.0
2016-11-16,0.0
2016-11-17,0.0
2016-11-18,0.0
2016-11-19,0.0
2016-11-20,0.0
2016-11-21,0.0
2016-11-22,0.0
2016-11-23,0.0
2016-11-24,0.0
2016-11-25,0.0
2016-11-26,0.0
2016-11-27,0.0
2016-11-28,0.0
2016-11-29,0.0
2016-11-30,0.0
2017-06-01,0.17673379
2017-06-02,0.067731224
2017-06-03,0.0025127432
2017-06-04,0.026831472
2017-06-05,0.024507299
2017-06-06,0.015841348
2017-06-07,0.11304143
2017-06-08,0.48483935
2017-06-09,0.48699895
2017-06-10,0.20447592
2017-06-11,0.08448347
2017-06-12,0.031653184
2017-06-13,0.20197357
2017-06-14,0.042144656
2017-06-15,0.07327398
2017-06-16,0.007301806
2017-06-17,0.00076055777
2017-06-18,0.00039046063
2017-06-19,0.00031227784
2017-06-20,0.001104326
2017-06-21,0.015301264
2017-06-22,0.18053637
2017-06-23,0.25484365
2017-06-24,0.58049434
2017-06-25,0.3694545
2017-06-26,0.38986674
2017-06-27,0.2104178
2017-06-28,0.11847087
2017-06-29,0.1581497
2017-06-30,0.079004504
2017-07-01,0.7689116
2017-07-02,0.24838276
2017-07-03,0.19442363
2017-07-04,0.11994016
2017-07-05,0.023562888
2017-07-06,0.028754765
2017-07-07,0.03161869
2017-07-08,0.0441528
2017-07-09,0.08358813
2017-07-10,0.03710155
2017-07-11,0.22343612
2017-07-12,0.3482448
2017-07-13,3.034315
2017-07-14,3.3794768
2017-07-15,0.3569462
2017-07-16,0.11563518
2017-07-17,0.2845613
2017-07-18,0.3686829
2017-07-19,0.8937014
2017-07-20,1.0669318
2017-07-21,1.0683665
2017-07-22,1.0293862
2017-07-23,0.38589966
2017-07-24,0.30503467
2017-07-25,0.3042133
2017-07-26,1.1937996
2017-07-27,0.4501703
2017-07-28,1.6878322
2017-07-29,0.1152047
2017-07-30,0.046319142
2017-07-31,0.059891354
2017-08-01,0.08678797
2017-08-02,0.06466682
2017-08-03,0.06698959
2017-08-04,0.026884677
2017-08-05,0.028643534
2017-08-06,0.052300576
2017-08-07,0.044646684
2017-08-08,0.7147894
2017-08-09,0.06344789
2017-08-10,0.049673516
2017-08-11,0.04274526
2017-08-12,0.07022361
2017-08-13,0.083377026
2017-08-14,0.04373912
2017-08-15,0.08948601
2017-08-16,0.035906713
2017-08-17,0.038028236
2017-08-18,0.059621964
2017-08-19,0.945563
2017-08-20,0.72976804
2017-08-21,0.3755974
2017-08-22,0.16556416
2017-08-23,0.0850166
2017-08-24,0.41281798
2017-08-25,0.60937595
2017-08-26,0.72818875
2017-08-27,0.98556024
2017-08-28,0.58143526
2017-08-29,0.4960781
2017-08-30,0.16671288
2017-08-31,0.06039835
2017-09-01,0.051354613
2017-09-02,0.05927242
2017-09-03,0.41287205
2017-09-04,0.087003924
2017-09-05,0.07698213
2017-09-06,0.014528353
2017-09-07,0.0035449353
2017-09-08,0.022402389
2017-09-09,0.272985
2017-09-10,0.24813043
2017-09-11,0.49292472
2017-09-12,0.36601004
2017-09-13,0.62949556
2017-09-14,0.28918922
2017-09-15,1.0379474
2017-09-16,0.7110229
2017-09-17,0.5350476
2017-09-18,0.6936514
2017-09-19,0.030981911
2017-09-20,0.33083865
2017-09-21,0.2718011
2017-09-22,0.124778025
2017-09-23,0.007288272
2017-09-24,0.00065441197
2017-09-25,0.0021368663
2017-09-26,0.0
2017-09-27,0.0005150339
2017-09-28,0.0018403865
2017-09-29,0.0057455613
2017-09-30,0.0
2017-10-01,0.0
2017-10-02,0.0
2017-10-03,0.0
2017-10-04,0.0
2017-10-05,0.0
2017-10-06,0.008004267
2017-10-07,0.03172523
2017-10-08,0.0134883085
2017-10-09,0.10522339
2017-10-10,0.38888618
2017-10-11,0.024407027
2017-10-12,0.003938767
2017-10-13,0.1260901
2017-10-14,7.981978e-05
2017-10-15,0.0
2017-10-16,0.0
2017-10-17,0.0
2017-10-18,0.0
2017-10-19,0.0
2017-10-20,0.00021924432
2017-10-21,0.0008433073
2017-10-22,0.0
2017-10-23,0.0
2017-10-24,0.0
2017-10-25,0.0
2017-10-26,0.0
2017-10-27,0.0
2017-10-28,0.0
2017-10-29,0.0
2017-10-30,0.0
2017-10-31,0.0
2017-11-01,0.0
2017-11-02,0.0
2017-11-03,0.0
2017-11-04,0.0
2017-11-05,0.0
2017-11-06,0.0
2017-11-07,0.0
2017-11-08,0.0
2017-11-09,0.0
2017-11-10,0.0
2017-11-11,0.0
2017-11-12,0.0
2017-11-13,0.0
2017-11-14,0.0
2017-11-15,0.0
2017-11-16,0.0
2017-11-17,0.00030725822
2017-11-18,0.0019612894
2017-11-19,0.0019456426
2017-11-20,0.0009296358
2017-11-21,0.0021094081
2017-11-22,3.5762848e-06
2017-11-23,0.0
2017-11-24,0.0
2017-11-25,0.0
2017-11-26,0.0
2017-11-27,0.0
2017-11-28,0.0
2017-11-29,0.0
2017-11-30,0.0
2018-06-01,0.009484486
2018-06-02,0.02650818
2018-06-03,0.052319765
2018-06-04,0.015153454
2018-06-05,0.03752293
2018-06-06,0.11502587
2018-06-07,0.0030437096
2018-06-08,0.0017598799
2018-06-09,0.009670923
2018-06-10,0.0156030245
2018-06-11,0.011988883
2018-06-12,0.0001950062
2018-06-13,0.0033367702
2018-06-14,0.0008468288
2018-06-15,0.010260984
2018-06-16,0.013561039
2018-06-17,0.051308688
2018-06-18,0.007400503
2018-06-19,0.119905554
2018-06-20,0.23123354
2018-06-21,0.36123955
2018-06-22,0.06429645
2018-06-23,0.27493528
2018-06-24,0.61987156
2018-06-25,1.1032287
2018-06-26,1.5005689
2018-06-27,0.30817607
2018-06-28,0.43835485
2018-06-29,0.13929433
2018-06-30,0.0066565
2018-07-01,0.0166088
2018-07-02,0.06584035
2018-07-03,0.3633679
2018-07-04,0.49275628
2018-07-05,0.32462505
2018-07-06,0.10502812
2018-07-07,0.76701945
2018-07-08,0.20504373
2018-07-09,0.38247976
2018-07-10,0.91821
2018-07-11,1.0205785
2018-07-12,0.93069077
2018-07-13,0.31798396
2018-07-14,0.6123181
2018-07-15,1.0945601
2018-07-16,0.32543233
2018-07-17,0.20876472
2018-07-18,0.19617285
2018-07-19,0.23264278
2018-07-20,0.4246467
2018-07-21,0.13750228
2018-07-22,0.3481239
2018-07-23,0.71219873
2018-07-24,0.20255071
2018-07-25,0.09704941
2018-07-26,0.05868523
2018-07-27,0.08804815
2018-07-28,0.041678537
2018-07-29,0.019174078
2018-07-30,0.052946646
2018-07-31,0.038741313
2018-08-01,0.03498058
2018-08-02,0.041608576
2018-08-03,0.06469538
2018-08-04,0.058987197
2018-08-05,0.043330748
2018-08-06,0.045681026
2018-08-07,0.15391107
2018-08-08,0.95833987
2018-08-09,0.3915038
2018-08-10,0.08761725
2018-08-11,0.13775869
2018-08-12,0.095354564
2018-08-13,0.09343499
2018-08-14,0.049209256
2018-08-15,0.22970672
2018-08-16,1.0333477
2018-08-17,0.6432791
2018-08-18,0.109780245
2018-08-19,0.14653368
2018-08-20,1.203296
2018-08-21,4.3764715
2018-08-22,1.4958081
2018-08-23,0.17991368
2018-08-24,0.05074239
2018-08-25,0.13856463
2018-08-26,0.1139218
2018-08-27,0.20042346
2018-08-28,0.50918126
2018-08-29,0.32626763
2018-08-30,0.045913562
2018-08-31,0.14439541
2018-09-01,0.053703547
2018-09-02,0.059140105
2018-09-03,0.07887491
2018-09-04,0.046159614
2018-09-05,0.035025556
2018-09-06,0.014424555
2018-09-07,0.22760332
2018-09-08,0.12950069
2018-09-09,0.020882273
2018-09-10,0.0037487082
2018-09-11,0.0069688824
2018-09-12,0.026438989
2018-09-13,0.062336326
2018-09-14,0.06602108
2018-09-15,0.027266746
2018-09-16,0.031613056
2018-09-17,0.022940239
2018-09-18,0.019517282
2018-09-19,0.021327235
2018-09-20,0.006414056
2018-09-21,0.5675729
2018-09-22,2.024522
2018-09-23,0.44402182
2018-09-24,0.00784149
2018-09-25,0.0372491
2018-09-26,0.00052099524
2018-09-27,4.172383e-06
2018-09-28,0.0
2018-09-29,0.0001800557
2018-09-30,0.0
2018-10-01,0.0
2018-10-02,0.00014275429
2018-10-03,0.002944557
2018-10-04,0.012443113
2018-10-05,0.0074062296
2018-10-06,0.00012790224
2018-10-07,0.0
2018-10-08,4.5349832e-05
2018-10-09,0.0
2018-10-10,0.0
2018-10-11,0.0
2018-10-12,0.0
2018-10-13,0.0
2018-10-14,0.0
2018-10-15,0.0
2018-10-16,0.0
2018-10-17,0.0
2018-10-18,4.8428774e-05
2018-10-19,5.662514e-06
2018-10-20,0.0012608803
2018-10-21,0.0005557122
2018-10-22,0.0
2018-10-23,0.0
2018-10-24,0.0
2018-10-25,0.0
2018-10-26,2.761711e-05
2018-10-27,1.9868216e-05
2018-10-28,0.0
2018-10-29,0.0
2018-10-30,0.0
2018-10-31,0.0
2018-11-01,0.0
2018-11-02,0.0
2018-11-03,0.0
2018-11-04,5.468716e-05
2018-11-05,6.3578414e-06
2018-11-06,0.0
2018-11-07,0.0
2018-11-08,0.0
2018-11-09,0.0
2018-11-10,0.0
2018-11-11,0.0
2018-11-12,0.0
2018-11-13,0.0
2018-11-14,0.0
2018-11-15,0.0
2018-11-16,0.0
2018-11-17,0.0
2018-11-18,0.0
2018-11-19,1.01328515e-05
2018-11-20,0.0014806311
2018-11-21,0.000111211375
2018-11-22,0.0
2018-11-23,0.0
2018-11-24,0.0
2018-11-25,0.0
2018-11-26,0.0
2018-11-27,0.0
2018-11-28,0.0
2018-11-29,0.0
2018-11-30,0.0
2019-06-01,0.0002495411
2019-06-02,0.04063779
2019-06-03,0.0003625946
2019-06-04,0.0015037647
2019-06-05,0.0025706568
2019-06-06,0.018207848
2019-06-07,0.059742447
2019-06-08,0.01405998
2019-06-09,0.00080143363
2019-06-10,0.0014670677
2019-06-11,0.0031714446
2019-06-12,0.026268022
2019-06-13,0.008965501
2019-06-14,0.027700514
2019-06-15,0.007039704
2019-06-16,0.00564645
2019-06-17,0.012486521
2019-06-18,0.063356794
2019-06-19,0.12911433
2019-06-20,0.049673576
2019-06-21,0.043539207
2019-06-22,0.3315059
2019-06-23,0.10435927
2019-06-24,0.58510834
2019-06-25,0.07959042
2019-06-26,0.32022545
2019-06-27,0.316106
2019-06-28,0.08550482
2019-06-29,0.3786619
2019-06-30,0.37490156
2019-07-01,0.32266977
2019-07-02,0.59650886
2019-07-03,1.2224137
2019-07-04,1.6384059
2019-07-05,0.745127
2019-07-06,1.4437648
2019-07-07,0.6259075
2019-07-08,0.26028466
2019-07-09,0.06447491
2019-07-10,0.03848062
2019-07-11,0.04103412
2019-07-12,0.041617583
2019-07-13,0.049917687
2019-07-14,0.034912575
2019-07-15,0.026152218
2019-07-16,0.021549242
2019-07-17,0.008687623
2019-07-18,0.03311831
2019-07-19,0.039374758
2019-07-20,0.83394456
2019-07-21,0.24831356
2019-07-22,0.06336341
2019-07-23,0.022797687
2019-07-24,0.10181415
2019-07-25,0.46360314
2019-07-26,0.9333639
2019-07-27,0.9026103
2019-07-28,0.86441493
2019-07-29,0.32825103
2019-07-30,0.7111075
2019-07-31,0.41563213
2019-08-01,0.42362365
2019-08-02,0.33140087
2019-08-03,2.0639422
2019-08-04,0.37664405
2019-08-05,0.9218354
2019-08-06,0.2972859
2019-08-07,1.8334426
2019-08-08,4.2578297
2019-08-09,2.2851243
2019-08-10,0.07007796
2019-08-11,0.06051651
2019-08-12,0.044764575
2019-08-13,0.3636175
2019-08-14,0.9435198
2019-08-15,0.80519384
2019-08-16,0.20010364
2019-08-17,0.054393828
2019-08-18,0.16453129
2019-08-19,0.25147277
2019-08-20,0.17719035
2019-08-21,0.11975684
2019-08-22,0.050352123
2019-08-23,0.14484055
2019-08-24,0.763572
2019-08-25,1.4236728
2019-08-26,2.3984282
2019-08-27,0.4405061
2019-08-28,0.32191676
2019-08-29,0.059630994
2019-08-30,0.48002148
2019-08-31,0.28646088
2019-09-01,0.57624704
2019-09-02,0.06848497
2019-09-03,0.2913352
2019-09-04,0.8990743
2019-09-05,0.5200265
2019-09-06,0.335519
2019-09-07,0.15467662
2019-09-08,0.6600401
2019-09-09,1.419073
2019-09-10,2.1989646
2019-09-11,0.32084617
2019-09-12,1.8471259
2019-09-13,3.213993
2019-09-14,2.4459748
2019-09-15,1.527259
2019-09-16,0.24041606
2019-09-17,0.13956419
2019-09-18,0.3491439
2019-09-19,0.581582
2019-09-20,0.5005085
2019-09-21,0.4006714
2019-09-22,0.52973616
2019-09-23,0.41846144
2019-09-24,0.32744762
2019-09-25,0.5338929
2019-09-26,0.37995204
2019-09-27,0.92153955
2019-09-28,0.24239731
2019-09-29,0.12716909
2019-09-30,0.18965475
2019-10-01,0.23845623
2019-10-02,0.044368964
2019-10-03,0.13744079
2019-10-04,0.06033026
2019-10-05,0.16661744
2019-10-06,0.18177944
2019-10-07,0.12022882
2019-10-08,0.023368703
2019-10-09,0.022820033
2019-10-10,0.020959644
2019-10-11,0.013157059
2019-10-12,0.0014871876
2019-10-13,1.4901161e-05
2019-10-14,0.0
2019-10-15,0.0
2019-10-16,0.0
2019-10-17,7.20227e-06
2019-10-18,0.008494472
2019-10-19,0.2303775
2019-10-20,0.008083681
2019-10-21,0.006761351
2019-10-22,0.18248379
2019-10-23,0.039200332
2019-10-24,0.04567705
2019-10-25,0.018960489
2019-10-26,0.36659828
2019-10-27,0.50792056
2019-10-28,0.43741694
2019-10-29,0.21957867
2019-10-30,0.09622406
2019-10-31,0.07946324
2019-11-01,0.010352785
2019-11-02,0.31505522
2019-11-03,0.11498687
2019-11-04,0.0073565617
2019-11-05,0.02353274
2019-11-06,0.0771954
2019-11-07,0.22168632
2019-11-08,0.05655356
2019-11-09,0.010811313
2019-11-10,0.0038973028
2019-11-11,0.00021790445
2019-11-12,0.0075785336
2019-11-13,0.0019387966
2019-11-14,0.0
2019-11-15,0.0
2019-11-16,8.940712e-07
2019-11-17,0.0
2019-11-18,0.0
2019-11-19,0.0
2019-11-20,0.0
2019-11-21,0.0
2019-11-22,0.0
2019-11-23,2.980253e-07
2019-11-24,0.0
2019-11-25,0.0
2019-11-26,0.0
2019-11-27,0.0008791688
2019-11-28,0.00012060051
2019-11-29,2.7716074e-05
2019-11-30,0.0007328955
2020-06-01,0.0032968402
2020-06-02,0.0069072605
2020-06-03,1.0663222
2020-06-04,0.24271671
2020-06-05,0.10205466
2020-06-06,0.25421157
2020-06-07,0.15826754
2020-06-08,0.054342423
2020-06-09,0.035548434
2020-06-10,0.13297488
2020-06-11,0.43890974
2020-06-12,0.234285
2020-06-13,0.08558148
2020-06-14,0.8194998
2020-06-15,0.39792502
2020-06-16,0.020773614
2020-06-17,0.061968952
2020-06-18,0.00068232144
2020-06-19,0.0016363402
2020-06-20,0.001782379
2020-06-21,0.017982816
2020-06-22,0.13939558
2020-06-23,0.37129745
2020-06-24,0.13461886
2020-06-25,0.07049549
2020-06-26,0.2637863
2020-06-27,0.08448091
2020-06-28,0.017982032
2020-06-29,0.11957923
2020-06-30,0.06023596
2020-07-01,0.08828354
2020-07-02,0.01568134
2020-07-03,0.44771257
2020-07-04,0.08858552
2020-07-05,0.81049067
2020-07-06,0.38537356
2020-07-07,0.1348261
2020-07-08,0.09177428
2020-07-09,0.06573395
2020-07-10,0.037486646
2020-07-11,0.06983815
2020-07-12,0.12433574
2020-07-13,0.045316737
2020-07-14,0.20410788
2020-07-15,0.9585762
2020-07-16,0.41595557
2020-07-17,0.099579245
2020-07-18,0.047769547
2020-07-19,0.044836953
2020-07-20,0.06882725
2020-07-21,0.049932808
2020-07-22,0.012849889
2020-07-23,0.13865025
2020-07-24,0.3533292
2020-07-25,0.40536344
2020-07-26,0.042327683
2020-07-27,0.04151736
2020-07-28,0.08843917
2020-07-29,0.31808618
2020-07-30,0.31202176
2020-07-31,0.12776472
2020-08-01,0.04033065
2020-08-02,0.041686323
2020-08-03,0.15985185
2020-08-04,0.076620825
2020-08-05,0.7468655
2020-08-06,0.13733228
2020-08-07,0.8974814
2020-08-08,0.28140923
2020-08-09,0.7102954
2020-08-10,0.06942097
2020-08-11,0.07993217
2020-08-12,1.8542767
2020-08-13,3.0023835
2020-08-14,0.15901227
2020-08-15,0.20851053
2020-08-16,0.18492444
2020-08-17,0.5088602
2020-08-18,0.70439225
2020-08-19,0.15323251
2020-08-20,0.6509617
2020-08-21,2.4014556
2020-08-22,6.4465275
2020-08-23,1.4567747
2020-08-24,0.13727476
2020-08-25,0.06393234
2020-08-26,0.0644333
2020-08-27,0.13633756
2020-08-28,0.3380121
2020-08-29,1.3034395
2020-08-30,0.4536544
2020-08-31,0.057241905
2020-09-01,0.027109839
2020-09-02,0.04175895
2020-09-03,0.05234036
2020-09-04,0.0076011703
2020-09-05,0.0035030202
2020-09-06,0.053700283
2020-09-07,0.0120438235
2020-09-08,0.034497898
2020-09-09,0.030272668
2020-09-10,0.20495205
2020-09-11,0.7068939
2020-09-12,0.10853365
2020-09-13,0.42888865
2020-09-14,0.16295762
2020-09-15,0.25078028
2020-09-16,0.13913903
2020-09-17,0.2116108
2020-09-18,0.33816674
2020-09-19,0.22354485
2020-09-20,0.19182302
2020-09-21,0.4392306
2020-09-22,1.0712843
2020-09-23,0.67697096
2020-09-24,0.021319889
2020-09-25,0.030372197
2020-09-26,0.17881268
2020-09-27,0.004292971
2020-09-28,0.011771407
2020-09-29,0.033545673
2020-09-30,0.023935065
2020-10-01,0.008804202
2020-10-02,2.483527e-06
2020-10-03,1.6242211e-05
2020-10-04,6.9141e-05
2020-10-05,0.0003732727
2020-10-06,0.0
2020-10-07,2.980253e-07
2020-10-08,0.0
2020-10-09,0.0
2020-10-10,9.00035e-05
2020-10-11,1.6490618e-05
2020-10-12,0.0010863995
2020-10-13,0.007817671
2020-10-14,0.0012488127
2020-10-15,0.027596405
2020-10-16,0.055928547
2020-10-17,0.05712886
2020-10-18,0.059336703
2020-10-19,0.12718302
2020-10-20,0.39714828
2020-10-21,0.052362736
2020-10-22,0.028098986
2020-10-23,0.0
2020-10-24,0.0
2020-10-25,0.0
2020-10-26,0.0
2020-10-27,0.0
2020-10-28,0.0
2020-10-29,0.0
2020-10-30,0.0
2020-10-31,0.0
2020-11-01,0.0
2020-11-02,0.0
2020-11-03,0.0
2020-11-04,0.0
2020-11-05,0.0
2020-11-06,0.0
2020-11-07,0.0
2020-11-08,0.0
2020-11-09,0.0
2020-11-10,0.0
2020-11-11,0.0
2020-11-12,0.0
2020-11-13,0.0001900383
2020-11-14,6.7054484e-06
2020-11-15,0.00062892743
2020-11-16,0.00011826588
2020-11-17,1.4106528e-05
2020-11-18,0.011743628
2020-11-19,0.0013698143
2020-11-20,1.2268666e-05
2020-11-21,0.0
2020-11-22,0.0
2020-11-23,0.0
2020-11-24,0.0
2020-11-25,9.437353e-06
2020-11-26,0.0032994084
2020-11-27,0.0
2020-11-28,0.0
2020-11-29,0.0
2020-11-30,0.0
2021-06-01,1.867617e-05
2021-06-02,0.0012933657
2021-06-03,0.014186767
2021-06-04,0.10605821
2021-06-05,0.16934241
2021-06-06,0.26568505
2021-06-07,0.2851577
2021-06-08,0.027221985
2021-06-09,0.022288881
2021-06-10,0.018505493
2021-06-11,0.010373154
2021-06-12,0.014563564
2021-06-13,0.012622877
2021-06-14,0.012243427
2021-06-15,0.014184684
2021-06-16,0.017865282
2021-06-17,0.09862363
2021-06-18,0.08581521
2021-06-19,0.11570778
2021-06-20,0.5125805
2021-06-21,0.20047016
2021-06-22,0.08873489
2021-06-23,0.3597386
2021-06-24,0.57092243
2021-06-25,0.21532905
2021-06-26,0.07435737
2021-06-27,0.43299627
2021-06-28,0.19988532
2021-06-29,0.007801708
2021-06-30,0.030040413
2021-07-01,0.020151762
2021-07-02,0.020584429
2021-07-03,0.0017261454
2021-07-04,0.008694132
2021-07-05,0.03181349
2021-07-06,0.0078651225
2021-07-07,0.008029936
2021-07-08,0.018915435
2021-07-09,0.11723731
2021-07-10,0.6899523
2021-07-11,0.5691835
2021-07-12,0.07321411
2021-07-13,0.32450485
2021-07-14,0.3429644
2021-07-15,0.067489386
2021-07-16,0.05013895
2021-07-17,0.040879
2021-07-18,0.08986888
2021-07-19,0.41310534
2021-07-20,0.27480856
2021-07-21,0.13091125
2021-07-22,0.1343508
2021-07-23,0.47812974
2021-07-24,1.0495642
2021-07-25,6.2659593
2021-07-26,0.6868544
2021-07-27,0.89487
2021-07-28,0.1977182
2021-07-29,0.28110743
2021-07-30,0.18700546
2021-07-31,0.08094199
2021-08-01,0.36328745
2021-08-02,0.35000995
2021-08-03,0.3820283
2021-08-04,0.1300953
2021-08-05,0.7616944
2021-08-06,0.6489976
2021-08-07,0.80513245
2021-08-08,0.33575857
2021-08-09,0.17348866
2021-08-10,0.04719091
2021-08-11,0.057543755
2021-08-12,0.048165396
2021-08-13,0.07255173
2021-08-14,0.06405658
2021-08-15,0.05101903
2021-08-16,0.02996055
2021-08-17,0.7335284
2021-08-18,0.59071964
2021-08-19,0.19205755
2021-08-20,0.13368303
2021-08-21,0.33904648
2021-08-22,0.1427169
2021-08-23,0.041382972
2021-08-24,0.030326815
2021-08-25,0.042331263
2021-08-26,0.03458908
2021-08-27,0.04340082
2021-08-28,0.03929245
2021-08-29,0.5502631
2021-08-30,0.58436924
2021-08-31,0.5009681
2021-09-01,0.36959675
2021-09-02,0.24731754
2021-09-03,0.062980264
2021-09-04,0.24096079
2021-09-05,0.36883613
2021-09-06,0.14091574
2021-09-07,0.47637364
2021-09-08,0.82208437
2021-09-09,0.40216962
2021-09-10,0.23126478
2021-09-11,0.22520207
2021-09-12,0.13812079
2021-09-13,0.26852977
2021-09-14,0.45189908
2021-09-15,0.28046262
2021-09-16,0.14480257
2021-09-17,0.17258207
2021-09-18,0.3615233
2021-09-19,0.10753592
2021-09-20,0.50704634
2021-09-21,0.85497206
2021-09-22,0.1592554
2021-09-23,0.22232497
2021-09-24,0.26395023
2021-09-25,0.6983035
2021-09-26,0.5052323
2021-09-27,0.45147583
2021-09-28,0.3922967
2021-09-29,0.052508265
2021-09-30,0.09667321
2021-10-01,0.25283805
2021-10-02,0.11295656
2021-10-03,0.19389868
2021-10-04,0.028543241
2021-10-05,0.057812903
2021-10-06,0.11423995
2021-10-07,0.020522563
2021-10-08,0.03507564
2021-10-09,0.019324886
2021-10-10,0.032936845
2021-10-11,0.02720745
2021-10-12,0.0058414624
2021-10-13,0.0002729882
2021-10-14,0.0
2021-10-15,0.0
2021-10-16,0.073162585
2021-10-17,1.1150564
2021-10-18,0.04402912
2021-10-19,0.0
2021-10-20,0.0
2021-10-21,0.0
2021-10-22,0.0
2021-10-23,0.0
2021-10-24,0.0
2021-10-25,0.0033302195
2021-10-26,0.010355781
2021-10-27,0.009320775
2021-10-28,0.0
2021-10-29,0.0
2021-10-30,0.0
2021-10-31,0.0
2021-11-01,0.0
2021-11-02,0.0
2021-11-03,0.0
2021-11-04,0.0
2021-11-05,0.0
2021-11-06,0.0
2021-11-07,0.0
2021-11-08,0.0
2021-11-09,0.0
2021-11-10,0.0
2021-11-11,0.0
2021-11-12,0.0
2021-11-13,0.0
2021-11-14,2.980253e-07
2021-11-15,0.0
2021-11-16,0.0
2021-11-17,0.0
2021-11-18,0.119383596
2021-11-19,0.018044751
2021-11-20,0.00067646214
2021-11-21,0.0010840084
2021-11-22,0.0040258514
2021-11-23,6.730386e-05
2021-11-24,2.980253e-07
2021-11-25,0.0
2021-11-26,0.0
2021-11-27,0.0
2021-11-28,0.0
2021-11-29,0.0
2021-11-30,0.005039639
2022-06-01,0.007492928
2022-06-02,0.0
2022-06-03,0.0
2022-06-04,0.0
2022-06-05,0.0
2022-06-06,3.988501e-05
2022-06-07,0.0
2022-06-08,0.005941587
2022-06-09,3.010007e-05
2022-06-10,1.9768946e-05
2022-06-11,0.249882
2022-06-12,0.31546095
2022-06-13,0.02863135
2022-06-14,0.010461473
2022-06-15,0.014184572
2022-06-16,0.018153084
2022-06-17,0.02126172
2022-06-18,0.021599345
2022-06-19,0.08532074
2022-06-20,0.13094507
2022-06-21,0.13305032
2022-06-22,0.18351905
2022-06-23,0.25585547
2022-06-24,0.27237636
2022-06-25,0.0009311267
2022-06-26,0.07334607
2022-06-27,0.05661157
2022-06-28,0.122679375
2022-06-29,0.09025388
2022-06-30,0.25971332
2022-07-01,0.5157917
2022-07-02,0.42850164
2022-07-03,0.25931707
2022-07-04,0.22948831
2022-07-05,1.4137684
2022-07-06,0.6476003
2022-07-07,0.5492056
2022-07-08,0.91288143
2022-07-09,0.35935402
2022-07-10,0.49645683
2022-07-11,0.89657193
2022-07-12,0.660001
2022-07-13,1.1617558
2022-07-14,1.1276882
2022-07-15,0.65555793
2022-07-16,0.08949704
2022-07-17,0.48863065
2022-07-18,5.5970135
2022-07-19,1.5194464
2022-07-20,0.04904662
2022-07-21,0.025435979
2022-07-22,0.15285788
2022-07-23,0.33246505
2022-07-24,0.23829447
2022-07-25,0.46803465
2022-07-26,0.25869057
2022-07-27,0.35055164
2022-07-28,0.11326888
2022-07-29,0.06610576
2022-07-30,0.07871785
2022-07-31,0.036581174
2022-08-01,0.046021983
2022-08-02,0.15279068
2022-08-03,0.34618023
2022-08-04,0.7737276
2022-08-05,0.42476973
2022-08-06,0.14448498
2022-08-07,0.25076047
2022-08-08,0.67584246
2022-08-09,1.124731
2022-08-10,2.084873
2022-08-11,0.16808154
2022-08-12,0.15907091
2022-08-13,0.11874124
2022-08-14,0.2317583
2022-08-15,1.2643152
2022-08-16,1.1258503
2022-08-17,0.095053345
2022-08-18,0.065210275
2022-08-19,0.074900575
2022-08-20,0.10839672
2022-08-21,0.2702827
2022-08-22,1.6444227
2022-08-23,0.26513955
2022-08-24,0.058893412
2022-08-25,0.017812422
2022-08-26,0.035385396
2022-08-27,0.0007935374
2022-08-28,0.018734267
2022-08-29,0.10120582
2022-08-30,0.3046929
2022-08-31,0.34043455
2022-09-01,0.48635116
2022-09-02,0.049693346
2022-09-03,0.044378147
2022-09-04,0.23194486
2022-09-05,0.07267636
2022-09-06,0.018436847
2022-09-07,0.26444405
2022-09-08,0.19255404
2022-09-09,0.16652347
2022-09-10,0.6104926
2022-09-11,0.49787232
2022-09-12,0.6494115
2022-09-13,0.82128936
2022-09-14,0.8975074
2022-09-15,0.5793274
2022-09-16,0.35870746
2022-09-17,0.051851958
2022-09-18,0.0049860794
2022-09-19,0.0077650077
2022-09-20,0.045422595
2022-09-21,0.0105956225
2022-09-22,0.14853755
2022-09-23,0.18310064
2022-09-24,0.0067408257
2022-09-25,0.005281531
2022-09-26,0.00615647
2022-09-27,0.012791223
2022-09-28,0.1570904
2022-09-29,0.022013469
2022-09-30,0.0126363775
2022-10-01,0.02714336
2022-10-02,0.010466301
2022-10-03,0.013287596
2022-10-04,0.001065638
2022-10-05,0.15730758
2022-10-06,0.6949296
2022-10-07,0.78020686
2022-10-08,0.12551898
2022-10-09,0.025545858
2022-10-10,0.29994678
2022-10-11,0.16262387
2022-10-12,0.0032245617
2022-10-13,5.5531622e-05
2022-10-14,0.0
2022-10-15,0.0
2022-10-16,0.0
2022-10-17,0.0020756715
2022-10-18,0.028014755
2022-10-19,0.0022233569
2022-10-20,1.1921012e-06
2022-10-21,0.0005554659
2022-10-22,0.0
2022-10-23,0.0
2022-10-24,0.0
2022-10-25,0.0
2022-10-26,0.0
2022-10-27,0.0
2022-10-28,0.0
2022-10-29,0.0
2022-10-30,0.0
2022-10-31,0.0
2022-11-01,0.0
2022-11-02,0.0
2022-11-03,0.0
2022-11-04,0.0
2022-11-05,0.0
2022-11-06,0.0
2022-11-07,0.0
2022-11-08,0.0
2022-11-09,0.0
2022-11-10,0.0
2022-11-11,0.0
2022-11-12,0.0
2022-11-13,0.0
2022-11-14,0.0
2022-11-15,0.0
2022-11-16,0.0
2022-11-17,0.0
2022-11-18,0.0
2022-11-19,0.0
2022-11-20,0.0
2022-11-21,0.0
2022-11-22,0.0
2022-11-23,0.0
2022-11-24,0.0
2022-11-25,0.0
2022-11-26,0.0
2022-11-27,0.0
2022-11-28,0.0
2022-11-29,0.0
2022-11-30,0.0
